date,rating,review,thumbs_up,app_version,developer_replied,reply_hours,themes
2026-09-18 23:56:00,5,I absolutely love the simplicity of the app. way better than other brokers out there. extremely easy to use and navigate.,0,18.17.3,True,0.13,positive
2026-09-18 23:17:00,2,"this app is sucks , it's gets crash , very slow , I lost every day by because of its slow server , it's a hectic , too much charges for sale and buy , today I faced a very bad glitch on Mobile app , I lost near 2 lakh in this app in 2 3 years , it's gets hang",0,,True,-0.03,"perf,charges"
2026-09-18 22:30:00,4,best app for trading 👌,0,18.17.3,True,0.2,positive
2026-09-18 22:26:00,5,good 👍,0,18.17.3,True,0.08,positive
2026-09-18 22:15:00,5,op,0,18.17.3,True,0.18,positive
2026-09-18 22:11:00,5,best app for share market learn,0,,True,0.07,positive
2026-09-18 22:10:00,5,gooy,0,18.15.1,True,0.08,positive
2026-09-18 22:07:00,5,nice 💰💰,0,,True,0.13,positive
2026-09-18 22:07:00,5,excellent,0,18.17.3,True,0.15,positive
2026-09-18 22:06:00,5,grow is not a name it's orginaly grow,0,18.16.1,True,0.17,positive
2026-09-18 22:04:00,5,Good,0,18.17.3,True,0.2,positive
2026-09-18 21:56:00,5,top,0,18.16.1,True,0.13,positive
2026-09-18 21:52:00,5,I have a suggestion that Mobile number change karne ke liye bina login ke bhi online koi option hona chahiye,0,,True,0.2,positive
2026-09-18 21:51:00,5,good 👍😊,0,18.17.3,True,0.03,positive
2026-09-18 21:49:00,5,kripya upcoming IPO ke review groww ke narater aleena rais and [NAME] se hi karwaye. resion-very helpful video and language thank you,0,18.17.3,True,0.07,positive
2026-09-18 21:34:00,4,good,1,18.16.1,True,0.13,positive
2026-09-18 21:23:00,5,excellent,0,18.17.3,True,0.05,positive
2026-09-18 21:05:00,5,होम पेज पर जो लोन का ऑप्शन है वहां यूपीआई का ऑप्शन दीजिए और इस ऐप में वैसे भी लोन नहीं मिलता है दूसरे अप का लिंक आता है,0,18.17.3,True,0.17,positive
2026-09-18 20:48:00,5,😻😻🩵💙,0,18.17.3,True,0.08,positive
2026-09-18 20:42:00,5,good,0,18.17.3,True,0.18,positive
2026-09-18 20:36:00,5,Nice way to earn more money,0,18.17.3,True,0.1,positive
2026-09-18 20:35:00,4,good,0,18.15.1,True,0.12,positive
2026-09-18 20:34:00,5,nok,0,,True,0.13,positive
2026-09-18 19:35:00,1,your operations in stocks right .If your not assist in time there is no way its useful or helpful. I have tried 3 time through call i have been in hold of 10 - 15 minutes after that also didn't get call back . Then i have started chat option i have sent a message in 4 pm got my reply in 6 pm . If you need screen shots i can provide Great service groww..,0,18.17.3,True,0.12,support
2026-09-18 19:26:00,5,good 👍,0,18.17.3,True,0.08,positive
2026-09-18 19:25:00,5,helping,0,18.17.3,True,0.1,positive
2026-09-18 19:11:00,5,nice,0,18.17.3,True,0.07,positive
2026-09-18 19:09:00,1,"This app should be banned."" Fraud is always honored in India Fake Trading Platform! This app uses fake charts and manipulated data to make you lose money. They demand extra ""taxes"" or ""fees"" when you ask for a withdrawal and then stop responding. Stay far away! 100% Fraud App! They steal your money under the guise of trading investments. Customer support is useless and only exists to trap more of your money. Save yourself and avoid downloading this Brokerage is also charged on top of that.",0,18.16.1,True,0.1,"support,charges"
2026-09-18 19:07:00,5,what an app 💀💀,0,,True,0.13,positive
2026-09-18 18:17:00,1,lodu app,1,,True,0.15,unthemed
2026-09-18 18:16:00,5,absolutely perfect,0,18.17.3,True,0.17,positive
2026-09-18 18:12:00,4,good,0,,True,0.05,positive
2026-09-18 18:04:00,5,supar,0,18.16.1,True,0.18,positive
2026-09-18 18:02:00,5,good app,0,,True,0.03,positive
2026-09-18 18:02:00,5,ok,0,18.17.3,True,0.03,positive
2026-09-18 17:56:00,5,good,0,18.15.1,True,0.13,positive
2026-09-18 17:50:00,1,mein ne ipo mein apply Kiya mere paise 2 bar cut hue mein ne ek bar apply Kiya tha and sabse badi problem mein ne cancel hone k bad Paisa aaya nai 3 din ho gye,0,18.17.3,True,0.05,features
2026-09-18 17:48:00,4,There Should be 1. Demat Number portability service and 2. SLBM option like Dhan app,0,18.16.1,True,0.08,positive
2026-09-18 17:36:00,1,Glitch full App,0,18.17.3,True,0.1,perf
2026-09-18 17:14:00,5,very easy and simple,0,18.17.3,True,0.2,positive
2026-09-18 17:11:00,5,ok,0,18.17.3,True,0.07,positive
2026-09-18 17:03:00,5,best,0,18.17.3,True,0.2,positive
2026-09-18 16:55:00,5,owsm,0,18.17.3,True,0.15,positive
2026-09-18 16:44:00,4,good,0,18.17.3,True,0.15,positive
2026-09-18 16:42:00,1,ok,0,18.17.3,True,0.18,unthemed
2026-09-18 16:37:00,1,Doesn't have enough support agent to solve any queries.,0,18.16.1,True,0.08,support
2026-09-18 16:34:00,5,one problem ddpi pin free of cost another broker and groww is charge for ddpi pin this is not valid,0,18.16.1,True,0.13,positive
2026-09-18 16:30:00,1,"withdrawal process not instant, app earn many charges but withdrawal process is pending, don't expect this app fast process",0,,True,0.02,"money,charges"
2026-09-18 16:29:00,5,goodapp,0,18.17.3,True,0.03,positive
2026-09-18 16:29:00,1,bahut bakwas company hai Guru pahle to fund deti Hai mtf mein share lene ke liye bad mein mines karti hai,0,18.17.3,True,0.03,unthemed
2026-09-18 16:20:00,5,okay,0,18.17.3,True,0.1,positive
2026-09-18 16:14:00,5,nice 🤩,0,18.15.0,True,0.2,positive
2026-09-18 16:11:00,4,best platform and service,0,18.16.1,True,0.07,positive
2026-09-18 15:55:00,1,Don't install it. It is useless because you save your money for growth and investment purposes as well as timely needs indeed but the problem is your money you can't use when you need then why we use groww app. If I can't withdraw the amount from my wallet then why do I choose It. It deserves zero star.,0,18.17.3,True,-0.02,money
2026-09-18 15:47:00,1,"Worst for trading or chart reading. Use this only for SIPs. It literally gave me an alert saying that the stock had reached my target, but when I checked the chart on my PC, the price was still 100 points below that target. Can you believe this? 🤬🤬👎🏻👎🏻👎🏻👎🏻👎🏻",0,18.17.3,True,0.1,features
2026-09-18 15:47:00,1,Agar ap khud ke pese nhi nikal skte wallet se to app ka kya faida. some time amount debited from account but now show in wallet.,0,,True,0.1,money
2026-09-18 15:47:00,1,"This is the worst app.Buying is one price, Buy is another. If you buy, the price falls, if you sell, the price rises. No one should download this app, which is full of fraud and deceit.",0,18.17.3,True,0.1,unthemed
2026-09-18 15:46:00,5,good 👍,0,18.17.3,True,0.13,positive
2026-09-18 15:31:00,4,5 star,0,18.17.3,True,0.18,positive
2026-09-18 15:22:00,1,5 4W2 se 3rdth 6+91 95993 18832,0,,True,0.07,unthemed
2026-09-18 15:16:00,1,provide an option to modify the ipo application.,0,18.17.3,True,0.17,features
2026-09-18 15:04:00,5,harmful,0,18.17.3,True,0.18,positive
2026-09-18 14:53:00,3,after the last update it is very very slow. please fix as soon as possible,0,,True,0.18,perf
2026-09-18 14:47:00,3,"I've been using this App for 3years and I do not have any complain on other things but from yesterday the App start working slow and I thought it was my device but even if I cleared up the space for it there was still hanging and I almost lost from my trading..apart from hanging I do not have any complain,it was beginner friendly and easy to enter and exit.",0,18.17.3,True,0.1,perf
2026-09-18 14:35:00,5,ok,0,18.17.3,True,0.12,positive
2026-09-18 14:26:00,5,very easily and bileiver,0,18.17.3,True,0.08,positive
2026-09-18 14:25:00,5,Best,0,18.17.3,True,0.1,positive
2026-09-18 14:21:00,1,customer service is terrible they will never receive the call and will never reply you back in chat. I faced this multiple times.,0,,True,0.08,support
2026-09-18 14:18:00,5,nice,0,18.17.3,True,0.13,positive
2026-09-18 14:14:00,3,DEMONIC BROKERAGE OF RS.110.45 DEDUCTED OUT OF RS.230 PROFIT IN GROWW BYST TRADE.. UNREASONABLE,5,18.17.3,True,0.2,charges
2026-09-18 14:11:00,5,good app for bignner,0,18.17.3,True,0.07,positive
2026-09-18 14:10:00,5,good 👍😊,0,18.17.3,True,0.08,positive
2026-09-18 14:09:00,4,good,0,18.17.3,True,0.1,positive
2026-09-18 14:06:00,5,good,0,18.17.3,True,0.17,positive
2026-09-18 13:53:00,1,"this app has the worst agent helpers, it says it will take only 5 mins to connect will agent BUT IT TAKES MORE THAN AN HOUR AND I HATE THIS, IT IS THE MOST USELESS APP 🥀",0,18.17.3,True,0.18,unthemed
2026-09-18 13:43:00,5,good,0,18.17.3,True,0.17,positive
2026-09-18 13:40:00,5,sexy,0,18.17.3,True,0.03,positive
2026-09-18 13:36:00,1,Don't have option to provide 0 rating. Such an waste. They provide MTF and didn't show about interest on that.Their platform is complex as I can't sell shares immediately. Going to uninstall and pick Angelone,0,18.17.3,True,0.1,unthemed
2026-09-18 13:32:00,5,good 👍,0,18.17.3,True,0.18,positive
2026-09-18 13:30:00,1,very bad app,0,18.17.3,True,0.22,unthemed
2026-09-18 13:26:00,5,very Easy,0,18.16.1,True,0.08,positive
2026-09-18 13:23:00,5,great 👍,0,18.17.3,True,0.05,positive
2026-09-18 13:15:00,5,good,0,18.17.3,True,0.18,positive
2026-09-18 13:13:00,5,very nice app,0,18.16.1,True,0.03,positive
2026-09-18 13:07:00,5,bahut nuksan mai hai.hamlog thora Paisa lagye hai.umid mai hai ki aaj nikal punji wapas hoga.,0,18.17.3,True,0.13,positive
2026-09-18 13:05:00,3,very much app for new lernner,0,18.16.1,True,0.17,unthemed
2026-09-18 13:01:00,5,Good app. on treading time instant withdraw. good app.,1,18.17.3,True,0.05,positive
2026-09-18 12:56:00,4,good,1,18.17.3,True,0.13,positive
2026-09-18 12:54:00,5,very convenient to use,1,18.17.3,True,0.18,positive
2026-09-18 12:51:00,1,"Extremely frustrated with Groww. First, my stop-loss order got triggered incorrectly at a higher price (₹148.18) when the actual market price was at ₹146.90, causing me a direct financial loss. Second, their customer support is practically non-existent—I have been trying to call them continuously for over 20 minutes and nobody is picking up the call. Highly unreliable platform for active trading. Pathetic service and zero accountability for technical glitches!",0,18.17.3,True,0.03,support
2026-09-18 12:51:00,5,good good,1,18.17.3,True,0.03,positive
2026-09-18 12:49:00,5,ನಮ್ಮಂತ ಸಣ್ಣ ವ್ಯಾಪಾರಿಗಳಿಗೆ ತುಂಬಾ ಅನುಕೂಲ ವಾಗಿದೆ,1,18.16.1,True,0.07,positive
2026-09-18 12:47:00,5,i like this,1,18.17.3,True,0.12,positive
2026-09-18 12:43:00,5,Transparent and easy to use,0,18.17.3,True,0.18,positive
2026-09-18 12:41:00,5,Best app,0,18.17.3,True,0.22,positive
2026-09-18 12:32:00,5,good 😊,0,18.16.1,True,0.17,positive
2026-09-18 12:31:00,5,ss app,0,18.17.3,True,0.18,positive
2026-09-18 12:24:00,1,most frustrated can't able to sell my position on mcx. Dedicated my 2.5 lac rupees from grow wallet.,0,18.17.3,True,-0.7,unthemed
2026-09-18 12:23:00,4,1. view 1 total holding Qty ... total investment/ Current value total profit/ loss % 2. view 2 total holding QTY today's profit/ loss % today's profit/loss (Amount) holding Interface page should view IIFL CAPITAL'S HOLDING INTERFACE IS 👌 PERFECT,1,18.17.3,True,0.05,positive
2026-09-18 12:19:00,5,GOOD APPLICATION,0,18.17.3,True,0.12,positive
2026-09-18 12:17:00,5,good service,0,18.17.3,True,0.15,positive
2026-09-18 12:07:00,5,nice,0,18.17.3,True,0.13,positive
2026-09-18 12:07:00,5,very very nice,0,18.17.3,True,0.13,positive
2026-09-18 12:05:00,5,v good,0,18.17.3,True,0.17,positive
2026-09-18 11:57:00,1,my money isnt settled from yesterday no email reply no call receive using it from 4 years better to quit,0,18.17.3,True,0.12,support
2026-09-18 11:49:00,5,Good,0,18.17.3,True,0.07,positive
2026-09-18 11:47:00,5,very good,0,18.17.3,True,0.1,positive
2026-09-18 11:44:00,4,best application and very helpful,0,18.17.3,True,0.15,positive
2026-09-18 11:43:00,1,"groww totally fraud app h....mene mcx option me 16 or 17 sep 2026 ko profit book kiya wo add nhi kiya or na report me show ho rha h.....or jo position active h wo bhi totally galat show kr rha h.... customer care par call lgta nhi h, customer ko pateshan krte h...me FIR krunga groww p..or saare account close krunga mere fmly ke",0,18.17.3,True,0.18,support
2026-09-18 11:38:00,1,good,0,18.17.3,True,0.07,unthemed
2026-09-18 11:31:00,5,ok,0,18.17.3,True,0.18,positive
2026-09-18 11:22:00,1,bahut gatiya costumer service h is app ki profit add tak nhi hota bekar h app😡🤬,0,18.16.1,True,0.07,unthemed
2026-09-18 11:20:00,1,"app glitch is frequent. if anything goes wrong within the app they say they are working with the team and exchange without confirmation of how long will it take to fix, while we lose our money and can do nothing about it. No timely support. 20 mins hold time to connect with an agent this is ridiculous.",0,18.17.3,True,0.1,"support,perf"
2026-09-18 11:14:00,5,awesome 👍,0,18.17.3,True,0.2,positive
2026-09-18 11:06:00,5,good,0,18.17.3,True,0.15,positive
2026-09-18 11:00:00,5,good,0,18.17.3,True,0.07,positive
2026-09-18 10:56:00,5,good service work,0,18.17.3,True,0.13,positive
2026-09-18 10:55:00,1,GFD error coming in commodity because this face losses customer care is not supporting worst experience.,3,18.17.3,True,-447.65,"support,perf"
2026-09-18 10:53:00,5,excellent,0,18.17.3,True,0.2,positive
2026-09-18 10:52:00,1,bunch of idiots sitting in customer support..18/9/2026..10:20am 270 natural gas mini f&o mcx system didn't show of my open position that's why.. I got 200 ₹ loss in my position..😡 plz provide notification Mark specific section when updated even every month update in Groww app 3rd class policy.,1,18.17.3,True,-14656.12,"support,perf"
2026-09-18 10:50:00,1,automatic order execute loss today very bad,0,18.17.3,True,-636.58,unthemed
2026-09-18 10:49:00,1,morning se natural gas ke liye sell ke liye apply kiya tha 7000 profit tha to ... lekin ye third class application wala sell hi nahi hone diya ..call request bhi kiya nahi uthate busy ...support me chat karo to wait 20 minute ..lekin no response ... Kitna heavy charge leta hai service charge ke naam per aur brokerage ke naam per daily ka 4000 fir bhi itna poor service de raha hai isliye galti se bhi download mat karo aur use mat karo Varna aapka Paisa lutega yah company wala,0,18.17.3,True,0.07,"support,charges"
2026-09-18 10:47:00,5,Good,0,18.16.1,True,0.1,positive
2026-09-18 10:46:00,1,bakwas app hai inka charge bahut jyada hai koi fresher hai starting me kam share hi kharidega kharine pr 10 aur bechne pr 30,0,18.17.3,True,0.12,charges
2026-09-18 10:44:00,5,good,0,18.17.3,True,0.17,positive
2026-09-18 10:31:00,5,vari good nice 👍,0,18.16.1,True,0.18,positive
2026-09-18 10:31:00,5,good experience,0,18.17.3,True,0.18,positive
2026-09-18 10:30:00,1,the ui is getting clumsy witb each feature and business update.,0,18.16.1,True,0.22,perf
2026-09-18 10:30:00,5,exilent,0,18.17.3,True,0.22,positive
2026-09-18 10:28:00,5,okk,0,18.17.3,True,0.05,positive
2026-09-18 10:22:00,1,this app is not for beginners and a small investor because they charge brokrage more than other broker,0,18.17.3,True,0.07,charges
2026-09-18 10:16:00,5,good👍,0,18.17.3,True,0.17,positive
2026-09-18 10:14:00,4,good,0,18.17.3,True,0.2,positive
2026-09-18 10:11:00,5,good 👍,0,18.17.3,True,0.07,positive
2026-09-18 10:10:00,5,easy software,0,18.17.3,True,0.08,positive
2026-09-18 10:09:00,5,A brokrage pack should hav been introduced,0,18.17.3,True,0.1,positive
2026-09-18 10:03:00,1,sabse bekar customer care service trying to connect for more than half an hour and still waiting to connect to them on calling chatting no one replied,0,18.17.3,True,0.22,support
2026-09-18 09:55:00,1,"I am unable to see my FnO position, it has also not been squared off..",0,17.95.2,True,0.15,unthemed
2026-09-18 09:53:00,5,when you guys will make it better for ipad users?,0,,True,0.18,positive
2026-09-18 09:53:00,2,bekar h maine kal trending ki uske bad aaj mera Paisa block kar diya ye galat h ab hame koi trend lena h aaj to ham wait kare amount aane ka mera amount upas kro,0,18.17.3,True,0.18,"support,money"
2026-09-18 09:50:00,4,ALL my position s have gone who is responsible for money,0,18.17.3,True,0.05,positive
2026-09-18 09:43:00,1,bhot hi ghatiya app hai.jab work karna chahiye tab nhi hota hai.aur kabhi2 postion bhi show ni hoti hai.no active position show hota hai.aur selling krne me sell nhi hota h apne according krte h ye app sell.not working properly??,0,,True,0.17,unthemed
2026-09-18 09:40:00,1,very disappointed with the customer care service. my f&o positions suddenly showing 13 lakhs negative and even stopped showing current positions. unable contact customer support over call or chat. very worst service. don't trust any more,0,18.17.3,True,0.03,"support,features"
2026-09-18 09:39:00,5,super,0,18.6.1,True,0.05,positive
2026-09-18 09:38:00,5,great business app,0,17.95.2,True,0.07,positive
2026-09-18 09:34:00,1,app not showing my fno positions of commodities section,0,18.17.3,True,0.15,unthemed
2026-09-18 09:32:00,5,good,0,18.17.3,True,0.18,positive
2026-09-18 09:27:00,5,achcha hai but Jo Banda trade Kare tabhi asal aur target donon sath mein honi chahie aur apne aap Banda set kar le,0,18.17.3,True,0.07,positive
2026-09-18 09:27:00,5,I am grow with groww,0,18.17.3,True,0.07,positive
2026-09-18 09:23:00,4,good,0,18.16.1,True,0.05,positive
2026-09-18 09:21:00,5,good app,0,18.17.3,True,0.08,positive
2026-09-18 09:17:00,5,nice,0,18.15.1,True,0.15,positive
2026-09-18 09:16:00,1,never download this application this application is fraud with customer & customer service not response. yesterday I have total amount 49600 I will total loss & charges 12650 now I have -757 why he will not answer or question. I request all Never download this application,3,18.17.3,True,0.18,charges
2026-09-18 09:14:00,5,good,0,18.15.1,True,0.22,positive
2026-09-18 09:11:00,1,this aap not a update realtime price and slow update & process 01 month try coustomer carire continue but 01 hours called but nothing attend call this aap is very poor,6,18.17.3,True,0.07,"support,perf"
2026-09-18 09:10:00,2,high brokerage,0,18.17.3,True,0.08,charges
2026-09-18 09:06:00,3,[NAME]... Naim,0,18.14.1,True,0.15,unthemed
2026-09-18 08:50:00,5,Very Good🥰,0,18.17.3,True,0.05,positive
2026-09-18 08:47:00,1,"poor services, order placing gets stuck. many times loss booked due to platform inconvenience. even customer support works poorly. & now also they will write back like to send feedback on email. then what. nothing",0,18.17.3,True,0.1,"support,perf"
2026-09-18 08:45:00,5,Copy Trading features lekar aao,0,,True,0.13,positive
2026-09-18 08:24:00,5,good,0,18.16.1,True,0.03,positive
2026-09-18 08:07:00,4,Faster and easy handles,0,18.10.1,True,0.13,positive
2026-09-18 08:05:00,5,very nice 👍,0,18.17.3,True,0.17,positive
2026-09-18 08:03:00,5,good,0,,True,0.2,positive
2026-09-18 07:30:00,5,good,1,18.17.3,True,0.2,positive
2026-09-18 07:25:00,5,super,0,18.16.1,True,0.1,positive
2026-09-18 07:03:00,3,tarst,0,18.16.1,True,0.2,unthemed
2026-09-18 07:02:00,5,grow must grow,0,18.17.3,True,0.03,positive
2026-09-18 06:44:00,5,I have a suggestion. If someone trades with a single lot or a fix low capital like 10 to 20k in F&O. The brokerage charge should be 10 Rupees. Bcoz there are so many charges other than the brokerage. How much will someone earn in single lot. If you reduce the brokerage for low capital trade. It will help a lot.,0,,True,0.15,positive
2026-09-18 06:27:00,5,very good............,0,18.16.1,True,0.07,positive
2026-09-18 05:25:00,5,"if you know how to handle wealth, you got it.",0,18.16.1,True,0.1,positive
2026-09-18 04:46:00,1,1D returns showing absurdly wrong values. There is a glitch in the latest app....,1,18.17.3,True,0.12,perf
2026-09-18 04:11:00,5,Maavaishali,0,,True,0.07,positive
2026-09-18 02:56:00,5,"Smoothest onboarding, it's a financial app with better login and onboarding than notes apps out there",0,18.17.3,True,0.13,positive
2026-09-18 02:23:00,4,good service,0,18.17.3,True,0.05,positive
2026-09-18 01:03:00,5,good using,0,18.17.3,True,0.2,positive
2026-09-18 00:07:00,5,🙊,0,18.17.3,True,0.13,positive
2026-09-18 00:07:00,5,nice,0,18.17.3,True,0.13,positive
2026-09-17 23:53:00,5,Very easy interface,0,18.17.3,True,0.18,positive
2026-09-17 23:43:00,1,"service not good, charges high...interface laging..",0,18.17.3,True,0.17,charges
2026-09-17 23:25:00,1,too much service charges.......so many hidden charges....customer service wrost...they will respond after after death or mkt hours close....,0,18.17.3,True,0.1,charges
2026-09-17 23:23:00,5,good,0,18.10.1,True,0.05,positive
2026-09-17 23:16:00,5,good,0,18.17.3,True,0.17,positive
2026-09-17 22:54:00,1,"Worst experience I ever had on any demat platform. I brought unlisted shares and Grow support took one month just to reflect in my demat amount, despite providing them the exact data and after that new issue now I am unable to sell those shares and customer support is pathetic, always delay in response.",0,18.17.3,True,0.17,support
2026-09-17 22:50:00,5,nice,0,18.17.3,True,0.05,positive
2026-09-17 22:41:00,5,nice,0,18.15.1,True,0.2,positive
2026-09-17 22:38:00,5,fine,0,18.17.3,True,0.07,positive
2026-09-17 22:20:00,5,nice groww apps,0,18.17.3,True,0.1,positive
2026-09-17 22:13:00,5,awesome,0,18.16.1,True,0.03,positive
2026-09-17 22:12:00,4,ok,1,18.17.3,True,0.05,positive
2026-09-17 22:09:00,5,superb and faster,0,18.17.3,True,0.1,positive
2026-09-17 21:50:00,5,good 👍,0,18.17.3,True,0.05,positive
2026-09-17 21:45:00,5,Good,0,18.12.1,True,0.13,positive
2026-09-17 21:42:00,3,groww app is best for investment,0,18.17.3,True,0.18,unthemed
2026-09-17 21:32:00,5,good app,0,18.17.3,True,0.17,positive
2026-09-17 21:01:00,1,brokrej charge thoda kam kar lo bhi taki profit ho,0,,True,0.05,charges
2026-09-17 20:54:00,5,"Great app! Fast, smart, and very helpful. I really enjoy using groww",0,18.17.3,True,0.17,positive
2026-09-17 20:53:00,5,best app trending,0,18.17.3,True,0.18,positive
2026-09-17 20:47:00,5,Awesome 👍,0,18.17.3,True,0.1,positive
2026-09-17 20:45:00,1,"I don't have words to describe how pathetic customer care service offers by Groww. When you call them first AI bot will talk to you then it connects to some person, the real game starts here to pick a call you have to wait More than 20 minutes...I don't know how they justify this. Very very Disappointed with it.",0,18.16.1,True,0.13,support
2026-09-17 20:31:00,5,Very nice,0,18.17.3,True,0.18,positive
2026-09-17 20:30:00,5,Grow is perfect plotfarm for trading. very user friendly.,0,18.17.3,True,0.2,positive
2026-09-17 20:21:00,1,Indroduce drag sl and target while trading,1,18.17.3,True,0.08,unthemed
2026-09-17 20:11:00,5,५years,0,18.16.1,True,0.07,positive
2026-09-17 20:09:00,5,very good,0,18.17.3,True,0.1,positive
2026-09-17 20:02:00,5,good,0,18.17.3,True,0.03,positive
2026-09-17 20:01:00,1,Risky App!! Pathetic Misguiding Cusomer Support Team. Dont map your precious money with such Apps!!,0,,True,0.05,support
2026-09-17 19:59:00,1,groww is the best,0,18.16.1,True,0.08,unthemed
2026-09-17 19:56:00,1,"Frustrated..No customer support.. Shifting to another platform. Account opening form filled for my minor daughter on 5th September but no response from the GROWW team, followed the process. When tried to contact through given contact waiting was 5 min even after 5 min call disconnected. Tried with chat channel also but no response.. complaint raised thrice through email still no response.. no communication about the status of new account opening.. frustrated",0,18.17.3,True,0.15,support
2026-09-17 19:52:00,2,very bad experience you never profit im groww app. last year losse 58000rs and brokrage and other charge 78000rs now think. They cheat public,0,18.17.3,True,0.22,charges
2026-09-17 19:24:00,1,"latest figures of P&L not showing in report previously it used to show but after 7th September no updation, how can we do trading without knowing the exact amount",0,18.17.3,True,0.03,unthemed
2026-09-17 19:21:00,5,good,0,18.16.1,True,0.08,positive
2026-09-17 19:19:00,5,very good app,0,18.10.1,True,0.12,positive
2026-09-17 19:09:00,5,nice aap,0,18.17.3,True,0.1,positive
2026-09-17 18:50:00,5,very good 👍,0,18.16.1,True,0.05,positive
2026-09-17 18:49:00,5,[NAME] thank you sir,0,18.17.3,True,0.07,positive
2026-09-17 18:36:00,5,Very good for all people but cannot be used family money you earn and trade for own his money,0,18.17.3,True,0.1,positive
2026-09-17 18:30:00,1,now app has lag issue app took 3 to 4 second to do any work on it most irritating app is ever use for trading,0,,True,0.2,perf
2026-09-17 17:53:00,4,okay,0,18.16.1,True,0.18,positive
2026-09-17 17:50:00,5,nice,0,18.17.3,True,0.05,positive
2026-09-17 17:35:00,5,thank you,0,18.17.3,True,0.12,positive
2026-09-17 17:26:00,5,super,0,18.16.1,True,0.08,positive
2026-09-17 17:26:00,5,good tranding app,0,18.16.1,True,0.08,positive
2026-09-17 17:25:00,5,awesome 👍👍👍,0,18.17.3,True,0.1,positive
2026-09-17 17:20:00,5,good,0,18.17.3,True,0.1,positive
2026-09-17 17:18:00,5,very much,0,18.15.1,True,0.13,positive
2026-09-17 16:57:00,5,very good,0,18.16.1,True,0.12,positive
2026-09-17 16:53:00,5,nice earning platform,0,18.17.3,True,0.18,positive
2026-09-17 16:51:00,1,bht jada bekar haii bhai kon kon sy charg cut kr leteh hii y log ek bhi ₹ ka investment mt kro delet kro duneya bhr k charges haii wo bhi apko bina btaye cut kiye jate h warning bhi ni na hi show hota h sirf cut hote h fraud krte h,0,18.17.3,True,0.03,charges
2026-09-17 16:49:00,5,ok,0,18.16.1,True,0.07,positive
2026-09-17 16:42:00,5,its my pleasure to inform that easy to understand and handle the GROWW app for new customers.,0,18.17.3,True,0.18,positive
2026-09-17 16:42:00,1,worst,0,18.16.1,True,0.2,unthemed
2026-09-17 16:26:00,5,great,0,18.17.3,True,0.08,positive
2026-09-17 16:22:00,5,[NAME] mast aap h,0,18.17.3,True,0.07,positive
2026-09-17 16:11:00,1,Bahut hidden charges lagate hai... alag alag reason se charges cut karte hai... customer support achcha nahi hai bahut late response karta hai...,0,18.17.3,False,,"support,charges"
2026-09-17 15:44:00,5,ok,0,18.16.1,True,0.15,positive
2026-09-17 15:42:00,5,Right now grow is best app for treding,0,18.17.3,True,0.18,positive
2026-09-17 15:38:00,5,good,0,18.17.3,True,0.07,positive
2026-09-17 15:35:00,5,it's easy to understand,0,18.17.3,True,0.12,positive
2026-09-17 15:32:00,5,good 👍,0,18.16.1,True,0.17,positive
2026-09-17 15:32:00,1,Fraud wasted app GROWW brokerage looters. No new features. Best app is SAHI app low brokerage order execution is easy SL TP is on screen,0,18.17.3,True,-0.02,charges
2026-09-17 15:23:00,5,happy 😃,0,18.16.1,True,0.05,positive
2026-09-17 15:11:00,5,Good,0,18.17.3,True,0.07,positive
2026-09-17 15:10:00,5,Very Wonderful Experience,0,18.16.1,True,0.08,positive
2026-09-17 14:59:00,4,good,0,18.16.1,True,0.08,positive
2026-09-17 14:53:00,5,good,0,18.17.3,True,0.18,positive
2026-09-17 14:48:00,1,"groww app F and O always struck, glitches,slow moments very bad, very worst app always lag",0,18.16.1,True,-119.1,perf
2026-09-17 14:36:00,5,very good apps,0,18.17.3,True,0.1,positive
2026-09-17 14:30:00,5,mast,0,18.17.3,True,0.2,positive
2026-09-17 14:30:00,5,FIVE STAR ⭐✨⭐⭐⭐⭐,0,18.17.3,True,0.2,positive
2026-09-17 14:28:00,5,to be improved,0,18.17.3,True,0.05,positive
2026-09-17 14:24:00,5,good 👍,0,18.17.3,True,0.03,positive
2026-09-17 14:23:00,5,nice,0,,True,0.05,positive
2026-09-17 14:21:00,5,best app so far .,0,18.17.3,True,0.08,positive
2026-09-17 14:08:00,5,money,0,18.17.3,True,0.12,positive
2026-09-17 13:57:00,5,user-friendly,0,18.17.3,True,0.12,positive
2026-09-17 13:42:00,5,good,0,18.16.1,True,0.18,positive
2026-09-17 13:41:00,5,good,0,18.17.3,True,0.2,positive
2026-09-17 13:39:00,2,How many times Should I update the app whenever I open it asking for an update even though it is already updated is it an app or something. I'm totally disappointed with this application.,0,18.17.3,True,0.05,perf
2026-09-17 13:37:00,1,I got losses because stop loss & trilling not working properly it's happened many more time I completed but still no solution the employees only for taking brokerage charges not for costomer services only take brokerage charges & costomer go to hell the sebi must take action against groww they are not able for single star also,0,,True,0.08,"features,charges"
2026-09-17 13:31:00,5,Amazing and it will be amazing for if you use it wisely,0,18.17.3,True,0.2,positive
2026-09-17 13:28:00,5,good app,0,18.17.3,True,0.05,positive
2026-09-17 13:17:00,5,nice,0,18.17.3,True,0.15,positive
2026-09-17 13:09:00,5,thank you,0,18.16.1,True,0.1,positive
2026-09-17 13:06:00,5,good for stock,0,18.17.3,True,0.15,positive
2026-09-17 13:05:00,5,supervisor,0,18.17.3,True,0.17,positive
2026-09-17 13:03:00,1,"they rollout update 3 times in a week , what the hell, why they do so much keep updated ???. what nonsense 😒",0,18.17.3,True,0.22,perf
2026-09-17 12:57:00,5,mind blowing for trade,1,18.17.3,True,0.12,positive
2026-09-17 12:56:00,5,very good,0,18.16.1,True,0.13,positive
2026-09-17 12:54:00,1,very bed aap dot use,0,18.17.3,True,0.18,unthemed
2026-09-17 12:43:00,5,groww best aap he,0,18.17.3,True,0.17,positive
2026-09-17 12:43:00,5,good,0,18.17.3,True,0.17,positive
2026-09-17 12:39:00,5,best,1,18.16.1,True,0.05,positive
2026-09-17 12:34:00,1,"I have been using Groww for around 5 years, and based on my overall experience, I believe the app is quite good for investing in shares and market analysis. However, I am giving 1 star because of my recent experience with customer support. Despite being a long-time user, I was disappointed with the way my issue was handled and the support I received. For F&O trading, I also feel Groww is not very suitable due to higher brokerage charges and issues related to auto square-off/auto-sequencing. So,",0,,True,0.13,"support,charges"
2026-09-17 12:32:00,5,good,0,18.16.1,True,0.18,positive
2026-09-17 12:30:00,5,very good,0,18.17.3,True,0.22,positive
2026-09-17 12:30:00,5,ok,0,18.16.1,True,0.22,positive
2026-09-17 12:18:00,5,Good,1,18.17.3,True,0.13,positive
2026-09-17 12:15:00,5,good,0,18.17.3,True,0.18,positive
2026-09-17 12:13:00,5,ok,0,18.17.3,True,0.03,positive
2026-09-17 12:11:00,5,user friendly,0,18.16.1,True,0.07,positive
2026-09-17 12:11:00,2,this is not good service & not clear it's to charge service's,0,,True,0.07,charges
2026-09-17 12:09:00,5,Good,0,18.16.1,True,0.12,positive
2026-09-17 12:05:00,5,excellent,0,18.17.3,True,0.18,positive
2026-09-17 11:57:00,4,please add Pinescript option for customised Indicator so that we don't depend on other platforms for chart reading groww app is very good app need some improvement in pinescript code for customised indicator hope it will be resolved soon thanks,0,,True,0.12,positive
2026-09-17 11:57:00,5,best trader appp,0,18.16.1,True,0.12,positive
2026-09-17 11:57:00,5,good,0,18.16.1,True,0.12,positive
2026-09-17 11:51:00,5,very quick,0,18.16.1,True,0.23,positive
2026-09-17 11:47:00,5,super,0,18.16.1,True,0.1,positive
2026-09-17 11:40:00,1,worst customer support,0,18.16.1,True,0.03,support
2026-09-17 11:39:00,5,paroking mera bahut liya gya ik liye gya is liya hame bahut kast hai is liya sara paisa widra kiye hum,0,18.17.3,True,0.05,positive
2026-09-17 11:35:00,1,I m not trying to download the app,0,16.29,True,0.12,unthemed
2026-09-17 11:30:00,3,ग्रो अप में स्केल मोड पर लिमिट प्राइस ऑर्डर डालने का ऑप्शन दे बाकी ठीक है तब मैं आपको फाइव स्टार रिव्यू दूंगा,0,18.17.3,True,0.02,unthemed
2026-09-17 11:29:00,5,good,0,18.17.3,True,0.03,positive
2026-09-17 11:25:00,5,multiple options are available to all and it is easy to use.,0,18.16.1,True,0.1,positive
2026-09-17 11:23:00,1,kuch dino se bahut bekar chal rahi hai application market ik jagah ruki dikhata hai kai bar,0,18.17.3,True,0.05,unthemed
2026-09-17 11:16:00,5,nice 👍,0,18.17.3,True,0.17,positive
2026-09-17 11:15:00,4,goood,0,18.16.1,True,0.18,positive
2026-09-17 11:14:00,5,nice,0,18.16.1,True,0.22,positive
2026-09-17 11:12:00,1,The worst app always demands documentation,0,18.7.0,True,0.05,unthemed
2026-09-17 11:09:00,5,thank,0,18.16.1,True,0.1,positive
2026-09-17 11:06:00,5,very good,0,18.17.3,True,0.15,positive
2026-09-17 11:00:00,4,good but need to improve in coustom care services,0,18.16.1,True,-0.12,positive
2026-09-17 10:59:00,4,best groww app good app 🤍👍🏻,0,18.17.3,True,0.08,positive
2026-09-17 10:58:00,2,"Absolutely useless update loop😠 I am extremely frustrated with this app. Every single time you push an update, all of my technical indicators and chart setups (RSI, MACD, Moving Averages) are completely wiped out! It is infuriating to have to manually re-configure and re-apply my entire technical analysis layout every couple of weeks just because of a basic app update.",0,18.17.3,True,0.1,"features,perf"
2026-09-17 10:50:00,5,excellent performance,0,18.17.3,True,0.05,positive
2026-09-17 10:43:00,5,nice.,1,18.17.3,True,0.17,positive
2026-09-17 10:36:00,5,easy operation,0,18.17.3,True,0.1,positive
2026-09-17 10:36:00,5,that's great 👍 aap,0,18.11.1,True,0.1,positive
2026-09-17 10:28:00,5,App is excellent. I have a suggestion. Please give a 'Select all' option in set alert so that deletion of alerts will be easy,0,,True,-13.58,positive
2026-09-17 10:25:00,5,good,0,18.17.3,True,0.1,positive
2026-09-17 10:24:00,1,fraud app. stop loss doesn't work in mtf,0,18.17.3,True,0.03,features
2026-09-17 10:19:00,5,good,0,18.16.1,True,0.12,positive
2026-09-17 10:18:00,4,very good service for groww,0,18.16.1,True,0.13,positive
2026-09-17 10:18:00,5,good,0,18.9.0,True,0.15,positive
2026-09-17 10:16:00,5,super,0,18.17.3,True,0.18,positive
2026-09-17 10:14:00,5,very good feature,0,18.16.1,True,0.22,positive
2026-09-17 10:13:00,1,"It has stolen my money. If you use Groww you will have no profit, only huge loss.",0,18.17.3,True,0.03,unthemed
2026-09-17 10:12:00,5,good,0,18.17.3,True,0.05,positive
2026-09-17 10:12:00,5,बहुत अच्छा,0,18.17.3,True,0.05,positive
2026-09-17 10:08:00,5,very useful market app,0,18.6.1,True,0.13,positive
2026-09-17 10:07:00,5,good working,0,18.16.1,True,0.15,positive
2026-09-17 10:01:00,1,broker charge bohat hai,0,18.17.3,True,0.05,charges
2026-09-17 10:00:00,5,good 👍,0,18.13.2,True,0.07,positive
2026-09-17 09:57:00,5,"Groww is a simple, user-friendly and convenient investment app. It is easy to use for mutual funds, stocks and tracking investments. The interface is clean and helpful, especially for beginners. Overall, a good experience with Groww. 👍⭐",0,18.16.1,True,0.12,positive
2026-09-17 09:57:00,5,सुपर,0,18.17.3,True,0.13,positive
2026-09-17 09:56:00,5,Faster,0,18.17.3,True,0.15,positive
2026-09-17 09:52:00,5,best,0,18.17.3,True,0.22,positive
2026-09-17 09:49:00,5,very good app,0,18.15.1,True,0.07,positive
2026-09-17 09:46:00,5,very good,0,18.16.1,True,0.12,positive
2026-09-17 09:40:00,5,"superb 😑,crore times better then ange one , tq growww",0,18.17.3,True,0.03,positive
2026-09-17 09:35:00,5,nice app,0,18.16.1,True,0.12,positive
2026-09-17 09:30:00,5,okay,0,18.17.3,True,0.2,positive
2026-09-17 09:30:00,5,good,0,18.17.3,True,0.22,positive
2026-09-17 09:18:00,5,good for treating,0,18.16.1,True,0.13,positive
2026-09-17 09:17:00,3,easy UI for beginners but high brokerage charges,0,18.17.3,True,0.15,charges
2026-09-17 09:16:00,5,good,0,18.17.3,True,0.17,positive
2026-09-17 09:10:00,5,good app,0,18.17.3,True,0.08,positive
2026-09-17 09:09:00,5,super friendly 💚,0,18.16.1,True,0.1,positive
2026-09-17 09:08:00,5,goog,0,18.17.3,True,0.12,positive
2026-09-17 09:08:00,5,ok,0,18.16.1,True,0.13,positive
2026-09-17 08:57:00,5,very fantastic app & good experience,0,18.16.1,True,0.12,positive
2026-09-17 08:56:00,5,good,0,18.17.3,True,0.13,positive
2026-09-17 08:52:00,5,ver good 👍,1,18.17.3,True,0.2,positive
2026-09-17 08:46:00,5,"Dear Groww Team,I am a regular user of your platform and appreciate how easy you have made investing. I want to share some feedback to help improve the app:What is great:Simple UI: The app is very easy to navigate, even for beginners.Charges: Zero AMC and commission-free mutual funds are amazing features.[NAME]: Getting stocks, mutual funds, and UPI in one place is very convenient.",1,18.17.3,True,0.12,positive
2026-09-17 08:39:00,4,I am not able to swtich profiles after the recent update.,1,18.17.3,True,0.05,positive
2026-09-17 08:15:00,5,nice aap,0,18.17.3,True,0.18,positive
2026-09-17 08:06:00,5,very good,0,18.17.3,True,0.15,positive
2026-09-17 07:38:00,5,bast Nice,0,18.16.1,True,0.07,positive
2026-09-17 07:34:00,1,"I’m not sure what’s going on with the Groww app. My September investment in one of my mutual funds has disappeared, even though the NAV was already credited. Additionally, I’m facing an issue where two folios are being created for my SIP, despite my Demat account having been closed over a year ago. I’ve contacted Groww support multiple times, but the issue is still not resolved. Very disappointing experience.",1,18.17.3,True,-0.13,"support,money"
2026-09-17 07:28:00,5,TRADING APP,1,18.17.3,True,0.05,positive
2026-09-17 07:20:00,5,Good 👍,0,18.16.1,True,0.1,positive
2026-09-17 07:05:00,5,Hello Groww App Team Please Update The App Tradingview Chart Multiple Chart And Drag On Drop Target And Stoploss Option Please Reply My Com.,0,18.17.3,True,-7675.57,positive
2026-09-17 07:03:00,5,nice,1,18.17.3,True,0.2,positive
2026-09-17 05:45:00,5,excellent 👍,1,18.17.3,True,0.13,positive
2026-09-17 05:44:00,5,good,0,18.17.3,True,0.15,positive
2026-09-17 04:56:00,5,Very Good App,0,18.17.3,True,0.13,positive
2026-09-17 04:22:00,4,Good app to invest in stocks for beginners,0,18.16.1,True,0.07,positive
2026-09-17 03:16:00,4,Best App For Trading,0,18.16.1,True,0.17,positive
2026-09-17 01:45:00,5,khub sundor,0,18.17.3,True,0.13,positive
2026-09-17 01:16:00,3,good,0,18.16.1,True,0.17,unthemed
2026-09-17 00:51:00,5,❤️❤️,0,18.16.1,True,0.03,positive
2026-09-17 00:15:00,5,Groww App Is Very Simple And Smooth Interface 💕😘,0,,True,0.18,positive
2026-09-16 23:25:00,5,best,0,18.17.3,True,0.1,positive
2026-09-16 23:18:00,5,"Very Friendly Interface I am using it since 2020, You should must explore it, there is many investments and trading options are availabe inside and also a good custommer support here, its make it India's leading Trading and Investing plateform. Choose ''Groww'' to grow your wealth😊",1,18.17.3,True,0.13,positive
2026-09-16 23:18:00,5,good,1,18.17.3,True,0.13,positive
2026-09-16 22:53:00,1,very much,0,18.13.2,True,0.18,unthemed
2026-09-16 22:53:00,5,good,0,18.16.1,True,0.18,positive
2026-09-16 22:51:00,5,Very nice 👍,0,18.16.1,True,0.03,positive
2026-09-16 22:37:00,5,good,0,18.17.3,True,0.08,positive
2026-09-16 22:36:00,5,Nice,0,18.10.1,True,0.1,positive
2026-09-16 22:31:00,5,exlent app,0,18.17.3,True,0.2,positive
2026-09-16 22:24:00,1,very bad trading application not use very slowly app,1,18.17.3,True,-153.32,unthemed
2026-09-16 22:19:00,5,best aap,0,,True,0.12,positive
2026-09-16 22:07:00,5,do not understand this app.,0,18.17.3,True,0.13,positive
2026-09-16 22:07:00,5,good,0,18.16.1,True,0.13,positive
2026-09-16 22:01:00,5,Best for trading,1,18.16.1,True,0.05,positive
2026-09-16 21:43:00,5,Good,0,18.15.0,True,0.17,positive
2026-09-16 21:36:00,5,excellent,1,18.17.3,True,0.1,positive
2026-09-16 21:31:00,5,excellent,1,18.17.3,True,0.18,positive
2026-09-16 21:26:00,5,Verified but still verifying again [NAME] again...not moving further bank verification page...,0,18.17.3,True,-0.18,positive
2026-09-16 21:13:00,5,very nice 👍.,0,18.16.1,True,0.03,positive
2026-09-16 21:12:00,5,ok,0,18.17.3,True,0.05,positive
2026-09-16 21:10:00,5,good,0,18.16.1,True,0.1,positive
2026-09-16 21:09:00,5,very good App for investment,1,18.17.3,True,0.12,positive
2026-09-16 21:03:00,5,good,0,18.16.1,True,0.23,positive
2026-09-16 20:59:00,1,bahut bura mere 160 rupay mar liye,0,18.16.1,True,0.08,unthemed
2026-09-16 20:49:00,5,good,0,18.16.1,True,0.07,positive
2026-09-16 20:35:00,5,"A good app, I have been using it for a long time.",0,18.16.1,True,0.12,positive
2026-09-16 20:24:00,5,super 👍,0,,True,0.03,positive
2026-09-16 20:14:00,1,"commodity trading chart price and order price are different why, baised by big bull on trading day. Volume graph doesn't work on tranding day. trading charges are too high also.",0,,True,0.2,"features,charges"
2026-09-16 20:05:00,1,"My bank account has been blocked due to an unexpected transaction from Groww. I did not initiate or withdraw any money, yet funds were automatically credited to my account. It has been almost a month, and my account is still blocked. As a result, my EMI and SIP payments cannot be processed, and I may not receive my salary. This has caused serious financial stress. Please investigate this issue urgently, clarify why the transaction occurred, and help resolve the matter at the earliest.",0,18.17.3,True,0.17,money
2026-09-16 19:56:00,5,im lost,0,18.17.3,True,0.13,positive
2026-09-16 19:43:00,5,good app,0,18.16.1,True,0.17,positive
2026-09-16 19:35:00,5,nice,0,18.17.3,True,0.12,positive
2026-09-16 19:24:00,2,great app but you have to update this app every week.. please do something team!,1,18.17.3,True,0.03,perf
2026-09-16 19:22:00,5,"“Groww app is very easy to use and user-friendly. Investment, tracking and transactions are simple and convenient. Overall, a great experience with Groww. Highly recommended!” ⭐⭐⭐⭐⭐",0,18.14.2,True,0.07,positive
2026-09-16 19:07:00,5,thank you very much for your wishes 🙏,1,18.17.3,True,0.13,positive
2026-09-16 18:52:00,5,Good App,1,18.17.3,True,0.2,positive
2026-09-16 18:50:00,5,Nice,0,18.17.3,True,0.05,positive
2026-09-16 18:46:00,5,good,0,18.16.1,True,0.12,positive
2026-09-16 18:39:00,5,બેસ્ટ,0,18.16.1,True,0.05,positive
2026-09-16 18:36:00,5,very good,0,18.14.2,True,0.1,positive
2026-09-16 18:25:00,1,Now this app works like mutual fund agent.. investment doing in this app goes like regular plan... really cheater app..😡😡,0,18.17.3,True,0.1,unthemed
2026-09-16 17:54:00,4,good,0,,True,0.17,positive
2026-09-16 17:36:00,5,Delete,0,17.88,True,0.1,positive
2026-09-16 17:35:00,1,customer support system to low. my money not withdraw last 20 days but customer says tomorrow 10 am withdrawing funds. West money so cheap sarvice 10 times raised a ticket not solved my problem,0,18.17.3,True,-0.07,"support,money"
2026-09-16 17:35:00,5,nice enjoy,0,18.16.1,True,0.12,positive
2026-09-16 17:10:00,5,good 💯,0,18.17.3,True,0.08,positive
2026-09-16 16:55:00,5,goooooooood,0,18.16.1,True,0.15,positive
2026-09-16 16:51:00,5,ok,0,18.16.1,True,0.03,positive
2026-09-16 16:44:00,5,name Shyam munduiya the best to you in ahr,1,18.17.3,True,0.15,positive
2026-09-16 16:44:00,5,EXCELLENT,1,18.17.3,True,0.15,positive
2026-09-16 16:42:00,5,awesome,1,18.17.3,True,0.2,positive
2026-09-16 16:36:00,5,good 👍,1,18.16.1,True,0.1,positive
2026-09-16 16:33:00,5,nice,0,18.16.1,True,0.15,positive
2026-09-16 16:13:00,5,Superb,0,18.16.1,True,0.03,positive
2026-09-16 16:09:00,5,Nice app for trading,0,18.17.3,True,0.1,positive
2026-09-16 16:07:00,5,nice aap ❤️❤️❤️,0,18.17.3,True,0.13,positive
2026-09-16 15:59:00,5,👌👌,0,18.16.1,True,0.08,positive
2026-09-16 15:29:00,5,Excellent,0,18.16.1,True,0.03,positive
2026-09-16 15:26:00,5,very good 👍,0,18.17.3,True,0.08,positive
2026-09-16 15:23:00,4,"Thanks for adding the account switch feature. But there is one more thing you should do this this account settings like chart, sorting for share should not reset when account is switched Dear Groww Tea, This is requested to you please ad an option in this app to switch account as of now every time I need to logout and again login this will reset all chart settings. so add a feature that just one click switch account and all settings remaining same for a user if he handle their family account.",14,18.16.1,True,0.05,positive
2026-09-16 15:20:00,5,very good,0,18.17.3,True,0.1,positive
2026-09-16 15:03:00,5,good app 👌,0,18.17.3,True,0.2,positive
2026-09-16 15:02:00,5,good,0,18.17.3,True,0.03,positive
2026-09-16 14:57:00,1,"money transfer is too low, takes too long irritate",0,,True,0.12,unthemed
2026-09-16 14:54:00,5,good,0,18.17.3,True,0.18,positive
2026-09-16 14:48:00,5,very good 👍,0,18.17.3,True,0.08,positive
2026-09-16 14:40:00,5,User friendly app. I like more. My favourite app. Thank you. Regards,0,18.17.3,True,0.03,positive
2026-09-16 14:40:00,5,10 $ off,0,,True,0.03,positive
2026-09-16 14:35:00,5,very good experience with grow,0,18.17.3,True,0.12,positive
2026-09-16 14:33:00,5,mast,0,18.16.1,True,0.17,positive
2026-09-16 14:25:00,1,brokrage rate is too High 😴,0,,True,0.1,unthemed
2026-09-16 14:22:00,5,wow,0,18.16.1,True,0.07,positive
2026-09-16 14:21:00,1,too lagging problem have taking time for order pl place improvement neede,0,18.16.1,True,0.08,unthemed
2026-09-16 14:14:00,5,okay,0,18.17.3,True,0.2,positive
2026-09-16 14:12:00,5,but broker charge is [NAME] More comparatively other,0,18.17.3,True,0.05,positive
2026-09-16 14:07:00,5,👍,0,18.16.1,True,0.13,positive
2026-09-16 14:04:00,1,bad,0,18.16.1,True,0.18,unthemed
2026-09-16 13:52:00,5,good,0,18.16.1,True,0.2,positive
2026-09-16 13:48:00,5,ok,0,18.17.3,True,0.08,positive
2026-09-16 13:48:00,4,good,0,18.13.2,True,0.08,positive
2026-09-16 13:46:00,4,"A very good app for beginners to have a deep insight of trading on stocks, mutual funds, IPO etc.",0,18.17.3,True,0.12,positive
2026-09-16 13:45:00,5,good,0,18.17.3,True,0.15,positive
2026-09-16 13:39:00,5,good,0,18.17.3,True,0.05,positive
2026-09-16 13:29:00,4,good 👍,1,18.17.3,True,0.03,positive
2026-09-16 13:26:00,5,very good,0,18.16.1,True,0.08,positive
2026-09-16 13:20:00,5,Good,0,18.13.2,True,0.1,positive
2026-09-16 13:16:00,5,good,0,18.17.3,True,0.17,positive
2026-09-16 13:06:00,5,good service,1,18.17.3,True,0.15,positive
2026-09-16 13:04:00,5,ખુબ સુંદર,0,18.17.3,True,0.18,positive
2026-09-16 13:04:00,5,👍 nice,1,18.16.1,True,0.18,positive
2026-09-16 13:03:00,5,no thanks🙏,0,18.16.1,True,0.22,positive
2026-09-16 12:55:00,5,😄,0,18.17.3,True,0.15,positive
2026-09-16 12:51:00,5,super,0,18.17.3,True,0.03,positive
2026-09-16 12:51:00,4,good,0,18.15.1,True,0.03,positive
2026-09-16 12:50:00,5,Excellent for beginners,0,18.16.1,True,0.05,positive
2026-09-16 12:47:00,5,very fast aap,0,18.17.3,True,0.12,positive
2026-09-16 12:46:00,5,"If the name has already been updated on the PAN card, the updated details should ideally be fetched and updated automatically in the system. Why do we have to fill out a separate form and submit documents again? This makes the process unnecessarily lengthy and inconvenient for the user.",0,18.16.1,True,-0.07,positive
2026-09-16 12:43:00,5,excellent,0,18.16.1,True,0.18,positive
2026-09-16 12:38:00,5,very nice app,0,18.16.1,True,0.07,positive
2026-09-16 12:26:00,5,Good,0,18.16.1,True,0.08,positive
2026-09-16 12:18:00,4,not bad,1,18.17.3,True,0.13,positive
2026-09-16 12:16:00,5,🤟👑osm,0,18.17.3,True,0.17,positive
2026-09-16 12:06:00,5,Good,0,18.16.1,True,0.15,positive
2026-09-16 12:04:00,5,good,0,18.16.1,True,0.18,positive
2026-09-16 12:00:00,4,a good demate acount,0,18.16.1,True,0.07,positive
2026-09-16 11:59:00,1,Bad service no useful,1,18.12.1,True,0.08,unthemed
2026-09-16 11:59:00,1,Don't use this app fraud fellows app,0,,True,0.08,unthemed
2026-09-16 11:41:00,5,very good and easy interface,0,,True,0.2,positive
2026-09-16 11:38:00,5,profit,0,18.16.1,True,0.07,positive
2026-09-16 11:37:00,5,Good,0,18.17.3,True,0.08,positive
2026-09-16 11:35:00,5,good,1,18.17.3,True,0.13,positive
2026-09-16 11:35:00,5,good,0,,True,0.13,positive
2026-09-16 11:30:00,5,Good,0,18.17.3,True,0.22,positive
2026-09-16 11:29:00,5,good,0,18.17.3,True,0.03,positive
2026-09-16 11:26:00,5,very good,0,18.16.1,True,0.08,positive
2026-09-16 11:16:00,1,lots of bugs. very slow in the mobile chart.,1,18.17.3,True,0.17,"features,perf"
2026-09-16 11:14:00,5,trade exicution easy for beginners and app speed,0,18.16.1,True,0.2,positive
2026-09-16 11:08:00,5,all orvar best,0,18.17.3,True,0.12,positive
2026-09-16 11:08:00,5,very very good,1,18.16.1,False,,positive
2026-09-16 11:04:00,5,very good app,0,18.16.1,True,0.18,positive
2026-09-16 11:03:00,5,nice,1,18.17.3,True,0.22,positive
2026-09-16 11:02:00,5,good,0,18.16.1,True,0.03,positive
2026-09-16 11:01:00,1,"ये लोग brokrege charge कितना काट ना है वो तो बताएगै लेकिन, DP charge ,CDSL DP charge, exchange ट्रांजेक्शन चार्ज कितना कटना है, वो कभी नही बताया जायेगा ।",0,18.16.1,True,0.05,charges
2026-09-16 10:53:00,3,"This app is fantastic as we can buy shares, mutual funds and bonds [NAME] app. But there is no GMP in IPO section, Gold bonds and P2P investment schemes should also there.",0,18.17.3,True,0.18,features
2026-09-16 10:47:00,1,"after update app is hanged, not working at all.",0,18.17.3,True,0.1,perf
2026-09-16 10:44:00,5,good,1,18.17.3,True,0.15,positive
2026-09-16 10:41:00,4,mast he,0,18.16.1,True,0.2,positive
2026-09-16 10:38:00,5,hasta la vista baby,0,18.17.3,True,0.07,positive
2026-09-16 10:36:00,5,super 👍👍👍❤️❤️🙏,0,18.16.1,True,0.1,positive
2026-09-16 10:32:00,5,very good 👍,0,18.17.3,True,0.17,positive
2026-09-16 10:31:00,5,good,0,18.16.1,True,0.2,positive
2026-09-16 10:27:00,4,badhiya hai baba badhiya hai,0,18.16.1,True,0.07,positive
2026-09-16 10:27:00,5,nice 👍,0,18.16.1,True,0.07,positive
2026-09-16 10:25:00,5,good,0,18.17.3,True,0.1,positive
2026-09-16 10:19:00,5,realy good,0,18.17.3,True,0.12,positive
2026-09-16 10:13:00,5,it is good pralfrom of the finance,0,18.16.1,True,0.03,positive
2026-09-16 10:11:00,5,very fine,0,18.16.1,True,0.07,positive
2026-09-16 10:07:00,5,awesome app till date,0,18.17.3,True,0.13,positive
2026-09-16 09:56:00,5,nice,0,18.16.1,True,0.13,positive
2026-09-16 09:53:00,1,dont us app is custmuar service is use less my acount balance aotomatkly less,0,,True,0.18,money
2026-09-16 09:46:00,5,good,0,18.16.1,True,0.12,positive
2026-09-16 09:37:00,5,yah Mujhe sikhane Mein Bada Achcha Laga Hai aur yah Badi kam ki chij hai [NAME] group ko load Karen aur share market Mein Kaise paise lagaen mutual fund aur bahut sari jankariyan Hain Iske andar market ke bare mein acchi Jankari Hai Ek Hi Jagah Paisa lagane ka option Mil Jata Hai aapko इधर-उधर Jana Nahin Padta aur sachmuch mein bahut surakshit hai aap Chahe to ise Play Store se kar sakte hain ki bahut se free hai ismein Koi risk Nahin Hai aur Har tarike ke liye jo hai paragraph dikhata hai jisse s,0,18.17.3,True,0.08,positive
2026-09-16 09:35:00,5,nice platform,0,18.17.3,True,0.12,positive
2026-09-16 09:27:00,5,good supporters app,0,18.16.1,True,0.07,positive
2026-09-16 09:26:00,5,good job,0,18.13.2,True,0.08,positive
2026-09-16 09:16:00,5,nice 👍,0,18.17.3,True,0.17,positive
2026-09-16 09:04:00,5,good,0,18.16.1,True,0.18,positive
2026-09-16 09:03:00,5,💐🙏💐 🌺🌼🌷,0,18.17.3,True,0.2,positive
2026-09-16 09:01:00,5,very nice app,0,18.16.1,True,0.05,positive
2026-09-16 08:25:00,3,best,0,17.94.1,True,0.1,unthemed
2026-09-16 08:15:00,5,i like,0,18.16.1,True,0.18,positive
2026-09-16 08:06:00,5,super 💯,0,18.16.1,True,0.15,positive
2026-09-16 08:02:00,5,good,0,18.16.1,True,0.03,positive
2026-09-16 08:01:00,5,best,0,18.16.1,True,0.05,positive
2026-09-16 07:46:00,5,good 👍,0,18.15.1,True,0.12,positive
2026-09-16 07:35:00,5,"A very simplified app, does not require a lot of procedures. All processes are very fluent.",0,18.16.1,True,0.12,positive
2026-09-16 07:09:00,5,good app,0,,True,0.1,positive
2026-09-16 07:04:00,5,West,0,18.17.3,True,0.18,positive
2026-09-16 06:59:00,5,nice app,1,18.16.1,True,0.08,positive
2026-09-16 06:53:00,5,plz add your app access through trading view.. like wise other brokers..,1,18.17.3,True,0.18,positive
2026-09-16 06:35:00,3,good,0,,True,0.12,unthemed
2026-09-16 06:07:00,5,Expiry dates are not visible after update.,0,,True,0.13,positive
2026-09-16 03:33:00,5,very good 😊,0,18.16.1,True,0.15,positive
2026-09-16 02:42:00,3,"Groww is a good trading and investment app for retail investors. The platform is simple and easy to use, and the brokerage charges are relatively low. It is especially helpful for beginners and small retail traders who want to keep their trading costs low. Overall, a user-friendly app with competitive charges.",0,18.17.3,True,0.18,charges
2026-09-16 01:55:00,5,💗,0,18.17.3,True,0.15,positive
2026-09-16 01:45:00,5,Good,0,18.17.3,True,0.13,positive
2026-09-16 01:06:00,1,very High charges,0,18.16.1,True,0.15,charges
2026-09-16 00:50:00,5,good 👍,1,18.16.1,True,0.05,positive
2026-09-16 00:37:00,1,Please give the option of scalping in commodity trading segment also.,0,18.16.1,True,-1166.33,features
2026-09-16 00:27:00,1,Transaction report total wrong fraud app I have stock is holding transaction is indraday 😔😔😔😔😔😔,0,,True,-0.57,unthemed
2026-09-16 00:24:00,5,excellent,0,18.14.1,True,0.03,positive
2026-09-15 23:52:00,5,nice,0,18.16.1,True,0.2,positive
2026-09-15 23:47:00,5,Good app for tranding,0,18.16.1,True,0.1,positive
2026-09-15 23:32:00,4,fine,0,18.16.1,True,0.17,positive
2026-09-15 22:44:00,5,upi Autopay లొ revoked notification వస్తె బాగుంటుంది,0,,True,0.15,positive
2026-09-15 22:43:00,5,Good for all,0,18.16.1,True,0.17,positive
2026-09-15 22:39:00,2,mandat issue many time status not updated,0,18.17.3,True,0.05,unthemed
2026-09-15 22:33:00,5,nice 👍,0,18.17.3,True,0.15,positive
2026-09-15 22:20:00,5,very good aap,0,18.16.1,True,0.1,positive
2026-09-15 22:11:00,5,bahut hi acha app lga investment ke liye,0,18.16.1,True,0.07,positive
2026-09-15 22:10:00,5,nice,0,18.17.3,True,0.08,positive
2026-09-15 22:06:00,5,excellent,0,18.16.1,True,0.15,positive
2026-09-15 22:00:00,5,very nice and,0,18.17.3,True,0.07,positive
2026-09-15 21:59:00,5,Nice experience with groww,0,18.16.1,True,0.08,positive
2026-09-15 21:23:00,3,I would rate you 5 star if you introduce a feature mentioning BE stocks like we get in Kite App. so that we can avoid the T2T stocks effectively I purchased the stock on Friday and Today I was getting 10k profit but the stock being T2T I was not able to sell it,1,18.17.3,True,0.05,unthemed
2026-09-15 21:15:00,5,Good groww inwistment,0,18.16.1,True,0.18,positive
2026-09-15 21:10:00,5,supar,0,18.17.3,True,0.08,positive
2026-09-15 21:08:00,4,nice,0,18.16.1,True,0.12,positive
2026-09-15 20:52:00,1,not good,0,18.17.3,True,0.2,unthemed
2026-09-15 20:49:00,5,The best Treding app,0,18.17.3,True,0.07,positive
2026-09-15 20:46:00,5,good,0,18.16.1,True,0.12,positive
2026-09-15 20:42:00,3,did you like this offer,1,,True,-335.0,unthemed
2026-09-15 20:32:00,5,be happy 😊,0,16.89,True,0.17,positive
2026-09-15 20:13:00,5,good groww,0,18.16.1,True,0.03,positive
2026-09-15 19:59:00,5,good,0,18.16.1,True,0.08,positive
2026-09-15 19:49:00,5,good,0,18.16.1,True,0.07,positive
2026-09-15 19:41:00,5,good must use,0,18.15.1,True,0.2,positive
2026-09-15 19:40:00,5,average,0,18.17.3,True,0.03,positive
2026-09-15 19:04:00,5,good platform,0,18.17.3,True,0.18,positive
2026-09-15 19:02:00,5,best,0,,True,0.03,positive
2026-09-15 18:59:00,5,good,0,18.16.1,True,0.08,positive
2026-09-15 18:47:00,5,nice 👍,0,18.15.1,True,0.1,positive
2026-09-15 18:47:00,4,গো অ্যাপ টা খুব সুন্দর ভাবে কাজ করে।,0,18.14.2,True,0.1,positive
2026-09-15 18:41:00,5,smooth working,0,18.16.1,True,0.2,positive
2026-09-15 18:35:00,5,oh my god very good experience by its app it is best for beginners I am first don't know about trading and other apps of trade but this app has been very much oh my God this is very useful !,0,,True,0.12,positive
2026-09-15 18:27:00,5,good application good work,0,18.16.1,True,0.07,positive
2026-09-15 17:56:00,5,Groww with you hameisa.,0,18.16.1,True,0.13,positive
2026-09-15 17:54:00,5,ok,0,18.16.0,True,0.17,positive
2026-09-15 17:43:00,5,good and analysed data making,0,18.16.1,True,0.17,positive
2026-09-15 17:07:00,5,very good,0,18.16.1,True,0.13,positive
2026-09-15 17:05:00,3,easy interface but sometimes it deducted amount without ur information if u r doing trading.😡,2,18.17.3,True,0.17,charges
2026-09-15 16:38:00,5,very good,0,18.15.1,True,0.07,positive
2026-09-15 16:36:00,5,ok,0,18.16.1,True,0.1,positive
2026-09-15 16:25:00,5,good,0,18.16.0,True,0.1,positive
2026-09-15 16:20:00,5,good,0,18.17.3,True,0.1,positive
2026-09-15 16:09:00,5,thank you,1,18.16.1,True,0.1,positive
2026-09-15 15:58:00,5,Ye Bohat achhi app hai treds mai bohar easy rehti hai,0,18.17.3,True,0.1,positive
2026-09-15 15:49:00,5,"Groww makes investing in the stock market, mutual funds, and IPOs accessible and effortless. The user interface is clean, beginner-friendly, and completely transparent with no hidden brokerage fees. Tracking portfolio performance and placing orders is super smooth. An outstanding platform for building wealth securely.",0,,True,0.07,positive
2026-09-15 15:48:00,5,nice,1,18.17.3,True,0.08,positive
2026-09-15 15:34:00,4,good,0,,True,0.13,positive
2026-09-15 15:23:00,5,good,0,18.17.3,True,0.05,positive
2026-09-15 15:05:00,5,nice aap hai,0,18.9.0,True,0.17,positive
2026-09-15 15:01:00,5,Good for Trading not complicated..,0,18.17.3,True,0.05,positive
2026-09-15 14:55:00,5,nice,0,18.13.2,True,0.15,positive
2026-09-15 14:53:00,5,excellent 👍,0,18.14.2,True,0.18,positive
2026-09-15 14:51:00,5,good,0,18.17.3,True,0.03,positive
2026-09-15 14:46:00,5,please seperate the mutual fund app,0,18.16.1,True,0.12,positive
2026-09-15 14:43:00,5,😘😘😘😘😘,0,,True,0.17,positive
2026-09-15 14:28:00,1,always lagging,0,,True,0.05,unthemed
2026-09-15 14:23:00,5,nice app,1,18.17.3,True,0.05,positive
2026-09-15 14:23:00,1,💩💩 trash app,0,,True,0.05,unthemed
2026-09-15 14:23:00,4,super app,0,18.17.3,True,0.05,positive
2026-09-15 14:17:00,5,good,0,18.17.3,True,0.17,positive
2026-09-15 14:12:00,5,best service,0,18.17.3,True,0.05,positive
2026-09-15 14:07:00,5,vv good 👍,0,18.16.1,True,0.13,positive
2026-09-15 14:06:00,5,good...,0,18.16.1,True,0.15,positive
2026-09-15 13:45:00,4,good,0,18.16.1,True,0.13,positive
2026-09-15 13:35:00,3,Turing growth chart is easy but its very complicated to turn form groww chart to normal Trading view chart please make it happen in one tap,1,18.17.3,True,0.12,features
2026-09-15 13:23:00,5,better platform,1,18.17.3,True,0.05,positive
2026-09-15 13:15:00,1,customer service very very poor bad experience,0,18.17.3,True,-9087.18,unthemed
2026-09-15 13:05:00,5,bhot acha ap h,0,18.17.3,True,0.17,positive
2026-09-15 13:03:00,5,goood,0,18.16.1,True,-0.35,positive
2026-09-15 12:59:00,5,nice 👍,0,18.16.1,True,0.08,positive
2026-09-15 12:53:00,5,good,0,18.17.3,True,0.18,positive
2026-09-15 12:38:00,1,Annoying loan offers and useless notifications,0,18.17.3,True,0.07,unthemed
2026-09-15 12:28:00,5,good,0,18.14.2,True,0.05,positive
2026-09-15 12:26:00,1,even I update latest version,0,18.16.1,True,0.08,perf
2026-09-15 12:23:00,5,genuine app,0,18.17.3,True,0.05,positive
2026-09-15 12:18:00,5,super,0,18.16.1,True,0.13,positive
2026-09-15 12:14:00,5,very good,0,18.16.1,True,0.2,positive
2026-09-15 12:09:00,5,nice app,0,18.16.1,True,0.1,positive
2026-09-15 12:02:00,5,best of world 🌎 stock market app groww,1,18.16.1,True,0.03,positive
2026-09-15 11:58:00,5,good app,1,18.16.1,True,0.1,positive
2026-09-15 11:51:00,5,Good for trading and investment,1,18.17.3,True,0.03,positive
2026-09-15 11:42:00,5,Great app,0,18.13.2,True,0.18,positive
2026-09-15 11:36:00,5,Good,0,18.11.1,True,0.1,positive
2026-09-15 11:31:00,5,very good,0,18.16.1,True,0.18,positive
2026-09-15 11:23:00,5,good 💯,0,18.17.3,True,0.05,positive
2026-09-15 11:19:00,5,nice,0,18.16.1,True,0.12,positive
2026-09-15 11:15:00,5,good,0,,True,0.18,positive
2026-09-15 11:10:00,5,ONLY STOCKS APP,0,18.16.1,True,0.08,positive
2026-09-15 11:10:00,5,awesome,0,18.16.1,True,0.08,positive
2026-09-15 11:10:00,5,ok,0,18.17.3,True,0.08,positive
2026-09-15 11:08:00,5,good,0,18.17.3,True,0.13,positive
2026-09-15 11:06:00,4,This app is the best app for beginners who want to invest in stocks and. mutual funds..,1,18.16.1,True,0.17,positive
2026-09-15 11:00:00,5,excellent 👌,0,18.16.1,True,0.07,positive
2026-09-15 11:00:00,5,all good thing this app veri excellent good,0,18.16.1,True,0.07,positive
2026-09-15 10:59:00,5,good,0,18.16.1,True,0.1,positive
2026-09-15 10:53:00,5,verry good,0,18.17.3,True,0.2,positive
2026-09-15 10:47:00,5,thik pletform is very simple and very good 👍😊,1,18.17.3,True,0.1,positive
2026-09-15 10:45:00,5,good,0,18.16.1,True,0.13,positive
2026-09-15 10:44:00,5,very good experience,0,18.17.3,True,0.15,positive
2026-09-15 10:44:00,1,worst app for f and o . good for investment,0,18.16.1,True,0.17,unthemed
2026-09-15 10:37:00,5,nice app this,0,,True,0.08,positive
2026-09-15 10:36:00,1,Easy to use i like it but very expensive charges,0,18.16.1,True,0.1,charges
2026-09-15 10:36:00,5,good,0,18.16.1,True,0.1,positive
2026-09-15 10:30:00,5,Very good,0,18.15.1,True,0.22,positive
2026-09-15 10:29:00,5,very good application easy-to-use 👍,0,18.17.3,True,0.03,positive
2026-09-15 10:19:00,5,capital and patience,0,18.17.3,True,0.12,positive
2026-09-15 10:10:00,3,T-bond feature is not added in this application,0,18.16.1,True,0.08,unthemed
2026-09-15 10:10:00,5,very good,0,18.17.1,True,0.08,positive
2026-09-15 10:08:00,5,Easy to Use,0,18.16.1,True,0.12,positive
2026-09-15 10:04:00,1,"I have been waiting for 4 days for my account reactivation, How can a person believe this App with their investment and money",1,18.17.3,True,0.2,support
2026-09-15 10:01:00,5,Best for trade,0,18.17.3,True,0.05,positive
2026-09-15 09:59:00,5,very nice information,1,18.17.3,True,0.1,positive
2026-09-15 09:58:00,4,Good app for beginners trader's 😄,0,18.16.1,True,0.12,positive
2026-09-15 09:58:00,4,very good,0,18.16.1,True,0.12,positive
2026-09-15 09:55:00,5,trusted,0,18.16.1,True,0.18,positive
2026-09-15 09:41:00,5,good app super,1,18.17.3,True,0.2,positive
2026-09-15 09:40:00,5,good,0,18.16.1,True,0.03,positive
2026-09-15 09:36:00,5,superb Experience 🔥,0,18.16.1,True,0.1,positive
2026-09-15 09:33:00,5,very good,0,18.17.3,True,0.15,positive
2026-09-15 09:32:00,5,very best appp,0,18.16.1,True,0.18,positive
2026-09-15 09:29:00,5,excellent,0,18.16.1,True,0.03,positive
2026-09-15 09:29:00,4,nice,0,18.16.1,True,0.03,positive
2026-09-15 09:25:00,5,very good 👍🏻😊😊,0,18.16.1,True,0.1,positive
2026-09-15 09:25:00,5,it's great app,1,18.17.3,True,0.1,positive
2026-09-15 09:24:00,5,👍,0,18.14.1,True,0.03,positive
2026-09-15 09:22:00,5,good for beginner,0,18.16.1,True,0.07,positive
2026-09-15 09:19:00,5,superb,0,18.16.1,True,0.12,positive
2026-09-15 09:14:00,5,well,0,18.16.1,True,0.22,positive
2026-09-15 09:10:00,5,ok,0,18.16.1,True,0.08,positive
2026-09-15 09:10:00,5,very good app,0,18.16.1,True,0.08,positive
2026-09-15 09:05:00,5,osm,0,18.16.1,True,0.17,positive
2026-09-15 09:00:00,5,i m new learneer,0,18.16.1,True,0.07,positive
2026-09-15 08:59:00,5,nice 👍👍👍👍,0,18.17.3,True,0.08,positive
2026-09-15 08:56:00,5,Good UI best Platform for beginners,0,18.16.1,True,0.15,positive
2026-09-15 08:43:00,5,thanks thanks 😊,0,18.17.3,True,0.17,positive
2026-09-15 08:28:00,5,good,0,18.17.3,True,0.05,positive
2026-09-15 08:22:00,3,good,0,18.15.1,True,0.07,unthemed
2026-09-15 08:19:00,5,Very nice😊 easy to uuse❤️,0,18.17.3,True,0.12,positive
2026-09-15 08:07:00,5,good,0,18.16.1,True,0.13,positive
2026-09-15 08:06:00,5,Nice,0,18.16.1,True,0.15,positive
2026-09-15 08:01:00,5,Good 👍,0,18.15.1,True,0.05,positive
2026-09-15 07:53:00,3,best app,0,18.16.1,True,0.18,unthemed
2026-09-15 07:52:00,5,Brokar charge high,0,18.16.1,True,0.2,positive
2026-09-15 07:36:00,5,good,0,18.17.3,True,0.1,positive
2026-09-15 07:28:00,5,very good,0,18.16.1,True,0.05,positive
2026-09-15 06:35:00,1,"After 8 days Groww is unable to activate my account. Several interactions to customer care department, still same condition.",0,18.16.1,True,0.12,support
2026-09-15 06:20:00,5,best trading app,1,18.17.3,True,0.1,positive
2026-09-15 06:08:00,3,👍🏼,0,18.16.1,True,0.12,unthemed
2026-09-15 06:04:00,5,very good,1,18.17.3,True,0.18,positive
2026-09-15 04:50:00,5,it's amazing.,0,18.17.3,True,0.05,positive
2026-09-15 02:28:00,5,Thank you; the Groww app is excellent and very helpful. I have managed to save some money thanks to this app. I actually started my first investment using the Groww app.,0,18.16.1,True,0.05,positive
2026-09-15 00:45:00,5,I used many apps but this app is excellent 👌 for trading specially mutual funds or sip.,0,18.16.1,True,0.13,positive
2026-09-15 00:06:00,4,its very helpful app,0,18.16.1,True,0.15,positive
2026-09-14 23:44:00,5,good,0,18.17.3,True,0.15,positive
2026-09-14 23:42:00,5,good,0,18.15.1,True,0.18,positive
2026-09-14 23:31:00,5,best option for saving balance,0,18.16.1,True,0.18,positive
2026-09-14 23:26:00,5,supper app,0,18.16.1,True,0.08,positive
2026-09-14 23:21:00,1,you are,0,18.17.3,True,0.08,unthemed
2026-09-14 23:09:00,1,Bad Experience. couldn't set up. they show PAN Number is wrong. but I put the correct number. 3rd class app.,0,,True,0.1,unthemed
2026-09-14 22:53:00,1,F U groww Bloody cheaters First they give out MF prime feature as free with hidden charges now they changed to more commission hence TER changed more than 0.6%,1,18.17.3,True,0.18,charges
2026-09-14 22:43:00,5,good,0,18.15.1,True,0.17,positive
2026-09-14 22:27:00,5,super hit,0,18.16.1,True,0.07,positive
2026-09-14 22:26:00,5,this app is very good 👍,0,18.15.1,True,0.08,positive
2026-09-14 22:15:00,1,only for learning,0,18.16.1,True,0.18,unthemed
2026-09-14 22:11:00,5,"Although Groww is a good app,but now with rising competition in the market ,like lemon ,sahi,flattrade,m.asset etc giving best brokerage free plans or minimal cost plans also to the users by paying minimal joining amount.Its a wonderful for option trading especially.I hope Groww will also look in to this and take quick change for further development",0,18.16.1,True,0.07,positive
2026-09-14 22:06:00,1,"gadhe ki ga#d app hai, bss spam mail p mail bhejte rehte hai, customer executive se call connect nhi hoti, account delete nhi hota,",1,18.17.3,True,0.15,support
2026-09-14 21:59:00,1,worst app.. lagging chart and i think they shared our data with big players.. i have been into this market for 4 years but whenever i take any trade in fnO even in my sureshot trade it hits my sl.. though app is good for investing i would not recommend for option trading... worst experience..,0,,True,0.08,features
2026-09-14 21:54:00,5,"One of the best broker app, I ever prefer",0,18.10.1,True,0.17,positive
2026-09-14 21:45:00,3,"please allow the options of weekly STP, It will be beneficial for customers. There are lots of bugs that need to be fixed like the order placed not shown when it's done. Ultimately the customer support response is extremely slow.",2,18.17.3,True,0.13,"support,perf"
2026-09-14 21:39:00,5,very nice 👍,0,18.13.2,True,0.05,positive
2026-09-14 21:33:00,5,good,0,18.16.1,True,0.15,positive
2026-09-14 21:24:00,5,nice app,0,18.16.1,True,0.03,positive
2026-09-14 21:18:00,5,good,0,,True,0.13,positive
2026-09-14 21:12:00,5,nice app 👌 👍,0,18.16.1,True,0.05,positive
2026-09-14 20:50:00,5,best app for trading g stock investment,0,,True,0.05,positive
2026-09-14 20:35:00,5,very nice,0,18.16.1,True,0.12,positive
2026-09-14 20:34:00,5,excellent 👌,0,18.13.2,True,0.13,positive
2026-09-14 20:30:00,5,good,0,18.16.1,True,0.2,positive
2026-09-14 20:30:00,5,nice,0,18.15.1,True,0.22,positive
2026-09-14 20:28:00,5,good,0,18.16.1,True,0.05,positive
2026-09-14 20:10:00,5,nice,0,18.16.1,True,0.08,positive
2026-09-14 20:03:00,5,excellent app,0,18.16.1,True,0.2,positive
2026-09-14 19:58:00,5,OUTSTANDING,0,18.16.1,True,0.1,positive
2026-09-14 19:56:00,5,Hbi,0,18.16.1,True,0.13,positive
2026-09-14 19:51:00,5,awesome,0,18.17.3,True,0.03,positive
2026-09-14 19:50:00,1,"The current update made it worst experience. the indicators are not upto the mark, the back button drawer hides constantly, which results in selecting unwanted options. previous version was way better.",1,18.16.1,True,0.05,"features,perf"
2026-09-14 19:38:00,3,option trading percentage does not shows 😔 example.12/-loss,2,18.17.3,True,0.07,unthemed
2026-09-14 19:31:00,5,"kya ap app me barcode ka system dal sakte ho jisse ki hm kisi se sidhe isme payment lel le ,,,,,, isse jyada se jyada invest ho paega",0,18.16.1,True,0.18,positive
2026-09-14 19:29:00,5,good 😊,0,18.16.1,True,0.03,positive
2026-09-14 18:53:00,1,i like this app and it's feature only I don't like one thing which is need account reactivate with the document of 12 digit AADHAR. according to my point of view it is not necessary only need active bank account. govt never said that if want do trading or explore with any online trading app u must provide AADHAR. it is not the gud thing it's a privacy concern.,0,,True,0.0,unthemed
2026-09-14 18:40:00,5,very best aap to trade,0,18.16.1,True,0.03,positive
2026-09-14 18:21:00,4,good 👍,0,18.14.2,True,0.08,positive
2026-09-14 17:53:00,1,worst app. Application not working in my phone. even after several complaints they didn't resolve my issue,0,18.16.1,True,0.18,unthemed
2026-09-14 17:48:00,5,good,0,18.17.3,True,0.08,positive
2026-09-14 17:47:00,5,very 👍 good,0,18.17.3,True,0.1,positive
2026-09-14 17:47:00,5,super,0,18.16.1,True,0.1,positive
2026-09-14 17:36:00,4,Iam happy with app interface and easy usage. However why my app not Gr1 (AI) option? please clarify,0,18.16.1,True,0.1,positive
2026-09-14 17:24:00,5,good,0,18.11.1,True,0.03,positive
2026-09-14 17:19:00,4,good app for all,0,18.15.1,True,0.12,positive
2026-09-14 17:05:00,5,add FDs like another apps,0,18.16.1,True,0.17,positive
2026-09-14 16:59:00,5,excellent we want to earn money from this app by trading,0,18.16.1,True,0.08,positive
2026-09-14 16:49:00,5,very good but iam always in loss,0,18.16.1,True,0.07,positive
2026-09-14 16:45:00,5,very good,0,18.16.1,True,0.13,positive
2026-09-14 16:45:00,5,nice,0,18.16.1,True,0.13,positive
2026-09-14 16:37:00,5,good,0,18.16.1,True,0.08,positive
2026-09-14 15:48:00,5,good,0,18.16.1,True,0.08,positive
2026-09-14 15:40:00,5,good,0,18.16.1,True,0.03,positive
2026-09-14 15:27:00,5,I am happy.,0,18.16.1,True,0.07,positive
2026-09-14 15:21:00,5,good 👍,0,18.17.3,True,0.08,positive
2026-09-14 15:15:00,5,very good app,0,18.16.1,True,0.18,positive
2026-09-14 15:08:00,5,good,0,18.17.3,True,0.12,positive
2026-09-14 15:03:00,5,nice app for business development.,0,18.16.1,True,0.2,positive
2026-09-14 15:01:00,5,well app and running smoothly,0,18.17.3,True,0.05,positive
2026-09-14 14:54:00,5,cool 😎,0,18.16.1,True,0.17,positive
2026-09-14 14:26:00,5,good,0,18.16.1,True,0.08,positive
2026-09-14 14:14:00,5,wow,0,18.17.3,True,0.2,positive
2026-09-14 14:03:00,4,best aap,0,18.17.3,True,0.2,positive
2026-09-14 13:56:00,5,good,0,18.17.3,True,0.13,positive
2026-09-14 13:24:00,5,good,1,18.15.1,True,0.03,positive
2026-09-14 13:13:00,5,super,0,18.12.1,True,0.03,positive
2026-09-14 13:12:00,1,OK,0,18.17.3,True,0.05,unthemed
2026-09-14 13:10:00,5,one of the best broker app very useful and easy to understand every stock /ipo details and all .,1,18.17.3,True,0.1,positive
2026-09-14 13:09:00,5,"Good app for stock market investment and trading, now you can buy corporate bonds also",1,18.17.3,True,0.12,positive
2026-09-14 12:59:00,5,good 👍,0,18.16.1,True,0.08,positive
2026-09-14 12:58:00,5,Good,0,18.16.1,True,0.1,positive
2026-09-14 12:37:00,5,bahut hi achha hai customer support team is best working all customer happy,0,18.17.3,True,0.08,positive
2026-09-14 12:30:00,5,अभी तक तो groww के साथ यात्रा शानदार रही है। अपेक्षा है आगे और भी शानदार रहेगी।।,0,18.16.1,True,0.2,positive
2026-09-14 12:18:00,5,good,0,18.16.1,True,0.13,positive
2026-09-14 12:12:00,5,good,0,18.16.1,True,0.05,positive
2026-09-14 12:09:00,4,good aap,0,18.16.1,True,0.1,positive
2026-09-14 12:09:00,5,very nice app and strategies,0,18.17.3,True,0.1,positive
2026-09-14 12:08:00,4,good,0,18.16.1,True,0.13,positive
2026-09-14 11:57:00,1,"3rd class broker, my trading account showing blocked, not able to trade or do anything, all segment showing active i connect multiple time with support but nothing fixed by support, i filled teraform 20 time account still blocked.",1,18.17.3,True,0.12,"support,money"
2026-09-14 11:42:00,4,super hai,0,18.16.1,True,0.18,positive
2026-09-14 11:36:00,5,over thanks,0,18.16.1,True,0.1,positive
2026-09-14 11:15:00,5,very good 👍,0,18.17.3,True,0.18,positive
2026-09-14 10:56:00,5,good,0,18.17.3,True,0.13,positive
2026-09-14 10:55:00,5,"Good but,agar market holiday hai to agale din information Milana chaiye.",0,18.16.1,True,0.15,positive
2026-09-14 10:47:00,5,nise,1,18.16.1,True,0.1,positive
2026-09-14 10:40:00,5,nice 👍,1,18.17.3,True,0.03,positive
2026-09-14 10:19:00,5,simple and fast,0,18.17.3,True,0.12,positive
2026-09-14 10:08:00,5,This groww srtocks and IPO apply best way and nice,1,18.17.3,True,0.12,positive
2026-09-14 10:03:00,5,good,1,18.17.3,True,0.2,positive
2026-09-14 09:56:00,5,good,1,18.16.1,True,0.13,positive
2026-09-14 09:53:00,5,ok,0,18.16.1,True,0.18,positive
2026-09-14 09:40:00,5,very good,0,18.17.3,True,0.03,positive
2026-09-14 09:40:00,5,nice,0,18.17.3,True,0.03,positive
2026-09-14 09:34:00,5,good,0,18.16.1,True,0.13,positive
2026-09-14 09:26:00,5,good app,0,18.16.1,True,0.08,positive
2026-09-14 09:14:00,5,great 😃,1,18.16.1,True,0.2,positive
2026-09-14 09:13:00,5,nice,0,18.16.1,True,0.03,positive
2026-09-14 09:12:00,5,Easy to operate. Easy to navigate,1,18.17.3,True,0.05,positive
2026-09-14 09:12:00,5,my sagison big platform but not leverage please add the option,0,18.13.2,True,0.05,positive
2026-09-14 08:54:00,5,"Grow means your wealth grow,this site is secure ,trustable,and easily to use, I m very happy to use it.",0,,True,0.17,positive
2026-09-14 08:54:00,5,good,0,18.17.3,True,0.17,positive
2026-09-14 08:48:00,5,good,0,18.17.3,True,0.08,positive
2026-09-14 08:45:00,5,nice,0,,True,0.13,positive
2026-09-14 08:40:00,5,This app is very useful for trading.,0,18.16.1,True,0.03,positive
2026-09-14 08:34:00,5,Just ok,0,18.16.1,True,0.13,positive
2026-09-14 08:29:00,5,nice,0,18.16.1,True,0.03,positive
2026-09-14 08:10:00,4,thank you,0,18.16.1,True,0.08,positive
2026-09-14 07:32:00,5,when I started share market on Groww app this is easily to do work with Groww,0,18.16.1,True,0.17,positive
2026-09-14 07:10:00,4,beautiful aap,0,18.13.2,True,0.08,positive
2026-09-14 06:44:00,1,nice,0,18.16.1,True,0.15,unthemed
2026-09-14 06:38:00,5,good,0,18.16.1,True,0.07,positive
2026-09-14 06:21:00,5,best,0,18.16.1,True,0.08,positive
2026-09-14 05:28:00,5,ucth.,0,,True,0.05,positive
2026-09-14 05:00:00,5,Good,0,18.16.1,True,0.07,positive
2026-09-14 04:31:00,5,good,0,18.17.3,True,0.18,positive
2026-09-14 03:28:00,5,easy login and faster to create sip in less than 1 minute,0,18.17.3,True,0.05,positive
2026-09-14 01:23:00,5,good trading app,0,18.16.1,True,0.05,positive
2026-09-14 01:15:00,5,very very good Groww app,0,18.17.3,True,0.18,positive
2026-09-14 00:58:00,5,srinu roja,0,,True,0.1,positive
2026-09-14 00:54:00,5,all is well,0,18.17.3,True,0.17,positive
2026-09-14 00:32:00,1,referral not working,0,18.17.3,True,0.17,unthemed
2026-09-14 00:30:00,5,good,0,18.16.1,True,0.2,positive
2026-09-14 00:25:00,2,I am so sad because pehle ka candle dikh hi nahi Raha 5 minutes pe please solve,1,,True,0.1,unthemed
2026-09-13 23:57:00,5,I am very happy this app very good,0,18.16.1,True,0.12,positive
2026-09-13 23:46:00,5,new york app,0,18.17.3,True,0.12,positive
2026-09-13 23:30:00,1,many charts are not updated regularly for example on date 12/09/2026 check on groww app crude oil charts daily time frame 11/09/2026 not seen often many skript chart not updated regularly it very difficult to use groww,1,18.16.1,True,0.2,features
2026-09-13 23:29:00,5,very fast withdrobal f&O 1 cleck est very nice 👌,0,18.17.3,True,0.03,positive
2026-09-13 23:26:00,5,good 💯,0,18.16.1,True,0.08,positive
2026-09-13 23:01:00,4,good 💯💯💯,0,18.13.2,True,0.05,positive
2026-09-13 22:36:00,4,great,0,18.16.1,True,0.1,positive
2026-09-13 22:10:00,5,very good app,0,18.16.1,True,0.08,positive
2026-09-13 21:58:00,5,it's great plat farm to investing guid,0,,True,0.1,positive
2026-09-13 21:54:00,5,good lai chan,1,18.17.3,True,0.17,positive
2026-09-13 21:52:00,5,you,0,18.16.1,True,0.2,positive
2026-09-13 21:50:00,5,good,0,18.17.3,True,0.05,positive
2026-09-13 21:37:00,5,best,0,18.16.1,True,0.08,positive
2026-09-13 21:33:00,5,ok,0,18.17.3,True,0.15,positive
2026-09-13 21:21:00,2,worst service one day your money will stuck but they will never reply to your requested support and mails,0,18.16.1,True,0.08,"support,perf"
2026-09-13 21:01:00,5,Amazing,0,,True,0.05,positive
2026-09-13 20:58:00,3,good 👍🏻,0,18.16.1,True,0.1,unthemed
2026-09-13 20:36:00,5,best,0,18.11.1,True,0.1,positive
2026-09-13 20:31:00,1,"using it since a year and I can say that it has good interface but it's the highest-charging app. Hidden charges on cancelled/unexecuted orders eat up most of your F&O profit. Withdrawals take 5-7 days and support is unhelpful. Not recommended if you are trading with low profit margin as you will be loser even with profit, grow will eat all your profit through margin and charges.",15,18.16.1,True,0.18,"support,charges"
2026-09-13 19:58:00,5,badiya hai,0,18.16.1,True,0.1,positive
2026-09-13 19:53:00,1,support system nahin Hai groww mein Mera account unfridge nahin ho nahin ho raha hai kahin month se TRAI kar raha hai,0,18.16.1,True,0.18,support
2026-09-13 19:53:00,5,good.,0,18.16.1,False,,positive
2026-09-13 19:46:00,5,good,0,,True,0.12,positive
2026-09-13 19:38:00,5,super hero,0,18.16.1,True,0.07,positive
2026-09-13 19:35:00,5,good,0,18.17.3,True,0.12,positive
2026-09-13 19:34:00,4,nice app,0,18.15.1,True,0.15,positive
2026-09-13 19:31:00,5,good,0,18.16.1,True,0.2,positive
2026-09-13 19:30:00,5,Good for me 😃,0,18.17.3,True,0.22,positive
2026-09-13 19:17:00,5,👍👍👍,0,18.17.3,True,0.15,positive
2026-09-13 19:14:00,5,good morning,0,,True,0.2,positive
2026-09-13 18:57:00,4,🥕,0,18.16.1,True,0.12,positive
2026-09-13 18:52:00,5,good,0,18.16.1,True,0.2,positive
2026-09-13 18:28:00,5,"Best app, easy to use. Quick deposit and withdrawals available. Customer service support is also very good.",4,18.1.1,True,0.05,positive
2026-09-13 18:22:00,5,super,0,18.16.1,True,0.07,positive
2026-09-13 18:08:00,5,goods👍👍👍👍👍,0,,True,0.12,positive
2026-09-13 18:02:00,5,nise,0,,True,0.03,positive
2026-09-13 17:58:00,5,good 😊💯,0,18.16.1,True,0.1,positive
2026-09-13 17:57:00,5,good,0,18.17.3,True,0.12,positive
2026-09-13 17:43:00,5,Easy to understand,0,18.16.1,True,0.17,positive
2026-09-13 17:38:00,5,Nice 👍,0,18.16.1,True,0.07,positive
2026-09-13 17:16:00,5,good,0,18.13.2,True,0.17,positive
2026-09-13 16:54:00,5,❤️,0,18.16.1,True,0.17,positive
2026-09-13 16:52:00,5,jio digital life jio Jai shree ram,0,,True,-93.35,positive
2026-09-13 16:39:00,5,very easy to use and safe,0,,True,0.05,positive
2026-09-13 16:36:00,5,good app and very easy to use app,0,18.16.1,True,0.1,positive
2026-09-13 16:23:00,4,good for.......bigner,0,18.16.1,True,0.05,positive
2026-09-13 16:19:00,5,nice,0,18.16.1,True,0.12,positive
2026-09-13 16:15:00,1,I can't proceed to the e sighing please,0,18.16.1,True,0.18,unthemed
2026-09-13 15:53:00,1,too much promotions,0,,True,0.18,unthemed
2026-09-13 15:50:00,5,your service good fast working network,0,18.16.1,True,0.05,positive
2026-09-13 15:47:00,4,good app,0,18.16.1,True,0.1,positive
2026-09-13 15:35:00,5,nice,0,18.16.1,True,0.12,positive
2026-09-13 15:30:00,5,👍👍👍,0,18.17.3,True,0.2,positive
2026-09-13 15:26:00,5,I like,0,18.16.1,True,0.08,positive
2026-09-13 15:19:00,5,nice,0,18.16.1,True,0.12,positive
2026-09-13 15:17:00,5,good 👍🏻😊,0,,True,0.15,positive
2026-09-13 15:14:00,3,good,0,18.15.1,True,0.2,unthemed
2026-09-13 14:47:00,5,grow is good,1,18.16.1,True,0.1,positive
2026-09-13 14:43:00,5,good experience 😃,0,18.16.1,True,0.17,positive
2026-09-13 14:24:00,1,"FUNDS NOT SAFE..CHECK YOUR FUNDS AND ORDER EVERYDAY..LOOSE LOT OF MONEY [NAME] NO HELP BUT GROWW BLAME US. WRONG INFO. GIVEN. BIG CHEAT. Even Mutual Funds, price shows 11% increase and when you Redeem, it shows 11% loss. Check price of LIC MF GOLD ETF( 10/08/25,showing 11% increase but actually it is -11% decrease when you redeem). Agents and Supervisors says computer glitch. Customer's looses heavyly in Groww.",0,18.16.1,True,-9190.33,perf
2026-09-13 14:24:00,1,Bekar app h. bekar service,0,18.13.2,True,0.03,unthemed
2026-09-13 14:17:00,5,verry good,1,18.17.3,True,0.15,positive
2026-09-13 14:15:00,4,good but interface of angle one is much better than groww,0,18.16.0,True,0.18,positive
2026-09-13 14:06:00,1,"why can't one sell sme ipo alloted the same day at lower circuit,many people incurred huge losses bcoz of this , other appaa allowed this please do the needful",1,18.17.3,True,0.15,features
2026-09-13 13:55:00,5,acha hai naye logon ke liye ek ummed hai share market janne ka good plate form,1,18.17.3,True,0.15,positive
2026-09-13 13:49:00,5,good,1,18.17.3,True,0.07,positive
2026-09-13 13:45:00,5,good 👍,0,18.17.3,True,0.13,positive
2026-09-13 13:30:00,5,good 👍 app,1,18.16.1,True,0.2,positive
2026-09-13 13:26:00,5,very good,0,18.16.1,True,0.08,positive
2026-09-13 13:22:00,5,nice,1,,True,0.07,positive
2026-09-13 13:17:00,2,good aps,0,,True,0.15,unthemed
2026-09-13 13:03:00,5,good excess,0,18.16.1,True,0.2,positive
2026-09-13 13:03:00,5,op,0,,True,0.2,positive
2026-09-13 12:56:00,4,all good but redemption payment is long process,1,18.17.3,True,0.13,positive
2026-09-13 12:46:00,5,good,0,18.17.3,True,0.12,positive
2026-09-13 12:42:00,5,very good 👍,0,18.16.1,True,0.18,positive
2026-09-13 12:38:00,5,good,0,18.16.0,True,0.07,positive
2026-09-13 12:32:00,4,Sometimes the app glitches causing trouble in order execution.,0,18.16.1,True,0.17,positive
2026-09-13 12:25:00,5,good,0,18.17.3,True,0.1,positive
2026-09-13 12:19:00,5,good app,0,18.16.1,True,0.12,positive
2026-09-13 12:14:00,5,[NAME],0,18.15.1,True,0.2,positive
2026-09-13 12:12:00,5,good,0,18.15.1,True,0.05,positive
2026-09-13 12:09:00,5,Good,0,18.17.3,True,0.1,positive
2026-09-13 12:00:00,5,😲,0,18.13.2,True,0.07,positive
2026-09-13 11:58:00,5,user friendly 💛,0,18.16.1,True,0.1,positive
2026-09-13 11:58:00,5,ok,0,18.17.3,True,0.1,positive
2026-09-13 11:56:00,3,Need more improvisation,1,,True,0.15,unthemed
2026-09-13 11:52:00,2,"new 3D fh एलए एटी 5गज ए 4, 3झा री टीके 1,))५४६,",0,,True,0.22,unthemed
2026-09-13 11:48:00,5,great,0,18.16.1,True,0.08,positive
2026-09-13 11:45:00,4,Nice,0,18.12.1,True,0.13,positive
2026-09-13 11:38:00,5,👍,0,18.16.1,True,-74.75,positive
2026-09-13 11:31:00,5,Excellent,0,18.16.1,True,0.18,positive
2026-09-13 11:15:00,4,Nice,0,18.16.1,True,0.18,positive
2026-09-13 11:05:00,5,best,0,18.8.1,True,0.17,positive
2026-09-13 11:03:00,5,nice I like it,0,18.16.1,True,0.2,positive
2026-09-13 10:55:00,1,Very very worst Oi and Oi cheg not show and not support worst update this groww application,0,18.16.1,True,0.15,"support,perf"
2026-09-13 10:54:00,5,good and best app for tread sip,0,18.17.3,True,0.17,positive
2026-09-13 10:50:00,5,Simple and best,0,18.17.3,True,0.05,positive
2026-09-13 10:43:00,1,emailed and contacted many times for closure of account but nothing happened,1,18.16.1,True,0.17,unthemed
2026-09-13 10:43:00,5,groww super,0,18.16.1,True,0.18,positive
2026-09-13 10:33:00,5,Best app,0,18.17.3,True,0.15,positive
2026-09-13 10:31:00,5,good💯℅,0,18.16.1,True,0.18,positive
2026-09-13 10:25:00,5,good,0,18.17.3,True,0.1,positive
2026-09-13 10:13:00,5,nice,0,18.17.3,True,0.03,positive
2026-09-13 10:05:00,5,good,0,18.16.1,True,0.17,positive
2026-09-13 09:48:00,2,ha vv2 by xxx26,0,,True,0.08,unthemed
2026-09-13 09:23:00,5,most app,0,18.16.1,True,0.05,positive
2026-09-13 08:38:00,4,good app,0,18.16.1,True,0.07,positive
2026-09-13 07:29:00,5,good👍,0,18.16.1,True,0.03,positive
2026-09-13 05:46:00,5,very good application. very easy to use,0,18.17.3,True,0.12,positive
2026-09-13 03:29:00,5,very nice working application,0,18.16.1,True,0.03,positive
2026-09-13 03:29:00,5,very nice,0,18.16.1,True,0.03,positive
2026-09-13 02:27:00,4,excellence,1,18.17.3,True,0.07,positive
2026-09-13 01:59:00,5,goog good very good,0,18.17.3,True,0.08,positive
2026-09-13 01:41:00,3,👍🏻,0,18.17.3,True,0.2,unthemed
2026-09-13 01:07:00,5,Easy to use.,0,18.16.1,True,0.13,positive
2026-09-13 00:56:00,5,love you,0,18.17.2,True,0.13,positive
2026-09-13 00:34:00,5,best,0,18.17.3,True,0.13,positive
2026-09-13 00:33:00,5,Good,0,18.16.1,True,0.15,positive
2026-09-13 00:28:00,5,ok,0,18.16.1,True,0.05,positive
2026-09-13 00:11:00,1,hanging lagging automatic buy and sell triggered geting pathetic day by day specially after latest update,0,18.17.3,True,0.07,perf
2026-09-12 23:56:00,3,good 👍,0,18.16.0,True,0.13,unthemed
2026-09-12 23:39:00,5,very nice,0,18.16.1,True,0.05,positive
2026-09-12 23:39:00,5,good,0,18.16.1,True,0.05,positive
2026-09-12 23:24:00,5,Great app,0,18.16.1,True,0.03,positive
2026-09-12 22:50:00,5,good,0,18.16.1,True,0.05,positive
2026-09-12 21:57:00,5,good experience,0,18.16.1,True,0.12,positive
2026-09-12 21:34:00,5,This is an excellent app. I have amended my Google review. because I am using this app since sep 2023 and am now a satisfied customer.,10830,18.16.1,True,-2.87,positive
2026-09-12 21:28:00,5,good,0,18.10.1,True,0.05,positive
2026-09-12 21:28:00,3,nice,0,,True,0.05,unthemed
2026-09-12 21:11:00,1,withdrawal me time jada lagta hai,0,,True,0.07,money
2026-09-12 21:04:00,5,super,0,18.17.3,True,0.18,positive
2026-09-12 20:46:00,5,traditional,0,18.9.0,True,0.12,positive
2026-09-12 20:32:00,1,please ban this app,0,,True,0.17,unthemed
2026-09-12 20:13:00,3,best but indicator delete option not easy to use,0,18.17.3,True,0.03,features
2026-09-12 20:10:00,1,over charges,0,18.16.1,True,0.08,charges
2026-09-12 20:07:00,2,Better to other,0,16.99,True,0.13,unthemed
2026-09-12 19:58:00,5,very good,0,18.17.3,True,0.1,positive
2026-09-12 19:55:00,5,good,0,18.16.1,True,0.15,positive
2026-09-12 19:26:00,5,good,1,18.16.1,True,0.08,positive
2026-09-12 19:25:00,5,ok,0,18.17.3,True,0.1,positive
2026-09-12 19:21:00,5,op app👍,0,,True,0.08,positive
2026-09-12 19:11:00,1,good,0,18.17.3,True,0.07,unthemed
2026-09-12 19:07:00,5,super 👍,0,18.16.1,True,0.13,positive
2026-09-12 19:02:00,5,amazing app,0,18.16.1,True,0.03,positive
2026-09-12 18:55:00,5,nowadays this app work too slowly everything feels laggy we can't see Even how many stocks we pledged and we can't see our balance properly too many glitches,0,,True,-19.03,positive
2026-09-12 18:50:00,5,real trust ❤️❤️,0,18.16.1,True,0.05,positive
2026-09-12 18:13:00,5,wonderful 😊 for life,0,18.16.1,True,0.03,positive
2026-09-12 17:56:00,1,too much charges,0,18.17.3,True,0.13,charges
2026-09-12 17:40:00,1,I withdraw money it not come 😭,0,18.16.1,True,0.03,money
2026-09-12 17:35:00,5,nice,0,18.16.1,True,0.12,positive
2026-09-12 17:27:00,5,Good,0,18.16.1,True,0.07,positive
2026-09-12 17:20:00,5,nice,1,18.17.3,True,0.1,positive
2026-09-12 17:13:00,5,nice,1,18.17.3,True,0.03,positive
2026-09-12 17:09:00,1,wd waaas se,0,18.14.1,True,0.1,unthemed
2026-09-12 16:46:00,5,nice,1,18.17.3,True,0.12,positive
2026-09-12 16:45:00,5,nice,0,18.17.3,True,0.13,positive
2026-09-12 16:37:00,1,bekar,0,18.16.1,True,0.08,unthemed
2026-09-12 16:21:00,5,very good,1,18.16.1,True,0.08,positive
2026-09-12 16:18:00,5,very good broker,0,,True,0.13,positive
2026-09-12 15:31:00,5,jabse ye aap mobile me aai hai me road pr aa gya,0,18.16.1,True,0.18,positive
2026-09-12 15:26:00,5,super,0,18.16.1,True,0.08,positive
2026-09-12 15:07:00,1,good,0,18.16.1,True,0.13,unthemed
2026-09-12 15:02:00,3,nice 🤩,0,18.17.3,True,0.03,unthemed
2026-09-12 14:25:00,5,nice,1,18.16.1,True,0.1,positive
2026-09-12 14:23:00,5,best app,0,18.16.1,True,0.05,positive
2026-09-12 14:00:00,5,simplest KYC,0,18.17.3,True,0.07,positive
2026-09-12 13:57:00,5,good,0,18.16.1,True,0.12,positive
2026-09-12 13:53:00,5,amazing,0,18.16.1,True,0.18,positive
2026-09-12 13:53:00,5,omg,0,18.15.1,True,0.2,positive
2026-09-12 13:50:00,4,nice and safe app,0,18.16.1,True,0.05,positive
2026-09-12 13:49:00,5,The letters in the app should be a bit larger; they are very small.,0,18.16.1,True,0.07,positive
2026-09-12 13:44:00,5,use full,0,18.17.3,True,0.15,positive
2026-09-12 13:34:00,5,good service,0,17.94.1,True,0.13,positive
2026-09-12 13:25:00,5,roj value,0,18.16.1,True,0.1,positive
2026-09-12 13:20:00,1,useless app. it refuses to accept my non google mail account.,1,,True,0.1,unthemed
2026-09-12 13:20:00,5,good,0,18.16.1,True,0.1,positive
2026-09-12 13:17:00,5,Good,0,18.16.1,True,0.15,positive
2026-09-12 13:14:00,3,very easy [NAME] nice,0,18.16.1,True,0.22,unthemed
2026-09-12 13:08:00,5,everything positive things,0,18.13.2,True,0.12,positive
2026-09-12 12:57:00,5,retrun,0,18.15.1,True,0.12,positive
2026-09-12 12:48:00,1,i deposit money but I can't buy it,0,18.16.1,True,0.08,money
2026-09-12 12:32:00,5,good,0,18.16.1,True,0.17,positive
2026-09-12 12:24:00,4,super,0,18.16.1,True,0.03,positive
2026-09-12 12:09:00,5,good,0,18.16.1,True,0.1,positive
2026-09-12 12:06:00,5,suppar,0,18.16.1,True,0.15,positive
2026-09-12 12:02:00,5,good 😊,0,18.15.1,True,0.03,positive
2026-09-12 11:58:00,5,good 👍,0,18.16.1,True,0.1,positive
2026-09-12 11:58:00,5,good,0,,True,0.1,positive
2026-09-12 11:46:00,5,good,0,18.15.1,True,0.12,positive
2026-09-12 11:30:00,5,good,0,18.15.0,True,0.2,positive
2026-09-12 11:03:00,4,mkcbl nnoun,0,18.16.1,True,0.2,positive
2026-09-12 10:53:00,4,good,0,18.17.3,True,0.18,positive
2026-09-12 10:48:00,5,nice,0,18.15.1,True,0.08,positive
2026-09-12 10:38:00,5,accha hai,0,18.16.1,True,0.07,positive
2026-09-12 10:37:00,5,very good,0,18.17.3,True,0.08,positive
2026-09-12 10:34:00,5,super 😊 and 🥇,0,18.16.1,True,0.15,positive
2026-09-12 10:33:00,1,Worst experience! Groww needs brokerage only even in customer loss.,2,18.17.3,True,0.17,charges
2026-09-12 10:28:00,5,good,0,18.16.1,True,0.05,positive
2026-09-12 10:09:00,1,Bad,1,18.17.3,True,0.1,unthemed
2026-09-12 10:05:00,5,[NAME],0,18.17.3,True,0.17,positive
2026-09-12 10:03:00,5,Good,0,18.14.2,True,0.2,positive
2026-09-12 09:47:00,5,nice,0,18.16.1,True,0.1,positive
2026-09-12 09:45:00,5,very good broker app,0,,True,0.13,positive
2026-09-12 09:35:00,5,best app in word,0,18.13.2,True,0.12,positive
2026-09-12 09:20:00,5,good,0,18.17.3,True,0.1,positive
2026-09-12 09:13:00,5,user friendly,1,18.17.3,True,0.03,positive
2026-09-12 09:13:00,4,Good app . but some time app was freezing.,0,18.16.1,True,0.03,positive
2026-09-12 09:06:00,5,good,0,18.16.1,True,0.15,positive
2026-09-12 08:48:00,4,okay,0,18.17.3,True,0.08,positive
2026-09-12 08:39:00,5,nice app,0,18.17.3,True,0.05,positive
2026-09-12 08:38:00,5,very nice,0,18.17.3,True,0.07,positive
2026-09-12 08:13:00,5,best,0,18.13.2,True,0.03,positive
2026-09-12 07:56:00,5,great,0,18.17.3,True,0.13,positive
2026-09-12 07:55:00,5,गुडमॉर्निंग,0,18.17.3,True,0.15,positive
2026-09-12 07:51:00,5,nice,0,,True,0.03,positive
2026-09-12 06:59:00,5,best,0,18.17.3,True,0.08,positive
2026-09-12 06:58:00,5,good,0,18.16.1,True,0.1,positive
2026-09-12 06:47:00,5,smooth user interface,0,18.16.1,True,0.1,positive
2026-09-12 06:29:00,5,esy to use and clean app,0,18.16.1,True,0.03,positive
2026-09-12 06:23:00,5,ok,0,18.17.3,True,0.05,positive
2026-09-12 06:12:00,5,very good,0,18.17.3,True,0.05,positive
2026-09-12 05:51:00,5,Nice App,0,,True,0.03,positive
2026-09-12 04:44:00,5,great 👍,0,18.17.3,True,0.15,positive
2026-09-12 03:40:00,5,super experience thanks groww stocks ❤️🙏🕉️,0,18.16.1,True,0.03,positive
2026-09-12 03:31:00,5,very nice,0,18.11.1,True,0.18,positive
2026-09-12 02:20:00,5,thik aahe,0,18.16.1,True,0.1,positive
2026-09-12 01:23:00,5,nice,0,18.16.1,True,0.05,positive
2026-09-12 01:07:00,3,".. 0 , in . Cv , Mm",0,17.59,True,-0.42,unthemed
2026-09-12 00:46:00,5,Good,0,18.16.1,True,0.12,positive
2026-09-12 00:06:00,5,ok,0,,True,0.15,positive
2026-09-11 23:54:00,4,Need to simplify and easy understanding,1,18.17.3,True,0.17,positive
2026-09-11 23:51:00,5,very good,0,18.15.1,True,0.03,positive
2026-09-11 23:22:00,4,Nice app,0,18.16.1,True,0.07,positive
2026-09-11 22:42:00,5,best app,0,18.16.1,True,0.18,positive
2026-09-11 22:42:00,5,veri good,0,18.16.1,True,0.18,positive
2026-09-11 22:36:00,5,super 👌👍,0,18.16.1,True,0.1,positive
2026-09-11 22:13:00,5,excellent for beginners,0,18.13.2,True,0.03,positive
2026-09-11 22:01:00,5,Good,0,18.14.1,True,0.05,positive
2026-09-11 21:55:00,2,MTF policy is pathetic,1,18.16.1,True,0.15,unthemed
2026-09-11 21:30:00,5,bhai keyboard sahi karo GR-1 ka please.,2,18.17.3,True,0.2,positive
2026-09-11 21:28:00,5,Awesome 😎👍🏻👍🏻,1,18.17.3,True,0.05,positive
2026-09-11 21:28:00,5,good👍💯💯💯,0,18.16.1,True,0.05,positive
2026-09-11 21:23:00,5,good 👍,0,18.16.1,True,0.05,positive
2026-09-11 21:22:00,5,very good service,0,18.13.2,True,0.07,positive
2026-09-11 21:19:00,3,I feel good,0,18.16.1,True,0.13,unthemed
2026-09-11 21:04:00,5,best ok,1,18.16.1,True,0.18,positive
2026-09-11 20:46:00,1,Platform is getting worst day by day. Customer service is worst. They don't have any solution for any of the issues being faced by the user. Today I have noticed that they subscription rate of IPOs being shown on Groww is incorrect and is far less than actual subscription rate. As expected from the worst platform.,4,18.16.1,True,-1441.4,unthemed
2026-09-11 20:36:00,5,super,0,18.16.1,True,0.1,positive
2026-09-11 20:21:00,5,good,0,18.17.3,True,0.08,positive
2026-09-11 20:07:00,5,bahut badhiya hai,0,,True,0.13,positive
2026-09-11 20:03:00,5,good 👍,0,18.13.2,True,0.2,positive
2026-09-11 19:47:00,5,"I have been utilizing Groww as my primary investment platform. I particularly appreciate its intuitive interface and user-friendly design. The recently launched GR-1 AI assistant has proven to be an invaluable tool. It efficiently provides comprehensive information, eliminating the need for extensive internet searches. I was genuinely impressed by its capabilities and have, therefore, noted its recent absence following an update. I kindly request its reinstatement at your earliest convenience.",0,18.16.1,True,0.1,positive
2026-09-11 19:12:00,5,good,1,18.16.1,True,0.05,positive
2026-09-11 19:11:00,1,bed,0,18.16.1,True,0.07,unthemed
2026-09-11 19:07:00,5,good,0,18.16.1,True,0.13,positive
2026-09-11 19:02:00,5,very easy to use always support for every query to resolve.,0,18.16.1,True,0.03,positive
2026-09-11 18:52:00,5,nice,0,18.17.3,True,0.2,positive
2026-09-11 18:42:00,5,excellent,0,18.16.1,True,0.18,positive
2026-09-11 18:35:00,2,this app is so hard for using,0,18.16.1,True,0.12,unthemed
2026-09-11 18:34:00,1,"Hidden charges not use the app buy sell charge square off charge account mobile nabar edit chanrge hazro charge ,better upstox , dhan , zaroda",0,,True,0.13,charges
2026-09-11 18:30:00,5,easy app koi bhi ise use krega use mza aye ga ise chlana ashan h I love groww app best feature kon kon use kr rha h like kre👌👌👌👌👌🤟🤟🤟❤️❤️❤️👍👍👍✌️✌️✌️✌️,2,18.17.3,True,0.22,positive
2026-09-11 18:30:00,4,Good 👍,0,18.17.3,True,0.22,positive
2026-09-11 18:26:00,5,super,0,18.16.1,True,0.08,positive
2026-09-11 18:24:00,5,perfect.......,0,18.16.1,True,0.03,positive
2026-09-11 18:23:00,5,please fix one things more mai jab v account switch karta hu mere sare indicator remove ho jate hai. har bar add karna parta hai all line r remove also what I fix as per analysis har bar add karne mai prblm hota hai account switch karne mai indicator remove na ho dekhna,1,18.17.3,True,0.05,positive
2026-09-11 18:20:00,5,Every thing is Good,1,18.17.3,True,0.1,positive
2026-09-11 18:12:00,1,it's a good 😊,1,18.17.3,True,0.05,unthemed
2026-09-11 18:11:00,5,best,1,18.13.2,True,0.07,positive
2026-09-11 18:10:00,5,very good,0,18.16.1,True,0.08,positive
2026-09-11 18:03:00,5,I am using Shiprocket Quick for my regular local orders and the experience has been positive so far. The app is easy to understand and delivery progress can be checked quickly. I also find it useful when customers ask about their orders because the latest status is easily accessible.,0,,True,0.22,positive
2026-09-11 17:48:00,2,इ बुक ऑफ ईसि,0,,True,0.08,unthemed
2026-09-11 17:37:00,5,good,1,18.16.1,True,0.08,positive
2026-09-11 17:24:00,5,good app,1,18.16.1,True,0.03,positive
2026-09-11 17:20:00,5,wow Nice App,0,18.17.3,True,0.1,positive
2026-09-11 17:12:00,5,good,1,18.16.1,True,0.05,positive
2026-09-11 16:28:00,5,nice,1,18.16.1,True,0.05,positive
2026-09-11 16:27:00,5,goob👍,0,18.16.1,True,0.07,positive
2026-09-11 16:18:00,5,good,0,18.16.1,True,0.13,positive
2026-09-11 16:18:00,5,good 👍,0,18.16.1,True,0.13,positive
2026-09-11 16:15:00,5,nice platform,1,18.14.1,True,0.18,positive
2026-09-11 16:14:00,5,Groww,0,18.16.1,True,0.22,positive
2026-09-11 16:04:00,5,ipo ek bi nahi laga muje,0,18.16.1,True,0.18,positive
2026-09-11 15:53:00,1,Mai sabhi trader or investor Bhai se anurodh karata hu....Jago grahak jago....ye grow trading platform sabase jyada brockrage leta hai jisake Karan sabhi trader loss me rahata hai.....aur koi recommendations v nahi deta... .ya to ye company brockrage kam kare ...nahi Mai ye platform use karana chhor raha hu....Jago trader and investors....,4,18.16.1,True,0.18,unthemed
2026-09-11 15:51:00,5,super,0,18.16.1,True,0.03,positive
2026-09-11 15:33:00,5,good 👍🏿,0,18.16.1,True,0.15,positive
2026-09-11 15:16:00,5,Good 👍😊.,0,18.17.3,True,0.17,positive
2026-09-11 15:16:00,5,good 😊,0,18.16.1,True,0.17,positive
2026-09-11 15:14:00,5,good 👍,1,18.17.3,True,0.22,positive
2026-09-11 15:12:00,5,nice 👍 good,0,18.16.1,True,0.05,positive
2026-09-11 15:06:00,5,best app for mutual fund sip,0,18.16.1,True,0.15,positive
2026-09-11 15:05:00,4,good,1,18.16.1,True,0.17,positive
2026-09-11 14:50:00,5,i am so happy ...thank you so much customer care support....Groww Application Good 😊 Thank you so much Best Demate Account Alltime ⭐⭐⭐⭐⭐⭐ 6 Star ✨,1,18.16.1,True,0.05,positive
2026-09-11 14:49:00,5,very good app interface,0,18.17.3,True,0.07,positive
2026-09-11 14:48:00,5,awesome ❤️,0,18.16.1,True,0.08,positive
2026-09-11 14:45:00,5,okay,1,,True,0.15,positive
2026-09-11 14:41:00,5,good,1,18.16.1,True,0.22,positive
2026-09-11 14:40:00,5,easy-to-use,0,18.16.1,True,0.03,positive
2026-09-11 14:38:00,5,superb,0,18.8.1,True,0.07,positive
2026-09-11 14:29:00,1,pathetic customer service,0,18.17.3,True,0.03,unthemed
2026-09-11 14:29:00,5,good,0,18.16.1,True,0.03,positive
2026-09-11 14:26:00,5,nice,0,18.16.1,True,0.08,positive
2026-09-11 14:26:00,5,good,0,18.16.1,True,0.1,positive
2026-09-11 14:20:00,5,good,1,18.14.2,True,0.1,positive
2026-09-11 14:05:00,5,earning aap,1,,True,0.17,positive
2026-09-11 14:04:00,5,very good,1,18.16.1,True,0.18,positive
2026-09-11 14:01:00,4,good 👍,2,18.17.3,True,0.05,positive
2026-09-11 13:59:00,5,very good,0,18.12.1,True,0.08,positive
2026-09-11 13:55:00,4,good app.,1,18.17.3,True,0.15,positive
2026-09-11 13:54:00,5,good,0,18.16.0,True,0.18,positive
2026-09-11 13:51:00,1,very buggy app every time it gets stuck when I go to the ipo option please fix it asap or else your groww share price will be more down,1,18.16.1,True,0.03,"features,perf"
2026-09-11 13:47:00,5,good 👍,1,18.17.3,True,0.1,positive
2026-09-11 13:37:00,5,mujhe khusi huwi,0,18.16.1,True,0.08,positive
2026-09-11 13:27:00,5,"Best platform for trading, simple interface makes it even better and the UPI features too makes it all rounder for any kind of financial activities",0,18.16.1,True,0.07,positive
2026-09-11 13:19:00,5,good,0,18.16.1,True,0.12,positive
2026-09-11 13:14:00,5,good,0,18.16.1,True,0.2,positive
2026-09-11 13:10:00,5,business good,0,18.16.1,True,0.08,positive
2026-09-11 13:09:00,5,"I am investing for last 3 year, its a best platform for investing",0,18.16.1,True,0.1,positive
2026-09-11 13:09:00,5,Very simple to use with Higher transparency,0,18.17.3,True,0.1,positive
2026-09-11 13:06:00,3,App is perfectly running before groww update on sep 8. after it bugs like stock price suddenly stop I'm refreshing running and again stopped it repeatedly. check above issue,0,18.17.3,True,0.17,perf
2026-09-11 13:05:00,5,Good,0,18.17.3,True,0.18,positive
2026-09-11 13:03:00,5,good,0,18.16.1,True,0.23,positive
2026-09-11 12:55:00,1,so much ads stop sending it,0,18.16.1,True,0.15,unthemed
2026-09-11 12:36:00,5,good,1,18.16.1,True,0.1,positive
2026-09-11 12:33:00,5,veri Good,0,18.17.3,True,0.15,positive
2026-09-11 12:32:00,1,becoming worst nowadays.....,1,18.17.3,True,0.17,unthemed
2026-09-11 12:29:00,5,best app,1,18.17.3,True,0.03,positive
2026-09-11 12:25:00,5,good,0,18.16.1,True,-2.35,positive
2026-09-11 12:18:00,5,op,1,18.16.1,True,0.13,positive
2026-09-11 12:14:00,5,good,0,18.16.1,True,0.2,positive
2026-09-11 12:08:00,5,very much thanks,0,18.17.3,True,0.12,positive
2026-09-11 12:08:00,5,good,1,18.16.1,True,0.12,positive
2026-09-11 12:04:00,5,good👍😊,0,18.16.1,True,0.18,positive
2026-09-11 12:03:00,5,good,0,18.16.1,True,0.22,positive
2026-09-11 11:51:00,4,ok,0,18.17.3,True,0.03,positive
2026-09-11 11:49:00,5,excellent..,0,18.17.3,True,0.07,positive
2026-09-11 11:49:00,5,good,0,18.17.3,True,0.07,positive
2026-09-11 11:42:00,5,Nice App,1,17.93.2,True,0.2,positive
2026-09-11 11:29:00,5,Good,0,18.16.1,True,0.03,positive
2026-09-11 11:29:00,5,nice,0,18.16.1,True,0.03,positive
2026-09-11 11:27:00,5,nice,0,18.16.1,True,0.07,positive
2026-09-11 11:18:00,1,"This app is very bad, do not install any",0,18.16.1,True,0.13,unthemed
2026-09-11 11:16:00,2,"c btaya lo eth Bathhhah h, adda ub laa kn a hy Thah gy tb lonzhU in thnyhll z on uk. kAiaaAbkjhl hy vh lhbbnn8J huh AA a h naah KnkiHb bhai yY ag Ok a a mn nhi iuhhA ahMP UN. O",1,18.17.3,True,0.17,unthemed
2026-09-11 11:16:00,4,you are worst service in loading stocks chart and option chains.,0,18.16.1,True,0.17,positive
2026-09-11 11:13:00,5,good app,0,18.16.1,True,0.23,positive
2026-09-11 11:08:00,5,very impressive 👍,0,18.17.3,True,0.12,positive
2026-09-11 11:05:00,5,बहुत बढ़िया,0,18.16.1,True,0.17,positive
2026-09-11 11:00:00,5,good app,0,18.15.1,True,0.07,positive
2026-09-11 10:57:00,5,impressed,0,18.17.3,True,0.12,positive
2026-09-11 10:55:00,5,nice,0,18.16.1,True,0.15,positive
2026-09-11 10:51:00,4,i like this app very much good for everyone for bignner for all etc...,0,18.16.1,True,0.03,positive
2026-09-11 10:47:00,5,good 💯,0,18.17.3,True,0.1,positive
2026-09-11 10:45:00,5,nice,0,18.17.3,True,0.13,positive
2026-09-11 10:44:00,5,good,0,18.17.3,True,0.17,positive
2026-09-11 10:43:00,5,nice application,1,18.17.3,True,0.18,positive
2026-09-11 10:40:00,5,good 👍👍,0,18.16.1,True,0.03,positive
2026-09-11 10:37:00,5,ok,0,18.16.1,True,0.08,positive
2026-09-11 10:37:00,5,good,0,18.17.3,True,0.08,positive
2026-09-11 10:35:00,5,very good 👍,0,18.16.1,True,0.13,positive
2026-09-11 10:30:00,5,good,0,18.16.1,True,0.22,positive
2026-09-11 10:26:00,5,super,0,18.17.3,True,0.08,positive
2026-09-11 10:25:00,5,best,1,18.16.1,True,0.1,positive
2026-09-11 10:21:00,5,"very genuine and accuracy, believable and trusted aap",0,18.16.1,True,0.08,positive
2026-09-11 10:20:00,5,Good,0,18.15.1,True,0.1,positive
2026-09-11 10:20:00,5,best app,1,18.17.3,True,0.1,positive
2026-09-11 10:16:00,1,too many changes and taxes,1,18.17.3,True,0.18,charges
2026-09-11 10:13:00,1,charts are inaccurate and doesn't show more than 3-4 years old.new update is pathetic as they provide scalpers button just above bach button. it very annoying.,0,18.16.1,True,0.03,"features,perf"
2026-09-11 10:12:00,5,best app,0,18.16.1,True,0.05,positive
2026-09-11 10:06:00,5,most esely oprating apps,0,18.17.3,True,0.15,positive
2026-09-11 10:00:00,2,very sluggish app.. day by day it is deteriorating. sometime screen freezes and u r left with no choice but to force shutdown the app and relaunch..,0,18.16.1,True,0.07,unthemed
2026-09-11 09:55:00,5,"I’ve been using this app for almost a year and have no complaints about its performance or features. I’d like to suggest one small addition: an optional description field when setting a stock alert. For example, if HAL is at ₹5,000 and I set an alert at ₹4,500 to buy shares, I’d like to note that reason in the alert. This would make alerts much more useful. I hope you’ll consider adding this feature!",1,18.17.3,True,0.15,positive
2026-09-11 09:55:00,1,😁,0,18.17.3,True,0.17,unthemed
2026-09-11 09:53:00,5,stunning,0,18.16.1,True,0.2,positive
2026-09-11 09:48:00,5,best platform,0,18.16.1,True,0.08,positive
2026-09-11 09:48:00,5,thank you grow,0,18.16.1,True,0.08,positive
2026-09-11 09:48:00,5,good 👍,0,18.16.1,True,0.08,positive
2026-09-11 09:45:00,1,new update ke baad login nahi ho raha .There seems to be an issue with your internet. Please check your internet connection. bata raha hai,0,,True,-13317.7,"perf,money"
2026-09-11 09:45:00,5,best,0,18.16.1,True,0.15,positive
2026-09-11 09:38:00,5,good,0,18.17.3,True,0.07,positive
2026-09-11 09:38:00,5,good 👍,0,18.16.1,True,0.07,positive
2026-09-11 09:35:00,1,whrost service last friday submitted all the documents since last friday its showing account opening will take 24 hours i called customer care its AI picking calls no clear answer ticket number 27719447,1,18.17.3,True,-0.7,support
2026-09-11 09:34:00,5,very convenient,0,18.16.1,True,0.13,positive
2026-09-11 09:32:00,5,great experience for an untrained person,0,18.16.1,True,0.18,positive
2026-09-11 09:32:00,5,👍,0,18.17.3,True,0.18,positive
2026-09-11 09:29:00,1,app hanged after 3 pm not working,0,18.17.3,True,0.03,unthemed
2026-09-11 09:25:00,5,trigger option is very bad my options is not considered,0,18.16.1,True,0.1,positive
2026-09-11 09:18:00,5,very good trading aap,0,18.17.3,True,0.13,positive
2026-09-11 09:16:00,5,best app,0,18.16.1,True,0.17,positive
2026-09-11 09:13:00,5,good,0,18.17.3,True,0.03,positive
2026-09-11 09:11:00,5,nice,0,18.16.1,True,0.07,positive
2026-09-11 08:59:00,5,very good working,0,18.16.1,True,0.08,positive
2026-09-11 08:59:00,3,user friendly.. But Brokerage charges are too high. If monthly package means could be better for F&O,0,18.16.1,True,0.08,"features,charges"
2026-09-11 08:54:00,5,GOOD,0,18.17.3,True,0.18,positive
2026-09-11 08:54:00,5,nice,0,18.16.1,True,0.18,positive
2026-09-11 08:46:00,5,Nice and convent app.,1,18.17.3,True,0.12,positive
2026-09-11 08:43:00,5,good 👍👍,0,18.15.1,True,0.17,positive
2026-09-11 08:43:00,5,super 😪🥱😘😎😺😅😺😘😪🤦🫢💙🤦🫢⚡ 🙂‍↕️,0,18.16.1,True,0.18,positive
2026-09-11 08:36:00,5,good work nice 👍,0,18.16.1,True,0.1,positive
2026-09-11 08:17:00,5,good,0,18.16.1,True,0.15,positive
2026-09-11 08:15:00,5,best,1,18.16.1,True,0.18,positive
2026-09-11 08:11:00,5,wow,0,18.16.1,True,0.07,positive
2026-09-11 08:02:00,5,good,0,18.14.2,True,0.03,positive
2026-09-11 07:49:00,5,Nice,0,18.16.1,True,0.07,positive
2026-09-11 07:49:00,5,excellent,1,18.17.3,True,0.07,positive
2026-09-11 07:47:00,5,Good IPO subscription real time update,1,18.17.3,True,0.1,positive
2026-09-11 07:40:00,5,Good,0,18.16.1,True,0.03,positive
2026-09-11 07:29:00,5,GOOD APP AND FANTASTIC MONEY TRADE,0,18.17.3,True,0.03,positive
2026-09-11 07:19:00,5,nice app,0,18.17.3,True,0.12,positive
2026-09-11 07:15:00,5,best nu solla mudiyathu,1,18.17.3,True,0.18,positive
2026-09-11 07:11:00,5,good,0,18.16.1,True,0.07,positive
2026-09-11 07:02:00,5,good,0,18.16.1,True,0.03,positive
2026-09-11 06:56:00,5,good nis,0,18.13.2,True,0.13,positive
2026-09-11 06:41:00,5,great ui simple to understand everything,1,18.16.1,True,0.2,positive
2026-09-11 06:32:00,5,Best app but charge jiyada hai,1,18.17.3,True,0.17,positive
2026-09-11 06:32:00,5,Easy interface,0,18.16.1,True,0.17,positive
2026-09-11 06:08:00,5,excellent,0,18.16.1,True,0.12,positive
2026-09-11 05:03:00,5,"even though you're charging ₹20 per trade,I love to it because you people are making me to groww and I like your app name groww which make me groww 💓🤗😎",1,,True,0.2,positive
2026-09-11 03:06:00,5,its very good,1,18.16.1,True,0.15,positive
2026-09-11 02:15:00,5,best,1,18.15.1,True,0.18,positive
2026-09-11 01:15:00,5,bro add trailing stop loss system on charts.. get updated bro it's time to bring that,2,18.17.3,True,0.18,positive
2026-09-11 00:48:00,5,excellent,1,18.12.1,True,0.08,positive
2026-09-11 00:32:00,5,first time use invest aspect good service and good,0,18.17.3,True,0.17,positive
2026-09-10 23:55:00,1,🤯,1,18.16.1,True,0.15,unthemed
2026-09-10 23:50:00,5,Nice app for use in investment,0,18.17.3,True,0.05,positive
2026-09-10 23:37:00,5,good,1,18.17.3,True,0.08,positive
2026-09-10 23:33:00,5,nice application,0,18.16.1,True,0.15,positive
2026-09-10 23:24:00,5,Nice Trading APP,1,18.13.2,True,0.03,positive
2026-09-10 23:20:00,4,very good,1,18.16.1,True,0.1,positive
2026-09-10 23:17:00,5,best,1,,True,0.15,positive
2026-09-10 22:57:00,5,good,1,18.16.1,True,0.12,positive
2026-09-10 22:53:00,5,good,0,18.16.1,True,0.18,positive
2026-09-10 22:46:00,5,nice,0,18.17.3,True,0.12,positive
2026-09-10 22:36:00,5,Good,1,18.16.1,True,0.1,positive
2026-09-10 22:19:00,5,Best app for forex and crypto trading,0,18.16.1,True,0.12,positive
2026-09-10 22:18:00,5,good,0,18.16.1,True,0.13,positive
2026-09-10 21:55:00,5,Best,1,18.16.1,True,0.15,positive
2026-09-10 21:34:00,1,its very wrong you are asking pan details to use the app. What do those people will do who want to watch market details and don't have pan or dont want to create account with groww The problem is that app automatically closes when you dont have entered your details ticket no 27725416,1,18.16.1,True,-0.05,support
2026-09-10 21:26:00,5,one of the best broker but charge so much,0,,True,0.08,positive
2026-09-10 21:04:00,5,very good,1,18.16.1,True,0.18,positive
2026-09-10 20:53:00,5,good app,0,,True,0.18,positive
2026-09-10 20:27:00,3,not responding customer care service I am waiting call in line 8mint 😡,2,18.17.3,True,0.07,support
2026-09-10 20:05:00,5,amazing,0,,True,0.17,positive
2026-09-10 19:41:00,4,It is good to use I have been using it for 2 years till now I didn't face any issue with this app.,0,18.15.1,True,0.2,positive
2026-09-10 19:34:00,5,all good,0,18.16.1,True,0.13,positive
2026-09-10 19:28:00,1,"This app may be useful for beginners who are just starting out and don’t know much about the process. However, if you are looking for good service, proper support, and a smooth overall experience, I would not recommend downloading this app. The service needs significant improvement, especially in terms of customer support and user experience.",2,18.17.3,True,0.05,support
2026-09-10 19:15:00,5,good,0,18.16.1,True,0.18,positive
2026-09-10 19:13:00,5,nice,2,18.17.3,True,0.03,positive
2026-09-10 19:04:00,5,fantastic,0,18.16.1,True,0.18,positive
2026-09-10 18:33:00,5,"I'm using Groww App from 2022 and doing investments through Groww. Groww app is very easy to use and also there is no maintenance charges at all. And, the charges for buying and selling share are also very less. I would highly recommend Groww app for Beginners, Intermediate and Experts as well. Thanks a lot Groww for making my investments easy and quick",1,18.16.1,True,0.15,positive
2026-09-10 17:45:00,5,Good 👍,0,18.16.1,True,0.13,positive
2026-09-10 17:39:00,5,so costly,0,18.16.1,True,0.05,positive
2026-09-10 17:37:00,3,I am very surprised that how the GROWW has kept the number one active user with itself while it does not even wander around Zerodha.,0,18.16.1,True,0.08,unthemed
2026-09-10 17:34:00,5,this is best app,0,18.15.0,True,0.13,positive
2026-09-10 17:24:00,5,good,0,18.16.1,True,0.03,positive
2026-09-10 16:58:00,5,good,0,18.16.1,True,0.1,positive
2026-09-10 16:51:00,5,excellent,0,18.17.3,True,0.03,positive
2026-09-10 16:41:00,5,good,0,18.16.1,True,0.2,positive
2026-09-10 16:40:00,5,nice 👍,1,18.16.1,True,0.03,positive
2026-09-10 16:36:00,3,"i have been using the app, most of the configuration works in sunc however Alerts customized shoukd be eneabled , that can help to keep the alert for 3m , 6m or a year. currently its only available for a month and that creates lot of tracking",2,18.16.1,True,0.1,unthemed
2026-09-10 16:32:00,5,nice,0,18.16.1,True,0.18,positive
2026-09-10 16:30:00,5,Ismai sab kuch karna ige haj,1,,True,0.22,positive
2026-09-10 16:11:00,4,show fastet growing share seperate,0,18.16.1,True,0.07,positive
2026-09-10 16:11:00,5,good,0,18.16.1,True,0.07,positive
2026-09-10 16:07:00,5,very good platform,0,18.16.1,True,0.13,positive
2026-09-10 15:46:00,5,"it's very simple to use , 👍",1,18.16.1,True,0.12,positive
2026-09-10 15:41:00,4,good,0,18.16.1,True,0.2,positive
2026-09-10 15:41:00,1,"complete manipulation, please correct the exit button and SL",1,18.16.1,True,0.2,unthemed
2026-09-10 15:35:00,5,Quick and efficient service when required. Great platform,1,18.17.3,True,0.12,positive
2026-09-10 15:33:00,1,फ्रॉड ट्रेडिंग है अभी भी वक्त है पैसा मत वेस्ट करो इन लोगो के चक्कर मे ये सब फ्रॉड है,0,18.17.3,True,-1016.48,unthemed
2026-09-10 15:33:00,3,scalper buttons the right side of chain button in chart interface is so irritating 😭,1,,True,0.15,features
2026-09-10 15:32:00,1,"after taking the click also ,trade wasn't executed and I got loss because of your terrible performance, also tried to connect Customer support but instead of understanding my concern they're reverting like AI , disgusting....",2,18.17.3,True,0.17,support
2026-09-10 15:30:00,4,சூப்பர்,0,18.15.1,True,0.22,positive
2026-09-10 15:29:00,5,good,0,18.16.1,True,0.03,positive
2026-09-10 15:27:00,5,best application for investing.,0,,True,0.07,positive
2026-09-10 15:23:00,5,good app 👌 👍,1,18.17.3,True,0.05,positive
2026-09-10 15:20:00,2,good,0,18.16.1,True,0.1,unthemed
2026-09-10 15:04:00,5,good,0,18.16.1,True,0.18,positive
2026-09-10 15:00:00,5,best trading app 👌👌,0,18.14.2,True,0.07,positive
2026-09-10 14:54:00,5,great and simple app 👍,2,18.17.3,True,0.17,positive
2026-09-10 14:17:00,5,good 😊,0,18.17.3,True,0.15,positive
2026-09-10 14:10:00,5,Good app.,0,18.16.1,True,0.08,positive
2026-09-10 14:09:00,5,Good,0,18.13.2,True,0.1,positive
2026-09-10 14:07:00,5,Excellent,1,18.16.1,True,0.13,positive
2026-09-10 14:06:00,5,verry nice,0,18.13.2,True,0.17,positive
2026-09-10 13:55:00,5,great,1,18.15.1,True,0.15,positive
2026-09-10 13:53:00,5,excellent,1,18.16.1,True,0.18,positive
2026-09-10 13:52:00,5,best,1,18.16.1,True,0.2,positive
2026-09-10 13:50:00,1,very bed sarvice poor sarver order not cancel soo bed sarvice customer care not responding any query don't trust this application avoid this application,1,,True,0.05,support
2026-09-10 13:39:00,5,need notice the stock s,1,18.17.3,True,0.05,positive
2026-09-10 13:29:00,5,good,1,18.13.2,True,0.03,positive
2026-09-10 13:27:00,1,bad service and app refresh time too hang every time my self 😞 one i saw my profit 1.3k up after few minutes then I it's zero oo but Everytime frees automatic update not working.,5,18.16.1,True,0.07,perf
2026-09-10 13:26:00,4,good,1,18.16.1,True,0.08,positive
2026-09-10 13:24:00,5,good 😊👍,1,18.16.1,True,0.03,positive
2026-09-10 13:22:00,1,vary bad technician issu,1,18.17.3,True,0.07,unthemed
2026-09-10 13:16:00,5,I love you groww,0,18.16.1,True,0.17,positive
2026-09-10 13:13:00,5,superstar 💪,0,18.15.1,True,0.03,positive
2026-09-10 13:13:00,5,👍,0,18.16.1,True,0.03,positive
2026-09-10 13:07:00,1,bhai jitna profit me tha usse jyada loss aa gaya ab to position close kar do ya bilkul hi zero karke chhodoge,1,18.16.1,True,-0.05,unthemed
2026-09-10 13:06:00,5,very nice service,1,18.17.3,True,0.15,positive
2026-09-10 13:04:00,5,good,0,18.16.1,True,0.2,positive
2026-09-10 13:04:00,5,good,0,18.16.1,True,0.2,positive
2026-09-10 13:01:00,1,worst app for trading,0,18.16.1,True,0.05,unthemed
2026-09-10 12:59:00,5,good,0,18.16.1,True,0.08,positive
2026-09-10 12:56:00,1,stock is being stuck and due to the same is being losses to customer,0,18.16.1,True,0.15,perf
2026-09-10 12:50:00,5,good experience,0,18.16.1,True,0.05,positive
2026-09-10 12:42:00,5,all is good,0,18.16.1,True,0.18,positive
2026-09-10 12:42:00,5,good 👍,0,18.16.1,True,0.2,positive
2026-09-10 12:38:00,4,good,0,18.16.1,True,0.07,positive
2026-09-10 12:31:00,1,itne bade Wale chore frauds scamsters or thieves ho ap log k kya hi batau ..? tum log external charges k naam par... itni chori krte ho na k kya hi btau...??? mere chote se profit pe bhi 600₹ external tax k naam par kar liya tum logon ne... tabhi toh tum badi badi posts walo k bache tedhe medhe or handicapped ya apang paida hote h... jab shraap lete ho Brahmins ka tum log...🥺,2,18.17.3,True,0.18,charges
2026-09-10 12:29:00,5,good,0,18.17.3,True,0.03,positive
2026-09-10 12:17:00,5,nice app,0,18.16.1,True,0.15,positive
2026-09-10 12:08:00,5,Good,0,18.16.1,True,0.12,positive
2026-09-10 12:05:00,5,good,0,18.16.1,True,0.17,positive
2026-09-10 11:55:00,5,bahut achha,0,18.17.3,True,0.15,positive
2026-09-10 11:54:00,5,my app is AI option is not show,0,,True,0.17,positive
2026-09-10 11:51:00,5,best app,0,18.16.1,True,0.03,positive
2026-09-10 11:45:00,4,"Pls Pls Pls make it possible to change the timeline in Sector Trending Today Page. Only 1 day change can be seen, make it 3/6 months and one year also, so that one can make decisions more accurately and timely. Consider this as urgent [NAME] necessary Switching Account is not happening, not even logging out @10/09/2026",5,18.16.1,True,-7412.32,positive
2026-09-10 11:45:00,5,Good Service,0,18.16.1,True,0.13,positive
2026-09-10 11:43:00,5,nice,0,18.17.3,True,0.18,positive
2026-09-10 11:40:00,5,Best,0,18.16.1,True,0.03,positive
2026-09-10 11:35:00,1,"worst customer support, no one responds properly. takes 1 hour to reply that they will look into the issue shortly and then provide some trash solution and immediately close the chat",0,18.16.1,True,0.12,support
2026-09-10 11:29:00,4,"Feature Request: Add Application Number and IPO Name in UPI Mandate Descriptions When applying for IPOs, the incoming UPI mandate requests on banking/UPI apps (Google Pay, PhonePe, BHIM, Paytm) often show generic merchant names or lack clear descriptions. ​When applying for multiple IPOs or using multiple accounts, it becomes difficult to identify which mandate belongs to which application. 10/9/2026 are you take any action for my suggestions???",1,18.16.1,True,-408.78,positive
2026-09-10 11:27:00,5,very Good Aap,0,18.16.1,True,0.07,positive
2026-09-10 11:23:00,5,very good,0,18.17.3,True,0.05,positive
2026-09-10 11:08:00,5,🙏🙏🙏🙏🙏,0,18.16.1,True,0.12,positive
2026-09-10 11:05:00,1,previously its a good app. after updates its showing so many errors,2,18.17.3,True,0.17,unthemed
2026-09-10 11:03:00,4,its excellent platform & very user friendly. complete solution in one app,3,18.17.3,True,0.2,positive
2026-09-10 11:02:00,5,👍,0,18.16.1,True,0.03,positive
2026-09-10 10:53:00,5,super groww,1,18.16.1,True,0.18,positive
2026-09-10 10:49:00,4,👍👍👍👌👌,0,18.16.1,True,0.07,positive
2026-09-10 10:45:00,5,good,1,18.16.1,True,0.13,positive
2026-09-10 10:43:00,5,"Groww jaisi dusari koi bhi trading app nahi hai. Ye app user friendly hai, kisi bhi stock ka technical analysis karane ke bad bahot dino tak vah layout save rahata hai. Easy to use hai. Beginners ke liye bahut hi useful hai.",1,18.17.3,True,-0.02,positive
2026-09-10 10:37:00,5,Nice 👍🙂,1,18.15.1,True,0.08,positive
2026-09-10 10:36:00,5,best simple application for trading shares over any application.. I prefer only groww thank you for this simple UI,0,,True,0.1,positive
2026-09-10 10:32:00,5,good,1,18.16.1,True,0.18,positive
2026-09-10 10:31:00,5,amezing emerging and always grow 🪴,1,18.17.3,True,0.2,positive
2026-09-10 10:27:00,5,thank you Groww for supporting struggling traders like us... we have a low capital now a days but one day we must make crores with your [NAME].. thanks a lot 🙏❤️,1,18.16.1,True,0.07,positive
2026-09-10 10:16:00,5,Very Good,1,18.16.1,True,0.17,positive
2026-09-10 10:14:00,5,best option on Trade,1,18.16.1,True,0.2,positive
2026-09-10 10:13:00,1,this app is so bad it is showing my account is on KYC hold but I already did buy and sell. It says it will be fixed after 2 days but now it has not fixed yet,0,18.16.1,True,0.03,money
2026-09-10 09:56:00,5,It's my first experience investing via Groww and expect better opportunities in the future. Let's see what the future holds!,0,18.16.1,True,0.13,positive
2026-09-10 09:45:00,5,very good 👍👍👍👍👍👍👍,0,,True,0.13,positive
2026-09-10 09:40:00,5,Thank You Very Much,0,18.16.1,True,0.03,positive
2026-09-10 09:37:00,5,user friendly App.,0,18.16.1,True,0.08,positive
2026-09-10 09:36:00,5,excellent platform 💯,1,18.16.1,True,0.1,positive
2026-09-10 09:33:00,5,nice,1,18.17.3,True,0.17,positive
2026-09-10 09:26:00,5,good ya and supr,0,18.16.1,True,0.08,positive
2026-09-10 09:22:00,5,good,0,18.17.3,True,0.07,positive
2026-09-10 09:22:00,1,Back button hiding issu on charts Dont hide back button,1,18.17.3,True,0.07,features
2026-09-10 09:20:00,5,A+ interface. I am very satisfied.,1,18.16.1,True,0.1,positive
2026-09-10 09:19:00,5,Impressed,1,18.16.1,True,0.13,positive
2026-09-10 09:18:00,5,chart hanging fix it otherwise I will uninstall this app,0,17.27,True,0.15,positive
2026-09-10 09:16:00,5,"Groww is a very good and user-friendly app for investing and trading. The interface is simple, easy to understand, and smooth to use. It is especially helpful for beginners. Overall, I am very happy with the Groww app and would recommend it to others.",1,18.16.1,True,0.18,positive
2026-09-10 09:13:00,5,nice,1,18.16.1,True,0.03,positive
2026-09-10 09:09:00,5,Exilent,0,18.16.1,True,0.1,positive
2026-09-10 09:08:00,5,this is good 😊,0,18.17.3,True,0.12,positive
2026-09-10 09:05:00,4,this app is very best broker in the world,0,18.16.1,True,0.18,positive
2026-09-10 09:05:00,5,best aap,0,18.16.1,True,0.18,positive
2026-09-10 09:03:00,5,nice,0,18.16.1,True,0.22,positive
2026-09-10 08:58:00,5,good,1,18.17.3,True,0.1,positive
2026-09-10 08:55:00,5,it's soo comfortable,0,18.16.1,True,0.15,positive
2026-09-10 08:54:00,5,"very good,nice 👍",1,18.17.3,True,0.17,positive
2026-09-10 08:53:00,5,good,0,18.17.3,True,0.2,positive
2026-09-10 08:53:00,5,thankyou groww,0,18.16.1,True,0.2,positive
2026-09-10 08:52:00,5,just. wowwww,0,18.16.1,True,0.22,positive
2026-09-10 08:52:00,5,good 👍 5,0,18.17.3,True,0.23,positive
2026-09-10 08:37:00,5,best,0,18.16.1,True,0.08,positive
2026-09-10 08:37:00,5,nice,0,18.16.1,True,0.08,positive
2026-09-10 08:35:00,5,very good,0,18.9.0,True,0.13,positive
2026-09-10 08:29:00,5,very good 👍,0,18.16.1,True,0.03,positive
2026-09-10 08:28:00,1,higher charges,0,18.17.3,True,0.05,charges
2026-09-10 08:16:00,5,good,0,18.16.1,True,0.17,positive
2026-09-10 08:13:00,5,nice,1,18.17.3,True,0.03,positive
2026-09-10 08:02:00,1,waste app not good zerodha is best one,1,,True,0.03,unthemed
2026-09-10 07:59:00,5,easy and simple app,0,18.16.1,True,0.08,positive
2026-09-10 07:58:00,5,nice 👍,0,18.16.1,True,0.1,positive
2026-09-10 07:57:00,4,नाइस,0,18.16.1,True,0.13,positive
2026-09-10 07:53:00,5,👍,0,18.16.1,True,0.2,positive
2026-09-10 07:27:00,5,best app,0,18.14.2,True,0.07,positive
2026-09-10 07:17:00,5,this app good working. and and personal easy. all option available for investments,1,18.16.1,True,0.15,positive
2026-09-10 07:09:00,3,Please add a Fund Size option to show whether the fund size is going up or down over time. A simple chart would be very helpful. 👍,2,18.17.3,True,0.1,features
2026-09-10 06:57:00,5,good,0,18.16.1,True,0.12,positive
2026-09-10 06:41:00,5,good 👍,0,18.16.1,True,0.2,positive
2026-09-10 06:26:00,5,it's a very good platform for investment.,0,18.16.1,True,0.08,positive
2026-09-10 06:18:00,5,good app for groww aap,1,18.17.3,True,0.13,positive
2026-09-10 06:03:00,5,good 👍 TNX groww app,0,18.16.1,True,0.2,positive
2026-09-10 05:54:00,5,good,0,17.78,True,0.17,positive
2026-09-10 05:54:00,5,good,0,18.16.1,True,0.17,positive
2026-09-10 05:51:00,5,nice,0,18.16.1,True,0.03,positive
2026-09-10 03:00:00,4,good interface,0,18.16.1,True,0.07,positive
2026-09-10 01:36:00,5,super,0,18.16.1,True,0.1,positive
2026-09-10 01:03:00,1,don't show this chutiya app on YouTube. fed up with your faltu addds,1,18.17.3,True,0.2,unthemed
2026-09-10 01:01:00,5,good,0,18.16.1,True,0.05,positive
2026-09-10 00:58:00,5,Good app for Trading 👌👌,0,18.16.1,True,0.1,positive
2026-09-10 00:14:00,5,good,0,18.8.1,True,0.2,positive
2026-09-10 00:13:00,5,very nice service,3,18.17.3,True,0.03,positive
2026-09-09 22:45:00,5,this is a nice 👍😊,0,,True,0.13,positive
2026-09-09 21:40:00,1,People invest and deal with charts in the stock market and the weakest thing in this app is charts don't show and mean what charts must be doing.,2,18.17.3,True,0.03,features
2026-09-09 21:36:00,5,good,0,18.13.2,True,0.1,positive
2026-09-09 21:29:00,5,very very good 👍,0,18.15.1,True,0.03,positive
2026-09-09 21:25:00,4,Good,0,18.16.1,True,0.1,positive
2026-09-09 21:19:00,5,nice,0,18.16.1,True,0.12,positive
2026-09-09 21:15:00,5,best,0,18.13.2,True,0.18,positive
2026-09-09 21:10:00,5,thank you for sending me this nice gift.,2,18.17.3,True,0.08,positive
2026-09-09 20:56:00,5,excellent 👍👌,0,18.16.1,True,0.13,positive
2026-09-09 20:56:00,5,wonderful 👍,0,18.16.1,True,0.13,positive
2026-09-09 20:54:00,5,best 👌,0,18.16.1,True,0.17,positive
2026-09-09 20:54:00,5,good 👍,0,18.16.1,True,0.18,positive
2026-09-09 20:38:00,4,Very Good App 👍,0,18.16.1,True,0.07,positive
2026-09-09 20:08:00,5,good,0,18.16.1,True,0.12,positive
2026-09-09 20:08:00,5,Jay shree [NAME],0,18.16.1,True,0.12,positive
2026-09-09 20:04:00,5,A very good and smooth app. The new features added and Ui improvements have made life easier. Good going. 👍,3,18.17.3,True,0.18,positive
2026-09-09 20:02:00,5,nice app,0,18.16.1,True,0.03,positive
2026-09-09 19:53:00,5,nich,1,18.16.1,True,0.18,positive
2026-09-09 19:49:00,5,Thank for you 😊,0,,True,0.07,positive
2026-09-09 19:42:00,5,nice app,0,18.16.1,True,0.18,positive
2026-09-09 19:37:00,5,"It's a really good app ,but bruh pls fix the ai it's dumb asf",0,,True,0.08,positive
2026-09-09 19:24:00,5,supar,0,18.16.1,True,0.03,positive
2026-09-09 19:22:00,5,good feeling,0,18.16.1,True,0.07,positive
2026-09-09 19:18:00,4,"Needs to work on more filters and UI list to help investors to pick the right stock of their interest like other apps. For muslim to find [NAME] stock , similar to a Jain they need Satvik filter or if we need to pick some stock which have 1.Low Debt to Asset , 2.High Profit margin stock 3.Latest trending AI, Semiconductor, Energy for Data center * Can we Add Debt to Asset for Manufacturing/Infra Company * Debt to 12 Month Avg Market Valuation ratio for Service based companies.",2,18.16.1,True,-222.6,positive
2026-09-09 19:16:00,5,wow super application,0,18.16.1,True,0.17,positive
2026-09-09 19:13:00,5,good,0,18.16.1,True,0.03,positive
2026-09-09 19:08:00,5,thank you very,0,18.1.1,True,0.12,positive
2026-09-09 19:07:00,4,good,0,18.16.1,True,0.13,positive
2026-09-09 18:56:00,5,good 👍😊,0,18.16.1,True,0.13,positive
2026-09-09 18:44:00,5,very nice app. thank you,0,18.16.1,True,0.15,positive
2026-09-09 18:01:00,5,excellent 👍,0,,True,0.05,positive
2026-09-09 18:00:00,5,"this is good to buy stocks ,but some problems are there more brokerage charges are getting.",0,,True,0.07,positive
2026-09-09 17:40:00,5,best,1,18.16.1,True,0.03,positive
2026-09-09 17:35:00,5,It has been half a decade with groww started an investing journey from 2020 a great experience with no technical glitches or any other bad experience I have faced till now I liked the App easy users interface and other features over all 10/10,0,18.17.3,True,0.12,positive
2026-09-09 17:30:00,5,Nice work,0,18.16.1,True,0.2,positive
2026-09-09 17:22:00,5,amazing experience,0,18.16.1,True,0.07,positive
2026-09-09 17:21:00,5,best trading app,1,18.17.3,True,0.08,positive
2026-09-09 17:04:00,5,easy to use and trusted,1,18.16.1,True,0.18,positive
2026-09-09 16:54:00,5,good app 👍,0,18.16.1,True,0.17,positive
2026-09-09 16:46:00,5,nice performance,0,18.16.1,True,0.12,positive
2026-09-09 16:46:00,5,good,0,18.16.1,True,0.12,positive
2026-09-09 16:45:00,5,fantastic app,0,18.16.1,True,0.13,positive
2026-09-09 16:41:00,5,best app,0,,True,0.22,positive
2026-09-09 16:38:00,3,average,0,18.16.1,True,0.07,unthemed
2026-09-09 16:32:00,4,good,0,18.14.0,True,0.17,positive
2026-09-09 16:26:00,2,Groww has very poor customer support and always busy customer staff they don't listen so it is better to change your broker I just mailed them today to send me exit formalities I was a member from 4 years and tested it all way,0,18.16.1,True,0.08,support
2026-09-09 16:25:00,5,ee ee 2 22w2,0,,True,0.1,positive
2026-09-09 16:20:00,1,very bad,0,18.16.1,True,0.1,unthemed
2026-09-09 16:20:00,5,very nice 👍,0,18.16.1,True,0.1,positive
2026-09-09 16:16:00,5,"Good, but withdrawal money from the app should be faster",0,18.16.1,True,0.17,positive
2026-09-09 16:14:00,5,excellent customer service,0,18.16.1,True,0.22,positive
2026-09-09 16:07:00,5,good 👍,0,18.16.1,True,0.13,positive
2026-09-09 16:03:00,5,good,0,18.16.1,True,0.2,positive
2026-09-09 15:59:00,1,incorrect information on stock price history,0,18.16.1,True,0.08,unthemed
2026-09-09 15:47:00,5,wonderful grow app for the share market,0,18.16.1,True,0.1,positive
2026-09-09 15:43:00,5,excellent 👌,0,18.16.1,True,0.17,positive
2026-09-09 15:29:00,5,Nice 👍,0,,True,0.03,positive
2026-09-09 15:25:00,5,best,0,18.16.1,True,0.1,positive
2026-09-09 15:23:00,5,good 😊,0,18.15.1,True,0.05,positive
2026-09-09 15:20:00,5,ok,0,18.16.1,True,0.1,positive
2026-09-09 15:16:00,1,"I am using since a long but now it's not working properly, it's like as buffering, so I wants to switch another aplication",1,18.16.1,True,0.17,unthemed
2026-09-09 15:14:00,1,Update you language ASK GR1 for hindi language as well it understand only English 😡,0,18.16.1,True,0.22,perf
2026-09-09 15:14:00,5,good,0,18.16.1,True,0.22,positive
2026-09-09 15:01:00,5,very informative and very easy to use.,1,18.16.1,True,0.05,positive
2026-09-09 14:53:00,5,nice,1,18.16.1,True,0.18,positive
2026-09-09 14:53:00,5,good 👍,0,18.16.1,True,0.2,positive
2026-09-09 14:51:00,5,very good app for trading all types but one issue global market missing,3,18.17.3,True,0.03,positive
2026-09-09 14:29:00,5,good initial traders..Very simple and unique dashboards,0,18.16.1,True,0.03,positive
2026-09-09 14:28:00,5,nice 👍,0,18.16.1,True,-0.03,positive
2026-09-09 14:23:00,5,good,0,18.13.2,True,0.05,positive
2026-09-09 14:12:00,5,super,0,18.16.1,True,0.05,positive
2026-09-09 14:12:00,5,good 👍,0,18.16.1,True,0.05,positive
2026-09-09 14:05:00,5,good,0,18.16.1,True,0.17,positive
2026-09-09 14:04:00,5,journey starts here 🙌,0,18.16.1,True,0.2,positive
2026-09-09 14:02:00,5,good,0,18.16.1,True,0.03,positive
2026-09-09 14:00:00,5,good 👍,0,18.15.1,True,0.07,positive
2026-09-09 14:00:00,5,👍,0,18.16.0,True,0.07,positive
2026-09-09 13:44:00,5,good app,0,18.15.1,True,0.15,positive
2026-09-09 13:40:00,1,slow,1,,True,0.03,perf
2026-09-09 13:15:00,5,Good platform for trading,0,18.16.1,True,0.18,positive
2026-09-09 13:09:00,5,good 👍👍👍,1,18.16.1,True,0.1,positive
2026-09-09 13:07:00,5,good work,1,18.17.2,True,0.13,positive
2026-09-09 13:03:00,1,Worst application for trading,1,18.16.1,True,0.2,unthemed
2026-09-09 12:59:00,1,"worst app, i can't even reactive my account after 1 year of investing, now i can't invest more",0,18.16.1,True,0.08,unthemed
2026-09-09 12:58:00,5,excellent,0,18.16.1,True,0.1,positive
2026-09-09 12:58:00,4,best,0,18.15.1,True,0.1,positive
2026-09-09 12:54:00,5,good,0,18.16.1,True,0.18,positive
2026-09-09 12:51:00,5,गजब,0,17.52,True,0.03,positive
2026-09-09 12:50:00,5,"on the special aap for trading investment and mutual funds, SIP and more plan",0,18.14.1,True,0.05,positive
2026-09-09 12:39:00,5,good,0,18.13.2,True,0.05,positive
2026-09-09 12:28:00,5,good,0,18.16.1,True,0.05,positive
2026-09-09 12:22:00,5,good,1,18.16.1,True,0.07,positive
2026-09-09 12:20:00,5,easy interface and instantly withdrawal,2,18.17.3,True,0.1,positive
2026-09-09 12:13:00,5,trust apk,0,18.11.1,True,0.03,positive
2026-09-09 12:07:00,5,very good,0,18.16.1,True,0.13,positive
2026-09-09 12:05:00,5,good quality experience,0,18.16.1,True,0.17,positive
2026-09-09 12:02:00,5,thank you,0,18.3.1,True,0.03,positive
2026-09-09 12:00:00,5,good,1,18.16.1,True,0.07,positive
2026-09-09 11:54:00,1,Very bad support either it is chat or call. They say wait time is 3 minutes. However no agent for long 20 minutes.,36,18.10.1,True,0.17,support
2026-09-09 11:52:00,5,Good,1,18.16.1,True,0.22,positive
2026-09-09 11:50:00,5,amazing 😍,0,18.16.1,True,0.05,positive
2026-09-09 11:44:00,4,"I've been using this app for two years. Everything's working fine, but its processing speed is very slow and needs some adjustments. Whenever I want to redeem money, it takes five days for the money to be credited. Change this a bit, Groove! Only then can you increase your customer base. Reduce the redemption time from five days to two days.",1,18.16.1,True,0.15,positive
2026-09-09 11:43:00,5,ok,1,,True,0.17,positive
2026-09-09 11:42:00,4,👍,0,16.54,True,0.2,positive
2026-09-09 11:40:00,5,to good,1,18.16.1,True,0.03,positive
2026-09-09 11:32:00,5,best,0,18.16.1,True,0.17,positive
2026-09-09 11:29:00,5,good,1,18.16.1,True,0.03,positive
2026-09-09 11:23:00,5,super,0,18.16.1,True,0.05,positive
2026-09-09 11:22:00,5,good,0,18.16.1,True,0.07,positive
2026-09-09 11:14:00,5,good,0,18.16.1,True,0.2,positive
2026-09-09 11:10:00,1,💔,0,18.15.1,True,0.08,unthemed
2026-09-09 11:07:00,1,The UI is user friendly but the functioning of the app is very poor it gets lagged when important trades are taken..........worst app to trade in or invest in.,0,,True,0.13,unthemed
2026-09-09 10:59:00,5,no interest on pledge,0,18.16.1,True,0.08,positive
2026-09-09 10:57:00,5,gret,0,18.16.1,True,0.12,positive
2026-09-09 10:56:00,5,good 👍,0,18.16.1,True,0.13,positive
2026-09-09 10:51:00,3,okk,0,18.16.1,True,0.03,unthemed
2026-09-09 10:49:00,5,"very user friendly app, easy interface",0,18.16.1,True,0.07,positive
2026-09-09 10:49:00,5,best,0,18.16.1,True,0.07,positive
2026-09-09 10:42:00,5,excellent this is the best Dmat compare to other Dmat account's,0,18.16.1,True,0.2,positive
2026-09-09 10:41:00,5,😁,0,18.4.2,True,0.22,positive
2026-09-09 10:39:00,5,NFPINtyh,0,18.16.1,True,0.05,positive
2026-09-09 10:36:00,5,👋🫵,1,18.16.1,True,0.1,positive
2026-09-09 10:34:00,5,nice app,0,18.13.2,True,0.13,positive
2026-09-09 10:32:00,1,no customer support and the charge are much more then they mention,0,18.16.1,True,0.18,"support,charges"
2026-09-09 10:17:00,5,good,0,18.16.1,True,0.15,positive
2026-09-09 10:15:00,5,it's grow gift,0,18.15.1,True,0.18,positive
2026-09-09 10:12:00,5,good,0,18.16.1,True,0.05,positive
2026-09-09 10:10:00,5,good,0,18.16.1,True,0.08,positive
2026-09-09 10:10:00,5,gud,0,18.16.1,True,0.08,positive
2026-09-09 10:10:00,1,my indicator was reset. 3rd time this happened.,0,,True,0.1,features
2026-09-09 10:02:00,5,best,0,18.16.1,True,0.03,positive
2026-09-09 09:59:00,5,Good easy to understand,0,18.16.1,True,0.08,positive
2026-09-09 09:59:00,5,Good,0,18.13.2,True,0.08,positive
2026-09-09 09:56:00,5,good,0,18.16.1,True,0.15,positive
2026-09-09 09:54:00,5,good,0,18.16.1,True,0.18,positive
2026-09-09 09:50:00,4,tnxxx past time groww thnxxx,0,18.13.2,True,0.05,positive
2026-09-09 09:47:00,5,exilent,0,18.16.1,True,0.1,positive
2026-09-09 09:46:00,1,pracharya se dekha ka luto,0,17.44,True,0.12,unthemed
2026-09-09 09:37:00,5,Growwwwwwwwwwww ❤️x10⁹⁹⁹⁹⁹⁹⁹⁹⁹⁹,0,18.16.1,True,0.08,positive
2026-09-09 09:32:00,5,fentastic over all review is 5 star ⭐ rating,0,18.15.1,True,0.17,positive
2026-09-09 09:29:00,5,ok 👌,0,18.16.1,True,0.03,positive
2026-09-09 09:28:00,3,Newly implemented AI is not working as I'm not able to apply. then what's the use of apply button,1,18.17.3,True,0.05,unthemed
2026-09-09 09:21:00,3,this scalper option placement is not proper,2,18.16.1,True,0.08,unthemed
2026-09-09 09:19:00,5,best app,0,18.16.1,True,0.12,positive
2026-09-09 09:16:00,1,brokerage charge very high,0,18.16.1,True,0.17,charges
2026-09-09 09:15:00,3,"it's good overall, but I'm still waiting for the GMP option.",3,18.17.3,True,0.2,support
2026-09-09 09:07:00,5,good,0,18.16.1,True,0.13,positive
2026-09-09 09:04:00,5,super,0,18.16.1,True,0.18,positive
2026-09-09 09:01:00,1,worst experience zero knowledge for costumer service team they don't even respond your stocks will get missed and loss becomes higher and higher when you get profit will have heavy deduction and the amount will miss directly if you ask in costumer care they don't even respond properly plz don't even install this address totally scam. plz be far from apps like this. thankyou.,0,,True,0.05,unthemed
2026-09-09 08:52:00,5,tis an amazing skill and this skill naver male me bored,0,18.16.1,True,0.2,positive
2026-09-09 08:47:00,5,"One of the best trading applications I have ever used , customer friendly",0,,True,0.1,positive
2026-09-09 08:40:00,5,very good app. fast and smooth,0,18.16.1,True,0.03,positive
2026-09-09 08:19:00,5,very nice 🤠,0,18.16.1,True,0.12,positive
2026-09-09 08:12:00,5,best,0,18.16.1,True,0.05,positive
2026-09-09 07:48:00,5,very easy to use,0,18.16.1,True,0.08,positive
2026-09-09 07:47:00,5,best' ♥️,0,18.16.1,True,0.1,positive
2026-09-09 07:43:00,1,"Lately I did three day trades with quantities varying from 1 to 5 and the brokerage that Groww charges is 10 to 12 rs on profits of 14 to 16 rs. I remember having a 14 rs gain of which I was only left with a net gain of 1 rs after brokerage, taxes and other charges. Definitely won't recommend when brokerage charges are so high.",1,18.16.1,True,0.17,charges
2026-09-09 07:39:00,1,delete my account profile,0,,True,0.05,unthemed
2026-09-09 07:10:00,5,good,0,18.16.1,True,0.08,positive
2026-09-09 07:07:00,5,sonu Chaudhary,0,18.16.1,True,0.13,positive
2026-09-09 06:39:00,5,best app,0,18.16.1,True,0.05,positive
2026-09-09 05:38:00,5,very good and easy surfing,0,,True,0.07,positive
2026-09-09 05:19:00,5,super working,0,18.14.1,True,0.12,positive
2026-09-09 04:05:00,5,good👍,0,18.16.1,True,0.17,positive
2026-09-09 03:57:00,5,dubu,0,18.16.1,True,0.12,positive
2026-09-09 03:33:00,5,good,0,18.7.0,True,0.15,positive
2026-09-09 02:33:00,5,good,0,18.16.1,True,0.15,positive
2026-09-09 02:22:00,5,very good,0,,True,0.07,positive
2026-09-09 01:34:00,5,good,0,18.16.1,True,0.13,positive
2026-09-09 00:58:00,5,great 😃,0,18.16.1,True,0.1,positive
2026-09-09 00:24:00,5,યો ❤️! સં,0,,True,0.03,positive
2026-09-09 00:14:00,3,"Cumulative investing is not easy to track when investors have multiple financial goals. It would be great if the app introduced goal-wise trackers with sub-divisions for goals like retirement, education, wealth creation, etc. This would make portfolio tracking much easier and more convenient. Hope you consider this in the next update!",1,18.16.1,True,0.2,perf
2026-09-08 23:42:00,5,excellent,0,18.16.1,True,0.18,positive
2026-09-08 23:13:00,5,super,0,18.16.1,True,0.03,positive
2026-09-08 23:13:00,5,good,0,18.16.1,True,0.03,positive
2026-09-08 23:04:00,5,Good app,0,18.16.1,True,0.18,positive
2026-09-08 23:02:00,3,good application for stocks market,0,18.16.1,True,0.03,unthemed
2026-09-08 22:47:00,5,trusted app,0,18.16.1,True,0.1,positive
2026-09-08 22:34:00,5,good,0,18.2.1,True,0.13,positive
2026-09-08 22:30:00,5,good,0,18.16.1,True,0.2,positive
2026-09-08 22:24:00,5,og☠️,0,18.16.1,True,0.03,positive
2026-09-08 22:16:00,5,very nice 👌,0,18.16.1,True,0.17,positive
2026-09-08 22:08:00,5,good,0,18.16.1,True,0.12,positive
2026-09-08 22:07:00,5,good,0,18.16.1,True,0.13,positive
2026-09-08 22:00:00,5,good,0,18.16.1,True,0.07,positive
2026-09-08 21:59:00,5,super,0,,True,0.08,positive
2026-09-08 21:55:00,4,good,1,18.16.1,True,0.15,positive
2026-09-08 21:50:00,5,very easy,0,18.16.1,True,0.05,positive
2026-09-08 21:35:00,5,best app in share market,0,18.15.1,True,0.12,positive
2026-09-08 21:17:00,5,best,1,18.16.1,True,0.15,positive
2026-09-08 21:09:00,5,very good,0,18.16.1,True,0.1,positive
2026-09-08 20:21:00,4,nice,0,18.13.2,True,0.08,positive
2026-09-08 20:21:00,5,like it,0,18.16.1,True,0.08,positive
2026-09-08 19:23:00,4,nice aap,1,18.12.1,True,0.05,positive
2026-09-08 19:19:00,1,"In My Life the Biggest Mistake took place 2 years ago and till now because of that, I lost several lakhs to recover that loss and it's all because of groww app was not connecting to the server. In the last two years what I lost is not money, I lost my mom's hope and dreams, she never lost belief in me. But she cried for the first time in my life, not because of money, because I lied her to not hurt. I guarantee you, I will not leave you, this much easily. U will lose bigger than that",1,18.16.1,True,0.12,unthemed
2026-09-08 18:48:00,3,it's very easy to use the app even for beginners but it doesn't have trailing stoploss for equity delivery trades and charges for 20 rs for every sell order. It will be great if the concerns are sorted,1,18.16.1,True,0.08,charges
2026-09-08 18:37:00,4,very good,0,18.16.1,True,0.08,positive
2026-09-08 18:28:00,5,bahut hi dhatiya app hai remDerm 110000 bar rejected kar chuka hai,0,18.16.1,True,0.05,positive
2026-09-08 18:18:00,1,Worst & Misleading App Ever,0,,True,0.13,unthemed
2026-09-08 17:36:00,4,ok,0,18.16.1,True,0.1,positive
2026-09-08 17:26:00,1,very ghatiya,0,,True,0.08,unthemed
2026-09-08 17:22:00,5,ok,0,,True,0.07,positive
2026-09-08 17:16:00,5,very very good good,1,18.16.1,True,0.17,positive
2026-09-08 17:10:00,5,very Good,1,18.16.1,True,0.08,positive
2026-09-08 17:04:00,5,very good 👍,1,18.16.1,True,0.18,positive
2026-09-08 16:49:00,5,some features are missing,1,18.16.1,True,0.25,positive
2026-09-08 16:42:00,1,this app not stop loss working and high profit time exist button not working please don't use this app very very worst app dont installed,0,,True,-9428.63,features
2026-09-08 16:30:00,5,all the best 👍,1,18.15.1,True,0.2,positive
2026-09-08 16:02:00,5,so nice app,1,,True,0.03,positive
2026-09-08 15:36:00,5,good,0,18.16.1,True,0.1,positive
2026-09-08 15:33:00,5,"just one thing , greatest",0,18.16.1,True,0.15,positive
2026-09-08 15:30:00,5,simple and easy platform every support customer service,0,18.16.1,True,0.2,positive
2026-09-08 15:16:00,5,exiled,0,18.16.1,True,0.17,positive
2026-09-08 15:11:00,3,good 👍,0,,True,0.07,unthemed
2026-09-08 15:09:00,5,good 👍😊,0,18.16.1,True,0.1,positive
2026-09-08 15:06:00,5,good,0,18.16.1,True,0.17,positive
2026-09-08 15:03:00,5,best groww,0,18.16.1,True,0.22,positive
2026-09-08 14:57:00,5,🧬🧬🧬,0,18.16.1,True,0.12,positive
2026-09-08 14:41:00,5,wandrfull,0,18.16.1,True,0.2,positive
2026-09-08 14:39:00,5,good work 👏,0,18.12.1,True,0.05,positive
2026-09-08 14:39:00,1,"very bad experience in selling stocks,i cnt sell the stocks , no response from the coustomer service.",0,18.16.1,True,0.05,unthemed
2026-09-08 14:38:00,5,good,0,17.92.3,True,0.07,positive
2026-09-08 14:31:00,5,gud,0,18.16.1,True,0.2,positive
2026-09-08 14:27:00,5,Good 👍,0,18.16.1,True,0.07,positive
2026-09-08 14:20:00,4,amezing,0,18.16.1,True,0.1,positive
2026-09-08 14:10:00,5,awesome,0,18.16.1,True,0.08,positive
2026-09-08 13:59:00,1,money withdraw issue,1,18.11.0,True,0.08,money
2026-09-08 13:54:00,5,super,0,18.16.1,True,0.17,positive
2026-09-08 13:52:00,5,good 👍,0,18.11.1,True,0.2,positive
2026-09-08 13:50:00,1,Wrost application for trading,0,18.16.1,True,0.05,unthemed
2026-09-08 13:47:00,5,good 👍,0,18.12.1,True,0.1,positive
2026-09-08 13:44:00,5,Good,0,18.16.1,True,0.15,positive
2026-09-08 13:36:00,5,nice,0,18.16.1,True,0.1,positive
2026-09-08 13:34:00,5,very good,0,18.15.1,True,0.13,positive
2026-09-08 13:30:00,5,👍 nice app,0,18.16.1,True,0.2,positive
2026-09-08 13:28:00,5,👍,0,18.16.1,True,0.05,positive
2026-09-08 13:21:00,1,Very worst experience. No support from the customer service. I have sent mail also no reply. I thought of saving in MF's. By this experience I will not invest any. worst app..already mailed no use,1,18.16.1,True,-1.28,support
2026-09-08 13:11:00,5,👍👍,0,18.16.1,True,0.07,positive
2026-09-08 12:53:00,5,good,0,18.16.1,True,0.18,positive
2026-09-08 12:51:00,5,amazing 😍,0,,True,0.03,positive
2026-09-08 12:51:00,5,very nice work,0,18.16.1,True,0.03,positive
2026-09-08 12:45:00,4,"Easy to Use, user-friendly",0,18.16.1,True,0.13,positive
2026-09-08 12:40:00,2,bas,0,18.16.1,True,0.03,unthemed
2026-09-08 12:40:00,3,evarej,0,18.16.1,True,0.03,unthemed
2026-09-08 12:37:00,5,good service,0,18.15.1,True,0.08,positive
2026-09-08 12:37:00,5,very easy understand,0,18.16.1,True,0.1,positive
2026-09-08 12:30:00,5,very good,0,18.16.1,True,0.22,positive
2026-09-08 12:19:00,5,for reality,0,18.16.1,True,0.12,positive
2026-09-08 11:52:00,3,Great,0,18.16.1,True,0.2,unthemed
2026-09-08 11:49:00,5,excellent work all time in app,0,18.16.1,True,0.07,positive
2026-09-08 11:45:00,5,awesome,0,18.16.1,True,0.13,positive
2026-09-08 11:24:00,4,ok,0,,True,0.03,positive
2026-09-08 11:23:00,5,good 👍,0,18.15.1,True,0.05,positive
2026-09-08 11:14:00,5,Stocks Mutual Fund Best Services This App Groww,0,18.16.1,True,0.2,positive
2026-09-08 11:04:00,5,very convenient and Good,0,18.16.1,True,0.18,positive
2026-09-08 10:53:00,3,good,0,17.95.0,True,0.18,unthemed
2026-09-08 10:51:00,5,good 👍,0,18.16.1,True,0.03,positive
2026-09-08 10:43:00,5,good 👌🏻,0,18.16.1,True,0.17,positive
2026-09-08 10:43:00,5,super app,0,18.16.1,True,0.17,positive
2026-09-08 10:39:00,5,easy interface. clarity and proactive updates,0,18.16.1,True,0.05,positive
2026-09-08 10:39:00,5,Very simple and beginner-friendly interface.,0,18.16.1,True,0.05,positive
2026-09-08 10:35:00,5,very good 👍,0,18.16.1,True,0.12,positive
2026-09-08 10:34:00,5,nice,1,18.16.1,True,0.15,positive
2026-09-08 10:34:00,5,good,0,,True,0.15,positive
2026-09-08 10:26:00,4,super,1,18.16.1,True,0.08,positive
2026-09-08 10:23:00,5,good,0,18.16.1,True,0.05,positive
2026-09-08 10:18:00,5,Best,0,18.14.2,True,0.13,positive
2026-09-08 10:16:00,1,very slow and lagging apps,0,18.16.1,True,0.17,perf
2026-09-08 10:03:00,1,"All Indian brothers and sisters please be aware that Groww is a big fraud company. They are tied up with some bogus companies and recommending their shares to us. I purchased shares from three different companies as per their recommendations and I lost Rs. 10 lacs due to their fraudulent practices. How can they recommend us to buy some new, unrecognised, and bogus companies who are there to steal our money by internal share price movements. Please stay away from this biggest fraud company.",1,18.16.1,True,0.02,unthemed
2026-09-08 09:59:00,4,good,0,18.16.1,True,0.08,positive
2026-09-08 09:53:00,5,good one,1,18.16.1,True,0.18,positive
2026-09-08 09:44:00,5,Best,0,18.16.1,True,0.15,positive
2026-09-08 09:44:00,4,trusted app,0,18.16.1,True,-0.03,positive
2026-09-08 09:43:00,5,so nice 🇮🇳,0,18.16.1,True,0.17,positive
2026-09-08 09:39:00,5,verry good,1,18.16.1,True,0.05,positive
2026-09-08 09:38:00,1,"worst , only grow will grow not ur money",0,18.16.1,True,0.07,unthemed
2026-09-08 09:34:00,4,only Grow App Use,1,18.16.1,True,0.15,positive
2026-09-08 09:32:00,5,very nice 👍👍,0,18.16.1,True,0.18,positive
2026-09-08 09:32:00,5,good,0,18.16.1,True,0.18,positive
2026-09-08 09:22:00,5,good,0,18.16.1,True,0.07,positive
2026-09-08 09:18:00,5,best for trading 👌,0,18.16.1,True,0.13,positive
2026-09-08 09:18:00,5,good 👍,0,18.16.1,True,0.15,positive
2026-09-08 09:17:00,5,good,0,,True,0.17,positive
2026-09-08 09:15:00,5,very good this app,0,18.16.1,True,0.2,positive
2026-09-08 09:14:00,1,supar,0,18.16.1,True,0.23,unthemed
2026-09-08 09:12:00,5,Good app fast working,0,18.16.1,True,0.05,positive
2026-09-08 08:51:00,5,best 👌 trust,0,18.16.1,True,0.03,positive
2026-09-08 08:20:00,5,very good 😊,0,18.16.1,True,0.1,positive
2026-09-08 08:18:00,5,Yesterday started,0,18.16.1,True,0.13,positive
2026-09-08 08:13:00,1,Groww is a fraudulent company. It only exploits its customers and takes their money in the name of rules and regulations.,0,18.16.1,True,0.03,unthemed
2026-09-08 07:35:00,4,good,0,18.13.2,True,0.12,positive
2026-09-08 07:30:00,5,very nice and helpful 👍,0,18.16.1,True,0.2,positive
2026-09-08 07:30:00,5,good,0,18.15.1,True,0.2,positive
2026-09-08 07:29:00,5,good,0,,True,0.03,positive
2026-09-08 06:43:00,5,Good services all over,0,18.16.1,True,0.17,positive
2026-09-08 06:30:00,5,👍,0,18.16.1,True,0.2,positive
2026-09-08 06:18:00,5,good investment,0,,True,0.13,positive
2026-09-08 05:32:00,5,best investment app,1,18.16.1,True,-0.02,positive
2026-09-08 02:15:00,5,good,0,18.16.1,True,0.18,positive
2026-09-08 02:08:00,5,kam cut kro text,0,18.16.1,True,0.12,positive
2026-09-08 01:31:00,5,EXCELLENT SERVICE INFORMATION 💚💝🎉🎉🥇,0,18.16.1,True,0.18,positive
2026-09-08 01:28:00,2,thanks groww app,1,18.16.1,True,0.05,unthemed
2026-09-08 00:52:00,5,everything is well and good,0,18.14.1,True,0.2,positive
2026-09-08 00:43:00,5,👍😊 good,0,18.16.1,True,0.17,positive
2026-09-08 00:28:00,1,Unable to log in for the last few days. It keeps showing: “Your journey reset is in progress. Try again.” Please fix this issue.,1,18.16.1,True,0.05,unthemed
2026-09-08 00:19:00,5,Superb,0,18.16.1,True,0.12,positive
2026-09-08 00:05:00,5,good,0,18.16.1,True,0.17,positive
2026-09-08 00:04:00,1,chart didn't update and opening chart problem,0,18.16.1,True,0.18,"features,perf"
2026-09-07 23:18:00,5,very fast and clear out put app it,1,18.16.1,True,0.13,positive
2026-09-07 23:09:00,5,very Good 👍,0,18.16.1,True,0.1,positive
2026-09-07 23:03:00,4,GOOD 👍🏿,0,18.16.1,True,0.2,positive
2026-09-07 23:03:00,1,"I am concerned about the high brokerage charges for F&O trading on Groww. The brokerage cost becomes quite significant, especially for frequent option traders and small-volume trades. Please review your F&O brokerage charges and consider reducing them or introducing a zero/low-brokerage plan for F&O traders. Competitive brokerage charges would make Groww much more attractive for active traders. Kindly consider this feedback and let me know if there are any lower-brokerage plans currently avail",2,18.16.1,True,-12916.58,"features,charges"
2026-09-07 23:00:00,5,Don't Install,0,18.16.1,True,0.07,positive
2026-09-07 22:48:00,5,right way,0,17.85,True,0.08,positive
2026-09-07 22:45:00,5,nice one,0,18.16.1,True,0.13,positive
2026-09-07 22:39:00,5,good,0,18.16.1,True,0.05,positive
2026-09-07 22:25:00,3,gold,0,18.16.1,True,0.1,unthemed
2026-09-07 22:17:00,5,very good,0,18.16.1,True,0.15,positive
2026-09-07 22:16:00,1,"Indians usually use initials in aadhar & full name in pan..aadhar and pan linked successfully with IT dept, then what is the problem with your server says name mismatch in aadhar and pan. so, i opened account in Angel one through online which was hassle free..I also have in IIFL & kite. update your server to accept the minor variation in initials & expansions in names. However, i cant update aadhar anymore its a time waste process as it will cause lot of problems which linked to other accounts.",0,,True,-0.02,perf
2026-09-07 22:12:00,5,great,0,18.16.1,True,0.05,positive
2026-09-07 21:56:00,5,very good app,0,18.16.1,True,0.13,positive
2026-09-07 21:44:00,5,good,0,18.16.1,True,0.15,positive
2026-09-07 21:41:00,5,good 👍,0,18.16.1,True,0.2,positive
2026-09-07 21:32:00,5,💯,0,18.15.1,True,0.17,positive
2026-09-07 21:29:00,5,this is a good app i like is app,0,,True,0.03,positive
2026-09-07 21:23:00,5,"plz provide a separate news tab for all news. inside News do separate stock news, global news, national News etc.",0,18.16.1,True,0.05,positive
2026-09-07 21:21:00,5,👍 good,0,18.16.1,True,0.08,positive
2026-09-07 21:15:00,4,super service,0,18.16.1,True,0.2,positive
2026-09-07 21:14:00,5,veri veri good 👍👍,0,18.16.1,True,0.22,positive
2026-09-07 21:00:00,5,easy to use,0,18.16.1,True,0.07,positive
2026-09-07 20:45:00,5,good 👍👍,0,,True,0.13,positive
2026-09-07 20:41:00,5,nice,0,18.16.1,True,0.2,positive
2026-09-07 20:40:00,4,very nice,0,,True,0.03,positive
2026-09-07 20:31:00,2,bad,0,,True,0.18,unthemed
2026-09-07 20:29:00,5,ಸೂಪರ್,0,18.16.1,True,0.03,positive
2026-09-07 20:23:00,4,very good,0,18.16.1,True,0.05,positive
2026-09-07 20:15:00,5,good,0,18.16.1,True,0.18,positive
2026-09-07 20:08:00,5,good,0,18.16.1,True,0.12,positive
2026-09-07 20:04:00,4,site not so fast,0,18.13.2,True,0.18,positive
2026-09-07 19:56:00,5,good 👍😊,0,18.16.1,True,0.13,positive
2026-09-07 19:56:00,5,good,0,18.16.1,True,0.13,positive
2026-09-07 19:55:00,5,👍,0,18.16.1,True,0.15,positive
2026-09-07 19:49:00,5,good,0,18.15.1,True,0.07,positive
2026-09-07 19:42:00,5,awesome but brokerage j yada h,0,18.16.1,True,0.18,positive
2026-09-07 19:38:00,5,nice,0,18.16.1,True,0.07,positive
2026-09-07 19:27:00,2,"loss due to miss click, please place the buy at market price / sell at market price button somewhere else instead of just below the name of stock/share.. many time when someone want to click on name of stock, they click the buy sell button",2,18.16.1,True,0.07,unthemed
2026-09-07 18:58:00,5,good,0,18.16.1,True,0.1,positive
2026-09-07 18:58:00,5,super Ho lekin dubaon mein bhi super hun,0,18.17.2,True,0.1,positive
2026-09-07 18:24:00,1,"All profile enjoying GROWW it self, Dot use this app as never suggested. We investing to earn but they have very heavy charges, so please use othe budget Freindly platform. I don't know and really surprised how the Rating is so high even though other platforms providing best services at reasonable rate",0,,True,0.03,charges
2026-09-07 18:12:00,5,good,0,18.16.1,True,0.05,positive
2026-09-07 18:06:00,5,pls change for upi please change for the upi method it's very trouble for me why for the changing a wallet recharge method for internet banking,0,18.16.1,True,-7400.65,positive
2026-09-07 17:57:00,5,bhut accha h aap isme groww krta h,0,18.16.1,True,0.12,positive
2026-09-07 17:46:00,4,graow credit 👌,0,18.16.1,True,0.12,positive
2026-09-07 17:21:00,1,"I am extremely dissatisfied with my experience with Groww. Personally, I would not recommend this app to anyone for investing their hard-earned money. I have faced repeated issues while using Groww, whether related to stocks, payments, money, or other services. My overall experience has been extremely frustrating and disappointing. I have personally had such a bad experience with this app that I no longer feel comfortable keeping my money here. Based on my own experience, I would strong",0,18.16.1,True,0.08,unthemed
2026-09-07 17:12:00,1,total loss,0,17.91.0,True,0.05,unthemed
2026-09-07 17:03:00,3,ok,0,18.16.1,True,0.2,unthemed
2026-09-07 16:47:00,5,very good 👍,0,18.11.1,True,0.1,positive
2026-09-07 16:42:00,3,It was very good once but currently it is completely corrupt in the name of loans.,0,18.16.1,True,-16070.95,unthemed
2026-09-07 16:36:00,4,simple UI and quick accessible functions,1,18.16.1,True,0.1,positive
2026-09-07 16:35:00,3,very good,0,18.16.1,True,0.12,unthemed
2026-09-07 16:29:00,5,very good good 👍👏,0,18.16.1,True,0.03,positive
2026-09-07 16:22:00,4,very good so beautiful,1,18.14.2,True,0.07,positive
2026-09-07 16:19:00,5,good,1,18.16.1,True,0.12,positive
2026-09-07 16:16:00,1,application हैंग होगयी 3.25pm par,0,18.16.1,True,0.17,unthemed
2026-09-07 16:11:00,5,nich,0,,True,0.07,positive
2026-09-07 15:59:00,5,very nice ap for Indian stocks,0,18.16.1,True,0.08,positive
2026-09-07 15:55:00,5,very good app,0,,True,0.15,positive
2026-09-07 15:54:00,1,not working properly today,0,18.16.1,True,0.17,unthemed
2026-09-07 15:47:00,5,ok 👌,0,,True,0.1,positive
2026-09-07 15:45:00,4,ca 🎊🎊🎊srcv cv. v,0,18.16.1,True,0.13,positive
2026-09-07 15:38:00,3,nice,0,18.16.1,True,0.07,unthemed
2026-09-07 15:01:00,5,Smooth Interface For Beginners Best Choice 🔥👍,2,17.7,True,0.05,positive
2026-09-07 14:58:00,5,osm,0,18.16.1,True,0.1,positive
2026-09-07 14:28:00,5,🥰♥️,1,,True,0.05,positive
2026-09-07 14:04:00,1,I am giving half star actually for let updates of chart and shares prices. and too much charges are in option trading. brokerage is ok but external charges without any use and saying GST and bla bla .....wrost experience in grow and thats why grow loosing customers.... and remove that third class scalper mode which is near chain options.,2,18.16.1,True,-9408.82,"features,charges"
2026-09-07 14:01:00,5,best trading in grow experience,0,18.16.1,True,0.05,positive
2026-09-07 13:48:00,5,it's nice ☺️☺️,1,18.15.1,True,0.08,positive
2026-09-07 13:46:00,1,Lots of glitches are there now-a-days kindly remove that scalper mode button from the left bottom corner,0,18.16.1,True,0.12,unthemed
2026-09-07 13:43:00,5,good,0,18.15.1,True,0.17,positive
2026-09-07 13:38:00,5,excellent,1,18.16.1,True,0.07,positive
2026-09-07 13:33:00,5,I'm trust Groww,0,18.16.1,True,0.15,positive
2026-09-07 13:21:00,5,5 year experience in grow,0,18.16.1,True,0.08,positive
2026-09-07 13:21:00,1,"why you guys remove the back button, when we entered the candle stick screen",0,18.16.1,True,0.08,unthemed
2026-09-07 13:19:00,5,nice,0,18.16.1,True,0.12,positive
2026-09-07 13:15:00,3,good,0,18.16.1,True,0.2,unthemed
2026-09-07 13:15:00,5,good,0,18.16.1,True,0.2,positive
2026-09-07 13:03:00,5,best,0,18.16.1,True,0.2,positive
2026-09-07 12:56:00,5,Good and satisfied.,0,18.16.1,True,0.13,positive
2026-09-07 12:56:00,3,"Groww app user-experience ke maamle me bahut accha hai, lekin isme [NAME] tak SLBM (Stock Lending and Borrowing Mechanism) ki facility nahi hai. Long-term investors ke liye apne stocks par extra income earn karne ke liye SLBM ek bahut zaroori feature hai. Zerodha aur baaki doosre bade brokers ye service kaafi samay se de rahe hain.Groww team se request hai ki is feature ko jald se jald add karein.",0,18.16.1,True,0.13,unthemed
2026-09-07 12:52:00,4,brokerage fees is high but easy to use BTW app is good.,2,18.16.1,True,0.2,positive
2026-09-07 12:38:00,5,ultra [NAME] max,0,18.15.1,True,0.07,positive
2026-09-07 12:36:00,5,very nice GROWW APP,0,18.16.1,True,0.1,positive
2026-09-07 12:36:00,5,superb,0,18.16.1,True,0.12,positive
2026-09-07 12:33:00,3,good 😊,1,18.16.1,True,0.17,unthemed
2026-09-07 12:26:00,1,navigation buttons issue. bring back navigation buttons in chart view it's very annoying to go back while on chart or atleast give settings for auto hide navigation buttons or disable it while on chart Please fix the issue of back button,1,18.16.1,True,-98.73,features
2026-09-07 12:23:00,5,good,1,18.16.1,True,0.05,positive
2026-09-07 12:20:00,4,nice,0,18.15.1,True,0.1,positive
2026-09-07 12:19:00,5,good,0,18.13.2,True,0.12,positive
2026-09-07 12:14:00,5,nice,0,18.16.1,True,0.22,positive
2026-09-07 12:09:00,5,super 😍,0,,True,0.1,positive
2026-09-07 11:57:00,5,it was good trading app.,0,18.16.1,True,0.12,positive
2026-09-07 11:50:00,5,best,1,18.16.1,True,0.05,positive
2026-09-07 11:49:00,5,mmmmmmm Ho,0,18.16.1,True,0.07,positive
2026-09-07 11:48:00,1,Very worst experience. I am making calls multiple times to the Customer Support Services of Groww. but they are not responding. I am unable to link my PAN. That's why I am making calls to get the solution and guidance but no response from the team of customer support services of Groww.,0,18.16.1,True,0.08,support
2026-09-07 11:47:00,5,boos valo,0,18.16.1,True,0.12,positive
2026-09-07 11:41:00,5,good 👍 .,0,18.16.1,True,0.22,positive
2026-09-07 11:40:00,5,good,0,18.16.1,True,0.03,positive
2026-09-07 11:39:00,1,grow app bahut ghatiya app plz koi na use kare grow app,0,,True,0.05,unthemed
2026-09-07 11:25:00,5,good,1,18.16.1,True,0.1,positive
2026-09-07 11:22:00,5,nice,0,18.16.1,True,0.07,positive
2026-09-07 11:11:00,5,very good for beginners,0,18.16.1,True,0.07,positive
2026-09-07 11:07:00,3,okay so after using it for 3 years it's best app for trading and smooth ui but sometimes it lags or just keeps buffering when markets are at high volatility so it should be improved and now I'm changing my rating because there IPO and f&O pages keep stucking and showing wrong information.,203,18.16.1,True,0.13,features
2026-09-07 11:04:00,2,intrest is lo,0,18.16.1,True,0.18,unthemed
2026-09-07 10:51:00,5,good 👍🏻,0,18.16.1,True,0.03,positive
2026-09-07 10:45:00,5,groww app is good,0,18.16.1,True,0.13,positive
2026-09-07 10:43:00,3,😜👌😂😂😭💯y💯ok p,1,18.16.1,True,0.17,unthemed
2026-09-07 10:41:00,5,good,0,18.16.1,True,0.22,positive
2026-09-07 10:39:00,5,good 👍,0,18.16.1,True,0.05,positive
2026-09-07 10:28:00,2,ok,0,18.15.0,True,0.05,unthemed
2026-09-07 10:17:00,5,good opportunity,0,18.15.1,True,0.15,positive
2026-09-07 10:15:00,5,thank you,0,18.16.1,True,0.18,positive
2026-09-07 10:15:00,5,good platform,0,18.15.1,True,0.18,positive
2026-09-07 10:15:00,1,very bad experience they have many hidden charges opening and closing is taking too much money as margin..... very bad app👎 other trading platform offers much better charges .. stop taking too much money💸 unnecessarily... try to improve,3,18.16.1,True,0.2,charges
2026-09-07 10:13:00,1,thank,0,18.16.1,True,0.03,unthemed
2026-09-07 10:13:00,5,nice 👍,0,18.16.1,True,0.03,positive
2026-09-07 10:13:00,5,so good,0,18.16.1,True,0.03,positive
2026-09-07 10:11:00,5,only drawback of this app is that it does not give to keep two different chart in one screen it should provide this service,2,18.16.1,True,0.08,positive
2026-09-07 10:10:00,5,good 👍,0,18.16.1,True,0.1,positive
2026-09-07 10:07:00,5,good software,0,,True,0.15,positive
2026-09-07 10:03:00,5,Execellent App,0,18.16.1,True,0.23,positive
2026-09-07 10:03:00,1,customer support is very bad . Human agents are not replying in chat and there is a very large time of waiting to connect to human on call and there is no option of call back,8,18.16.1,True,0.23,support
2026-09-07 09:53:00,5,smooth,0,18.16.1,True,0.18,positive
2026-09-07 09:48:00,5,osm,0,18.15.1,True,0.08,positive
2026-09-07 09:47:00,5,This platform is good for those who want to make a little profit and never be greedy.,1,18.16.0,True,0.1,positive
2026-09-07 09:40:00,5,thank you,0,18.16.1,True,0.03,positive
2026-09-07 09:34:00,5,good,0,18.16.1,True,0.13,positive
2026-09-07 09:33:00,5,great 👍,0,18.16.1,True,0.15,positive
2026-09-07 09:31:00,5,good,0,18.16.1,True,0.2,positive
2026-09-07 09:29:00,5,good 👍,0,18.16.1,True,0.03,positive
2026-09-07 09:28:00,5,good 💯,0,18.13.2,True,0.05,positive
2026-09-07 09:25:00,5,"The app works fine, but I haven't invested in it yet. Investing in Futures and Options seems like the right move for me, though I plan to do so later; right now, I lack both the full knowledge and the budget.",2,18.16.1,True,0.1,positive
2026-09-07 09:24:00,5,good app,0,18.15.1,True,0.03,positive
2026-09-07 09:19:00,5,best experience in india,0,18.16.1,True,0.12,positive
2026-09-07 09:17:00,5,very good 👍,1,18.16.1,True,0.17,positive
2026-09-07 09:12:00,5,👍👍👍❤️,0,18.16.1,True,0.05,positive
2026-09-07 09:08:00,4,good platform for investment,0,18.16.1,True,0.12,positive
2026-09-07 09:06:00,5,Groww is the best,0,18.16.1,True,0.15,positive
2026-09-07 08:55:00,5,❤️,0,18.16.1,True,0.15,positive
2026-09-07 08:50:00,5,good,0,18.16.1,True,0.05,positive
2026-09-07 08:49:00,5,good,0,18.16.1,True,0.07,positive
2026-09-07 08:41:00,5,very helpful for easy analysis and stock exchange,0,18.16.1,True,0.2,positive
2026-09-07 08:40:00,5,very very good for invest and withdraw system easy,1,18.13.2,True,0.03,positive
2026-09-07 08:32:00,1,v.good,0,18.16.1,True,0.17,unthemed
2026-09-07 08:31:00,5,nice,0,18.16.1,True,0.18,positive
2026-09-07 08:20:00,5,I Think Good,0,18.16.1,True,0.1,positive
2026-09-07 08:19:00,5,good,0,18.16.1,True,0.12,positive
2026-09-07 08:07:00,5,awsome feature,0,18.16.1,True,0.13,positive
2026-09-07 08:01:00,5,superb experience,0,18.16.1,True,0.05,positive
2026-09-07 07:51:00,5,very good 👍👍😊😊,0,18.16.1,True,0.03,positive
2026-09-07 07:40:00,5,good morning,0,18.16.1,True,0.03,positive
2026-09-07 07:23:00,5,good,0,18.16.1,True,0.05,positive
2026-09-07 07:13:00,5,good,0,18.16.1,True,0.03,positive
2026-09-07 05:34:00,1,bakwas app data bech deti h bade crocodiles ko or jb b profit ki baat aati h to satellite image dikha kr bolte h ki aapke network ka issue hai or bahut baar profit me ja rha stock khud se sell kr dete hai,0,18.16.1,True,-44.87,unthemed
2026-09-07 04:33:00,5,very good platform,0,18.16.1,True,0.15,positive
2026-09-07 02:14:00,2,app thik hai lekin brockrage charge bahut leta hai pura fayda yahi le jata hai chhote traders ke liye sahi nahi hai,0,18.16.0,True,0.2,charges
2026-09-07 00:47:00,5,Awesome ✌️,0,18.16.1,True,0.1,positive
2026-09-07 00:35:00,5,good 😊,0,18.16.1,True,0.12,positive
2026-09-07 00:27:00,5,good app,0,18.11.1,True,0.07,positive
2026-09-07 00:16:00,5,👍🤞,0,18.16.1,True,0.17,positive
2026-09-07 00:12:00,5,excellent work,0,18.16.1,True,0.05,positive
2026-09-07 00:08:00,5,best app,0,18.15.1,True,0.12,positive
2026-09-07 00:07:00,1,good,1,18.16.1,True,0.13,unthemed
2026-09-07 00:05:00,5,nice app,0,18.16.1,True,0.18,positive
2026-09-06 23:19:00,5,Good,0,18.11.1,True,0.12,positive
2026-09-06 22:51:00,5,thanks grow,0,18.14.2,True,0.03,positive
2026-09-06 22:37:00,5,which different groww and sahi app?,0,16.82,True,-12630.88,positive
2026-09-06 22:20:00,5,nice,0,18.16.1,True,0.1,positive
2026-09-06 22:16:00,5,good,0,18.16.1,True,0.17,positive
2026-09-06 22:05:00,1,nice broker,0,,True,0.17,unthemed
2026-09-06 21:46:00,5,good,0,18.16.1,True,0.12,positive
2026-09-06 21:19:00,5,iska stock market bahut der Se open hota hai der se sabse stock market Ho open hota hai to mere ko kafi matlab bakwas lagi Hai to matlab ki achcha application lekin stock market ko jaldi launch karna jaruri hai ki 4:00 Tak 5:30 Tak aise karne se kyunki yah log help uska kam bagara bhi ho sakte isliye main recommend karunga ki 4:30 Tak 5:30 Karen jo ki market ko jyadatar fast mein le ja sakte hain itna deri karenge to market thoda gir sakta hai aur to aur Market ke liye thoda bhav nahin badhega o,0,,True,0.12,positive
2026-09-06 21:04:00,4,This is so simple app for investment. please add only benchmark comparison on MF.,1,18.16.1,True,0.18,positive
2026-09-06 21:03:00,4,good,0,18.13.2,True,0.2,positive
2026-09-06 21:01:00,5,superb,0,18.15.1,True,0.05,positive
2026-09-06 20:45:00,5,Super Platform for trading and And Investing Life,0,18.16.1,True,0.13,positive
2026-09-06 20:45:00,5,good and easy,0,18.16.1,True,0.13,positive
2026-09-06 20:38:00,4,nice app,0,18.16.1,True,0.07,positive
2026-09-06 20:19:00,5,zulkarnain badshah good 👍,0,18.16.1,True,0.12,positive
2026-09-06 20:14:00,5,good,0,18.16.1,True,0.2,positive
2026-09-06 20:00:00,5,nice,0,18.16.1,True,0.07,positive
2026-09-06 19:54:00,5,good,1,18.16.1,True,0.17,positive
2026-09-06 19:54:00,5,easy to use,1,18.16.1,True,0.17,positive
2026-09-06 19:47:00,5,good,1,18.16.1,True,0.1,positive
2026-09-06 19:23:00,5,super app,0,,True,0.05,positive
2026-09-06 19:11:00,5,Best service,0,18.16.1,True,0.07,positive
2026-09-06 19:00:00,5,good,0,18.16.1,True,0.07,positive
2026-09-06 18:59:00,5,good 👍🏻😊,0,18.16.1,True,0.08,positive
2026-09-06 18:37:00,5,good 👍,0,18.16.1,True,0.08,positive
2026-09-06 18:27:00,1,good,0,18.15.1,True,0.07,unthemed
2026-09-06 18:26:00,5,No amount of praise is enough for Groww. good good,0,18.15.1,True,0.08,positive
2026-09-06 18:03:00,5,good,1,,True,0.2,positive
2026-09-06 17:53:00,5,News update and technicals of moving averages indicators are helping to understand about stock.,0,18.16.1,True,0.18,positive
2026-09-06 17:37:00,5,very good,0,18.16.1,True,0.08,positive
2026-09-06 17:32:00,5,best app,0,,True,0.17,positive
2026-09-06 17:14:00,5,good 👍👍,0,18.16.1,True,0.2,positive
2026-09-06 17:09:00,5,good 👍,0,18.13.2,True,0.1,positive
2026-09-06 16:46:00,5,nice,0,18.16.1,True,0.12,positive
2026-09-06 15:42:00,5,good,0,18.13.2,True,0.18,positive
2026-09-06 15:41:00,5,best app,0,18.13.2,True,0.2,positive
2026-09-06 15:35:00,1,"this app is my SL orders automatically averaged, not to good, Coustemer support very bad",1,18.16.1,True,-0.07,support
2026-09-06 15:15:00,5,nice,0,18.16.1,True,0.18,positive
2026-09-06 15:15:00,5,nice,0,18.16.1,True,0.18,positive
2026-09-06 15:15:00,5,veri nice investing app,0,18.16.1,True,0.18,positive
2026-09-06 15:04:00,5,good,0,18.16.1,True,0.18,positive
2026-09-06 14:58:00,1,TRG Lagane ke bad bhi Kuch 5% less point sales ho ja rahe... jabki Target hit ho raha aur miner point pe loss kr rahe customer ka,0,18.16.1,True,0.1,unthemed
2026-09-06 14:57:00,4,Good,1,18.16.1,True,0.12,positive
2026-09-06 14:51:00,5,excellent,0,18.15.1,True,0.03,positive
2026-09-06 14:49:00,5,nice,0,18.16.1,True,0.07,positive
2026-09-06 14:17:00,5,mind blowing app.,0,18.16.1,True,0.15,positive
2026-09-06 14:09:00,5,best app in investment purpose,0,18.16.1,True,0.1,positive
2026-09-06 13:57:00,3,ok done,0,,True,0.12,unthemed
2026-09-06 13:40:00,5,sabse acha app hai,1,18.16.1,True,0.03,positive
2026-09-06 13:11:00,5,Best,0,18.16.1,True,0.07,positive
2026-09-06 12:51:00,5,I like grow app,1,18.16.1,True,0.03,positive
2026-09-06 12:51:00,5,ok,0,18.16.1,True,0.03,positive
2026-09-06 12:46:00,5,jordar,0,18.16.1,True,0.12,positive
2026-09-06 12:37:00,5,very good,1,18.16.1,True,0.08,positive
2026-09-06 12:33:00,4,Good,0,18.16.1,True,0.15,positive
2026-09-06 12:27:00,5,good,0,18.16.1,True,0.07,positive
2026-09-06 12:17:00,5,best,1,16.82,True,0.15,positive
2026-09-06 12:11:00,5,best,1,18.16.1,True,0.07,positive
2026-09-06 12:06:00,5,excellent performance,1,18.16.1,True,0.15,positive
2026-09-06 12:02:00,5,good,0,18.14.2,True,0.03,positive
2026-09-06 11:48:00,4,👍,0,18.16.1,True,0.08,positive
2026-09-06 11:45:00,5,good,0,18.9.0,True,0.13,positive
2026-09-06 11:40:00,5,the best for application for the following year old this gold is the best for application for the following year old,0,,True,0.03,positive
2026-09-06 11:22:00,5,good,0,18.16.1,True,0.07,positive
2026-09-06 11:13:00,5,bahut hi achcha trending for platform Hai is per badhiya paise Kama sakte hain bharosemand of platform,0,,True,0.03,positive
2026-09-06 10:55:00,5,super,0,18.16.1,True,0.15,positive
2026-09-06 10:48:00,5,v good,0,,True,0.08,positive
2026-09-06 10:46:00,5,good,0,18.16.1,True,0.12,positive
2026-09-06 10:43:00,3,oo kk,0,18.16.1,True,0.18,unthemed
2026-09-06 10:30:00,4,"There is no feature to transaction as a share gift, you have to bring it.",24,18.16.1,True,0.2,positive
2026-09-06 10:18:00,5,very good,0,18.16.1,True,0.13,positive
2026-09-06 09:52:00,5,very smooth usefull app,0,18.15.1,True,0.2,positive
2026-09-06 09:27:00,5,good,0,18.16.1,True,0.07,positive
2026-09-06 09:23:00,5,india is best my grow app,0,18.16.1,True,0.05,positive
2026-09-06 09:10:00,5,", ,, , , r ঈ",0,18.16.1,True,0.08,positive
2026-09-06 09:08:00,5,it's very easy to use,0,18.11.1,True,0.12,positive
2026-09-06 08:59:00,5,fantastic,0,18.7.1,True,0.08,positive
2026-09-06 08:52:00,5,Best application for share market experience..,0,18.16.1,True,0.2,positive
2026-09-06 08:50:00,1,please dont install this app. whatever you invest in grow it will take brokage charge,0,18.16.1,True,0.05,charges
2026-09-06 08:36:00,5,good,0,,True,0.1,positive
2026-09-06 08:12:00,5,very good,1,18.16.1,True,0.05,positive
2026-09-06 08:05:00,5,nic,0,18.12.1,True,0.17,positive
2026-09-06 08:01:00,1,service is not good,0,18.16.1,True,0.05,unthemed
2026-09-06 07:58:00,5,nice,1,18.16.1,True,0.1,positive
2026-09-06 07:54:00,5,very nice,0,18.13.2,True,0.17,positive
2026-09-06 07:41:00,5,nice app,0,18.16.1,True,0.2,positive
2026-09-06 07:20:00,5,nice,0,18.14.1,True,0.1,positive
2026-09-06 07:00:00,5,super,0,18.16.1,True,0.07,positive
2026-09-06 06:59:00,4,good 👍,0,18.16.1,True,0.08,positive
2026-09-06 06:59:00,5,good 👍,0,18.16.1,True,0.08,positive
2026-09-06 06:34:00,5,excellent 👍,1,18.16.1,True,0.13,positive
2026-09-06 06:13:00,5,nice,0,18.16.1,True,0.03,positive
2026-09-06 05:27:00,5,i just started sip,0,18.16.1,True,0.07,positive
2026-09-06 04:34:00,5,fantastic,0,18.16.1,True,0.13,positive
2026-09-06 03:37:00,5,good,0,18.16.1,True,0.08,positive
2026-09-06 03:26:00,5,it's a very good app for SIP... I really appreciate it....👏👍,3,18.16.1,True,0.08,positive
2026-09-06 01:42:00,5,so good app 👏 for training,0,,True,0.18,positive
2026-09-06 00:55:00,5,good,0,18.14.2,True,0.15,positive
2026-09-05 23:59:00,1,I am.um happy. makingn cheating and gambling. because of this soany middle class family life loss. even me to . I loss around 8 lacs in this grow. I never recd profit last 3 years. Grow never supported me.,0,18.16.1,True,0.08,unthemed
2026-09-05 23:57:00,5,awesome,0,18.16.1,True,0.12,positive
2026-09-05 23:44:00,4,The user friendly interface loved it,1,18.11.1,True,0.15,positive
2026-09-05 22:46:00,5,good experience,0,18.16.1,True,0.12,positive
2026-09-05 22:35:00,5,best app,0,18.16.1,True,0.12,positive
2026-09-05 22:30:00,5,amazing,0,18.16.1,True,0.2,positive
2026-09-05 22:24:00,2,grow stock not goo 👅🛀,0,18.16.1,True,0.03,unthemed
2026-09-05 22:23:00,1,Never got an IPO allotment 😂 Uninstalling Groww.,0,18.16.1,True,0.05,features
2026-09-05 22:21:00,5,money bank,0,18.16.1,True,0.08,positive
2026-09-05 22:17:00,5,Best trading app,0,18.15.1,True,0.17,positive
2026-09-05 21:46:00,3,ok,1,18.16.1,True,0.12,unthemed
2026-09-05 21:43:00,5,[NAME] trade,0,18.16.1,True,0.17,positive
2026-09-05 21:39:00,5,overall the same rakho contact me at the same time as well as the dark of the day is a good day song of the day is a good day song of the day is a good day song of the day is a good,0,18.16.1,True,0.05,positive
2026-09-05 21:38:00,5,v nice,0,,True,0.07,positive
2026-09-05 21:32:00,5,best,0,18.16.1,True,0.17,positive
2026-09-05 21:29:00,5,बहुत ही अच्छा प्लेटफार्म है कोई अकाउंट मेंटेनेंस चार्ज नहीं लगता। ऑपरेटिंग करने में सुविधा होती है। मुझे सीप और शेयर मार्केट के बारे में जानकारी होने के बाद इस प्लेटफार्म में इन्वेस्ट करते आ रहा हूं।,0,18.16.1,True,0.03,positive
2026-09-05 21:28:00,5,good app,0,18.16.1,True,0.05,positive
2026-09-05 21:27:00,5,good work,0,18.16.1,True,0.07,positive
2026-09-05 21:19:00,5,nice,0,18.16.1,True,0.12,positive
2026-09-05 21:13:00,5,good,0,18.15.1,True,0.03,positive
2026-09-05 20:58:00,5,"1) Please include 1 Week and 1 Month return views in the Mutual Fund Dashboard section, in addition to the 1 Day return, to facilitate investment decisions during market declines. 2) When adding family members and selecting relationships, an error occurs. Clearing all data resolves the issue.",0,18.16.1,True,0.1,positive
2026-09-05 20:56:00,5,app is the good and smart,0,18.16.1,True,0.13,positive
2026-09-05 20:53:00,4,This is great application and I am using for many years. I only feel they should add option for SWP in application itself depending upon the fund value as its currently available in Web version only.,0,,True,0.2,positive
2026-09-05 20:42:00,5,grow is best platform I am too excited easily invest an easy deposit I am thank you from grow,0,,True,0.18,positive
2026-09-05 20:12:00,5,"easy console, minimum brokerage and 24/7 customer care service.. I am the one who has been a consistent customer of Groww for the last 6 years and still a lot more to go.",1,17.9,True,0.05,positive
2026-09-05 20:01:00,5,saport me,0,18.16.0,True,0.05,positive
2026-09-05 20:00:00,5,good platform,0,18.15.1,True,0.07,positive
2026-09-05 19:46:00,5,grow stocks app simple and easy to use .,2,18.16.1,True,0.12,positive
2026-09-05 19:25:00,4,Good,0,18.13.2,True,0.1,positive
2026-09-05 19:03:00,5,best app hai brokrage charge jyada hai,0,18.16.1,True,0.2,positive
2026-09-05 18:58:00,5,good app,0,18.16.1,True,0.1,positive
2026-09-05 18:57:00,5,All Of Good Service,0,18.16.1,True,0.12,positive
2026-09-05 18:43:00,5,there are some tiny annoying bugs and glitches in app,0,18.16.1,True,0.17,positive
2026-09-05 18:40:00,5,good good,0,18.16.1,True,0.03,positive
2026-09-05 18:21:00,5,I'm interested ☺️,0,18.16.1,True,0.08,positive
2026-09-05 17:27:00,5,to the best investing app for me,0,18.16.1,True,0.07,positive
2026-09-05 16:39:00,5,good app..Groww app investment ke liye simple aur easy-to-use platform hai. 👍📈,1,18.14.1,True,0.05,positive
2026-09-05 16:37:00,5,working good,1,18.15.1,True,0.08,positive
2026-09-05 16:34:00,5,best,0,,True,0.13,positive
2026-09-05 16:09:00,5,Best app for free user,0,18.16.1,True,0.1,positive
2026-09-05 15:45:00,5,bhut badiya excellent 👌,1,18.15.1,True,0.13,positive
2026-09-05 15:36:00,5,good,1,18.13.2,True,0.1,positive
2026-09-05 15:33:00,5,Best,0,18.14.2,True,0.15,positive
2026-09-05 15:30:00,5,good,0,18.16.1,True,0.2,positive
2026-09-05 15:15:00,5,I give five star,0,18.16.1,True,0.18,positive
2026-09-05 14:55:00,4,ok,1,18.16.1,True,0.15,positive
2026-09-05 14:48:00,5,"one of best app for mutual fund, ipo share",1,18.16.1,True,0.08,positive
2026-09-05 14:18:00,4,d d. pup p opi uhuru aw po 3 phi ese icu pp i'm opi e italiano o i greig u r www pip iP 0voc uh 2,1,16.82,True,0.13,positive
2026-09-05 14:15:00,1,good luck,1,18.16.1,True,0.18,unthemed
2026-09-05 14:12:00,5,Awesome 👍,1,18.16.1,True,0.05,positive
2026-09-05 14:05:00,4,best,0,18.14.2,True,0.17,positive
2026-09-05 13:57:00,5,good 👍,0,18.16.1,True,0.12,positive
2026-09-05 13:54:00,5,good,1,18.13.2,True,0.17,positive
2026-09-05 13:16:00,5,nice,0,18.16.1,True,0.17,positive
2026-09-05 12:51:00,5,ok,0,18.16.1,True,0.03,positive
2026-09-05 12:27:00,5,Excellent,0,18.16.1,True,0.07,positive
2026-09-05 12:22:00,1,Worst customer support. never take loans from here specially LAS,0,18.16.1,True,0.07,support
2026-09-05 12:18:00,5,very good 👍,0,18.16.1,True,0.13,positive
2026-09-05 12:14:00,5,good,1,18.16.1,True,0.2,positive
2026-09-05 12:08:00,1,kojp,1,18.16.1,True,0.12,unthemed
2026-09-05 12:03:00,5,good 👍,0,18.16.1,True,0.2,positive
2026-09-05 11:51:00,5,good service,0,18.16.1,True,0.03,positive
2026-09-05 11:47:00,1,"Glitch in app permissions, even with SMS permission revoked it can read your SMS/OTPs without your consent! violation of privacy and security. Be cautious while using. 2. App interface is not upto the mark as compared to other brokers. You need to dig into to open charts, option chain and vice versa- slow process. 3. For MF SIPs, OTPs fail several times",63,17.99.1,True,0.1,"features,perf"
2026-09-05 11:46:00,5,ok,0,18.2.1,True,0.12,positive
2026-09-05 11:46:00,3,good aap,0,18.16.1,True,0.13,unthemed
2026-09-05 11:46:00,5,good app,0,18.16.1,True,0.13,positive
2026-09-05 11:44:00,5,I intrest,0,18.16.1,True,0.17,positive
2026-09-05 11:44:00,5,super,0,18.16.1,True,0.18,positive
2026-09-05 11:43:00,5,must,0,18.16.1,True,0.2,positive
2026-09-05 11:37:00,5,fine,1,18.9.0,True,0.08,positive
2026-09-05 11:35:00,5,"Investment stock delivery buy charges is big negative compare with other top brokers,i am aslo last some month's change my new investments new broker.",0,,True,0.12,positive
2026-09-05 11:30:00,5,Best trading app,1,18.16.1,True,0.2,positive
2026-09-05 11:22:00,5,GOOD,0,18.16.1,True,0.07,positive
2026-09-05 11:22:00,1,Ghatiya experience hidden charges bahoot hain loot gya mein,0,18.16.1,True,0.07,charges
2026-09-05 11:12:00,5,"great experience, providing precise information and ver y easy to understand Abt the stock or anything. Overall very good app to explore the stock market.",3,18.16.1,True,0.05,positive
2026-09-05 11:04:00,5,good app to use,0,18.16.1,True,0.18,positive
2026-09-05 11:02:00,5,good,0,18.16.1,True,0.03,positive
2026-09-05 10:54:00,5,very good,0,18.1.1,True,0.17,positive
2026-09-05 10:49:00,5,good app groww 🫡❤️‍🩹,0,,True,0.07,positive
2026-09-05 10:46:00,5,ಇಲ್ಲಿಯವರೆಗೂ ಚೆನ್ನಾಗಿದೆ,0,18.16.1,True,0.12,positive
2026-09-05 10:32:00,5,best app after trading view,0,18.13.2,True,0.17,positive
2026-09-05 10:29:00,4,good,0,18.16.1,True,0.03,positive
2026-09-05 10:16:00,1,broker charge is very hich,0,18.16.1,True,0.17,charges
2026-09-05 10:16:00,5,good,0,18.16.1,True,0.17,positive
2026-09-05 10:05:00,5,"Clean and intuitive interface. Investing in stocks and mutual funds is smooth, fast, and hassle-free. Great app for both beginners and experienced investors!",0,18.12.1,True,0.17,positive
2026-09-05 09:47:00,5,awesome but your brokrage charge are very high,0,18.16.1,True,0.1,positive
2026-09-05 09:34:00,5,India's No 1 trading app. Massive Activity Enrolled.,0,18.16.1,True,0.13,positive
2026-09-05 09:25:00,1,"If you want to become a debtor, use the Groww app and start trading.",0,18.16.1,False,,unthemed
2026-09-05 09:25:00,5,Excellent,0,18.16.1,True,0.1,positive
2026-09-05 09:20:00,5,good,0,18.16.1,True,0.1,positive
2026-09-05 09:03:00,5,good very good,0,18.16.1,True,0.2,positive
2026-09-05 08:53:00,5,good,1,18.16.0,True,0.18,positive
2026-09-05 08:38:00,5,Good for beginners😀👍,0,18.16.1,True,0.07,positive
2026-09-05 08:33:00,5,Trust,0,18.16.1,True,0.15,positive
2026-09-05 08:21:00,5,Very good,0,18.16.1,True,0.08,positive
2026-09-05 08:19:00,5,good,0,18.15.1,True,0.12,positive
2026-09-05 08:15:00,5,Nice Trending app,0,18.16.1,True,0.18,positive
2026-09-05 08:03:00,5,good,0,18.13.2,True,0.2,positive
2026-09-05 07:51:00,5,good,0,18.16.1,True,0.03,positive
2026-09-05 07:22:00,5,naece,0,18.13.2,True,0.07,positive
2026-09-05 07:13:00,5,awesome,0,18.16.1,True,0.03,positive
2026-09-05 06:41:00,5,Best,0,18.16.1,True,0.2,positive
2026-09-05 06:39:00,5,Accurate,0,18.16.1,True,0.05,positive
2026-09-05 06:34:00,5,great apps for trade and all utilities benefits,0,18.13.2,True,0.13,positive
2026-09-05 06:22:00,5,very nice and user friendly share market app. thank you.,1,18.16.1,True,0.07,positive
2026-09-05 06:19:00,4,nice,0,18.14.2,True,0.12,positive
2026-09-05 06:19:00,5,good,0,18.16.1,True,0.13,positive
2026-09-05 06:13:00,5,good,1,18.16.1,True,0.03,positive
2026-09-05 05:20:00,1,You are the biggest app of India but service is worst. Chart is not loading on different time frame on app and in PC too. kindly work on thisat the earliest .,2,18.16.1,True,0.1,"features,perf"
2026-09-05 04:45:00,1,"🚨 MASSIVE LOOPHOLE & MISLEADING INTERFACE DESIGN! DON'T TRAP YOUR HARD-EARNED MONEY! 🚨 I am a retail investor, and I am writing this to alert millions of long-term investors using this platform. The application interface of Groww (downloaded from Google Play Store) is highly deceptive and uses dangerous ""Dark Patterns"" to mislead users, which can instantly destroy your lifetime savings and generational wealth. THE PROBLEM: Inside the app interface, Groww deliberately segregates and shows you",2,18.16.1,True,0.13,unthemed
2026-09-05 02:07:00,5,very nice 👌 👍 👏 😀 ☺️ 😊 नमस्ते,0,18.16.1,True,0.13,positive
2026-09-05 00:43:00,5,Awesome 😎,0,18.16.1,True,0.17,positive
2026-09-05 00:16:00,5,Please add trailing SL feature.,2,18.16.1,True,-25.57,positive
2026-09-05 00:05:00,1,"⭐ 1 Star I have been experiencing several serious issues with the Groww trading platform, particularly with chart accuracy and market data. The chart candles sometimes display incorrect OHLC values, and the Day High and Day Low prices do not always match the actual market data. There are also instances of delayed price updates, chart inconsistencies, and other technical glitches. For an active trader, accurate and synchronized market data is extremely important. Incorrect candle or price informa",3,18.16.1,True,0.17,features
2026-09-04 23:43:00,4,very nice 👍,1,18.15.1,True,0.17,positive
2026-09-04 23:09:00,5,super app,0,18.16.1,True,0.1,positive
2026-09-04 23:03:00,5,very nice experience,1,18.16.1,True,0.2,positive
2026-09-04 22:47:00,5,Excellent,0,,True,0.1,positive
2026-09-04 22:11:00,5,good 👍,2,18.16.1,True,0.07,positive
2026-09-04 22:04:00,5,excellent,1,18.16.1,True,0.18,positive
2026-09-04 21:59:00,5,app is useful good but charges high,0,18.16.1,True,0.08,positive
2026-09-04 21:55:00,4,very good,0,18.16.1,True,0.15,positive
2026-09-04 21:45:00,5,[NAME] nice app,0,18.15.1,True,0.13,positive
2026-09-04 21:38:00,5,Ok I tell every Person,0,18.15.1,True,0.07,positive
2026-09-04 21:13:00,5,[NAME] খুব সুন্দর এপ সহজে বোঝা যায়,0,18.16.1,True,0.03,positive
2026-09-04 21:04:00,5,best app,0,18.16.1,True,0.18,positive
2026-09-04 21:02:00,1,"""I have not received the IPO yet.""",0,18.16.1,True,0.03,features
2026-09-04 20:56:00,5,good,0,18.16.0,True,0.13,positive
2026-09-04 20:17:00,5,good luck,0,18.16.1,True,0.15,positive
2026-09-04 20:13:00,5,smooth work.,0,18.16.0,True,0.03,positive
2026-09-04 20:13:00,5,very nice,0,18.16.1,True,0.03,positive
2026-09-04 20:09:00,5,good,0,18.15.1,True,0.1,positive
2026-09-04 19:57:00,5,simple and best..,0,18.16.1,True,0.12,positive
2026-09-04 19:53:00,5,awesome,0,18.14.2,True,0.18,positive
2026-09-04 19:52:00,5,Good,0,,True,0.2,positive
2026-09-04 19:36:00,5,nice,0,18.16.1,True,0.1,positive
2026-09-04 19:30:00,5,i think this app India's 🇮🇳 number 1....aap for trading 💐,0,18.16.1,True,0.2,positive
2026-09-04 19:23:00,5,best apps,0,18.16.1,True,0.05,positive
2026-09-04 19:00:00,3,"I am using groww app from last 5years, this is first time, last update is not user friendly. please rollback this as soon as possible.",0,,True,0.07,perf
2026-09-04 18:46:00,5,welcome,0,18.16.1,True,0.12,positive
2026-09-04 18:44:00,4,ANSA JQWWJHU u are coming,0,18.16.1,True,0.15,positive
2026-09-04 18:43:00,5,good work,1,18.13.2,True,0.17,positive
2026-09-04 18:30:00,5,exilent application,1,18.16.1,True,0.2,positive
2026-09-04 18:23:00,5,Good App,1,18.16.1,True,0.05,positive
2026-09-04 18:20:00,1,still not getting open,0,17.97.0,True,-10424.27,unthemed
2026-09-04 18:14:00,5,super app,0,18.16.1,True,0.2,positive
2026-09-04 18:04:00,5,good,0,18.6.1,True,0.18,positive
2026-09-04 17:54:00,5,very good 👍,1,18.16.1,True,0.17,positive
2026-09-04 17:50:00,2,look bad,1,18.16.1,True,0.05,unthemed
2026-09-04 17:28:00,3,brokerage charges bahut jada per trade 40 plus extra charge alag.,0,18.16.1,True,0.05,charges
2026-09-04 17:21:00,5,excellent,0,18.14.1,True,0.08,positive
2026-09-04 17:17:00,5,D News,0,18.16.1,True,0.15,positive
2026-09-04 17:16:00,5,good 😊,1,18.16.1,True,0.18,positive
2026-09-04 17:13:00,5,good,1,18.16.1,True,0.03,positive
2026-09-04 17:09:00,1,"fraud app cheat people, don't show libarage amount.",0,18.16.1,True,0.1,unthemed
2026-09-04 16:54:00,5,very good,0,16.96,True,0.17,positive
2026-09-04 16:54:00,1,garbage,1,18.16.1,True,0.17,unthemed
2026-09-04 16:51:00,5,good trading app,1,18.16.1,True,0.03,positive
2026-09-04 16:42:00,5,BIO oil,0,18.15.0,True,0.18,positive
2026-09-04 16:28:00,1,Please do not use this app. The customer support is not active all responsive.,1,18.16.1,True,0.05,support
2026-09-04 16:27:00,5,axilant,0,18.16.1,True,0.07,positive
2026-09-04 16:22:00,5,Very Good...😊😊😊,0,18.16.1,True,0.07,positive
2026-09-04 16:14:00,5,good 👍,0,18.16.1,True,0.2,positive
2026-09-04 16:13:00,5,very best aap,0,,True,0.03,positive
2026-09-04 16:08:00,5,good job,0,18.16.1,True,0.12,positive
2026-09-04 15:49:00,5,Ashwini [NAME] sakarata hai halp me,0,18.16.1,True,0.07,positive
2026-09-04 15:28:00,5,good,0,18.16.1,True,0.05,positive
2026-09-04 15:16:00,5,👍,0,18.16.1,True,0.17,positive
2026-09-04 15:08:00,5,awesome experience,0,18.16.1,True,0.12,positive
2026-09-04 14:51:00,1,"waste App, bakwas Service",1,18.16.1,True,0.03,unthemed
2026-09-04 14:46:00,5,👍,0,18.13.2,True,0.12,positive
2026-09-04 14:41:00,1,The worst trading application ever. there are several glitches in order execution process. the customer service is also not having any idea to resolve the issue.,0,,True,0.2,unthemed
2026-09-04 14:39:00,5,good,0,18.16.1,True,0.05,positive
2026-09-04 14:35:00,5,excellent,0,18.16.1,True,0.12,positive
2026-09-04 14:35:00,5,groww is best,1,18.16.1,True,0.13,positive
2026-09-04 14:33:00,1,bad App,0,18.16.1,True,0.17,unthemed
2026-09-04 14:23:00,1,bad,0,18.15.1,True,0.05,unthemed
2026-09-04 14:18:00,5,excellent,0,18.16.1,True,0.13,positive
2026-09-04 14:17:00,4,good,1,18.16.1,True,0.17,positive
2026-09-04 14:09:00,5,excellent,1,18.16.1,True,0.1,positive
2026-09-04 14:01:00,5,done,0,18.16.1,True,0.05,positive
2026-09-04 13:57:00,5,good,0,18.15.1,True,0.12,positive
2026-09-04 13:49:00,5,good,0,18.15.1,True,0.07,positive
2026-09-04 13:06:00,5,best in all,0,18.16.1,True,0.15,positive
2026-09-04 12:52:00,5,To continuously grow your investment opt for only Groww App. Thanks.,1,18.16.1,True,0.2,positive
2026-09-04 12:45:00,5,best,0,18.16.1,True,0.13,positive
2026-09-04 12:37:00,5,best trading and investment app,0,18.16.1,True,0.08,positive
2026-09-04 12:31:00,1,future and option kabhi on nahin hoga 😠,0,18.16.1,True,0.18,unthemed
2026-09-04 12:29:00,4,good 👍😊,1,18.16.1,True,0.03,positive
2026-09-04 12:04:00,5,Play with mind,0,18.16.1,True,0.18,positive
2026-09-04 12:02:00,5,excellent 👍,1,18.16.1,True,0.03,positive
2026-09-04 11:52:00,5,very best app,0,18.14.2,True,0.2,positive
2026-09-04 11:50:00,5,good,0,18.16.1,True,0.05,positive
2026-09-04 11:49:00,5,good,1,18.16.1,True,0.07,positive
2026-09-04 11:37:00,1,I am using since launch but groww customer support is degrading day by day . you cannot contact by anyways. they will not reply or receive your call while you wait hours,0,,True,0.08,support
2026-09-04 11:35:00,5,good 👍,0,18.16.1,True,0.12,positive
2026-09-04 11:33:00,5,nice,1,18.16.1,True,0.15,positive
2026-09-04 11:33:00,1,worst app,0,,True,0.17,unthemed
2026-09-04 11:26:00,5,best wishes happy to hear,1,18.12.1,True,0.08,positive
2026-09-04 11:23:00,5,good,0,18.15.1,True,0.05,positive
2026-09-04 11:22:00,5,good,0,18.15.1,True,0.07,positive
2026-09-04 11:21:00,5,"easy to use , best for mutual fund",0,18.1.0,True,0.08,positive
2026-09-04 11:16:00,2,"last updated is not user friendly. while going in the chart mode, back button disappearing in bottom left of mobile.",3,18.16.1,True,0.18,features
2026-09-04 11:14:00,1,frood keya haan shares ka mara sath mera 300 share tha bss 3 deya haan mara pass sub proof haan,0,,False,,unthemed
2026-09-04 11:14:00,5,good for trading,0,18.16.1,True,0.22,positive
2026-09-04 11:12:00,5,good performance,0,18.16.1,True,0.05,positive
2026-09-04 11:11:00,5,nice,0,18.15.1,True,0.07,positive
2026-09-04 11:09:00,5,good 👍,0,18.14.2,True,0.1,positive
2026-09-04 11:08:00,3,good 😊,0,18.15.1,True,0.13,unthemed
2026-09-04 11:05:00,5,Excellent Worth,1,18.16.1,True,0.18,positive
2026-09-04 11:02:00,5,good,1,18.16.1,True,0.03,positive
2026-09-04 11:01:00,5,nice 👍🏻,0,,True,0.05,positive
2026-09-04 10:48:00,5,Good app,0,17.31,True,0.08,positive
2026-09-04 10:39:00,5,ujejem,0,18.16.1,True,0.05,positive
2026-09-04 10:22:00,5,it's my first time.,0,18.16.1,True,0.07,positive
2026-09-04 10:19:00,5,good 👍,0,18.16.1,True,0.12,positive
2026-09-04 10:18:00,5,it's easy to understand 😊,0,18.16.1,True,0.13,positive
2026-09-04 10:17:00,5,nice,0,18.16.1,True,0.17,positive
2026-09-04 10:09:00,5,nic aap,1,18.16.1,True,0.1,positive
2026-09-04 10:08:00,5,app not opening.. saying something went wrong and asking finger print again and again. tried with mpin. asking again same with something went wrong message. During market hours.,3,18.16.1,True,-10175.87,positive
2026-09-04 10:04:00,5,noice,0,18.16.1,True,0.18,positive
2026-09-04 10:00:00,4,GR-1 AI tool is amazing. The AI chat history deletion option is to be added,1,18.16.1,True,0.07,positive
2026-09-04 09:56:00,5,good,1,18.16.1,True,0.13,positive
2026-09-04 09:55:00,5,good,0,18.16.1,True,0.15,positive
2026-09-04 09:52:00,5,Good but unwanted content are more displayed. Hence required minimum.,1,18.16.1,True,0.22,positive
2026-09-04 09:42:00,5,Best app,0,18.16.1,True,0.18,positive
2026-09-04 09:41:00,5,good 👍,0,18.16.1,True,0.2,positive
2026-09-04 09:35:00,5,good,0,18.16.1,True,0.12,positive
2026-09-04 09:32:00,5,okey,1,18.16.1,True,0.17,positive
2026-09-04 09:31:00,5,nice to beginner 🖖🏻,0,18.14.2,True,0.18,positive
2026-09-04 09:25:00,5,good service,0,18.16.1,True,0.1,positive
2026-09-04 09:15:00,5,good,0,18.16.1,True,0.18,positive
2026-09-04 09:15:00,5,Easy to complete setup and use. Charges are very less.,2,18.16.1,True,0.2,positive
2026-09-04 09:14:00,5,ostng prf this one,1,18.16.1,True,0.22,positive
2026-09-04 09:03:00,4,good,1,18.13.2,True,0.02,positive
2026-09-04 09:02:00,5,good,1,18.16.1,True,0.03,positive
2026-09-04 09:02:00,5,One of the best platform for beginner,0,18.16.1,True,0.03,positive
2026-09-04 08:58:00,5,good app,0,18.15.1,True,0.12,positive
2026-09-04 08:51:00,5,belive ti trade and maintain safe and secure,1,18.16.1,True,0.03,positive
2026-09-04 08:48:00,5,Good,0,18.16.1,True,0.08,positive
2026-09-04 08:46:00,5,Grow♡,0,18.16.1,True,0.12,positive
2026-09-04 08:45:00,5,handle with care,0,18.16.1,True,0.15,positive
2026-09-04 08:37:00,5,Groww platform has the simplest user interface among all available apps. I have been using it since 2019 and it is my most trusted application.,1,18.16.0,True,0.08,positive
2026-09-04 08:31:00,5,real market trailing stoploss and profit adjustment please 🥺,0,18.16.1,True,0.18,positive
2026-09-04 08:24:00,5,Good app!,0,18.16.1,True,0.03,positive
2026-09-04 08:01:00,5,good app,0,18.16.1,True,0.05,positive
2026-09-04 07:46:00,5,nice 💯%,0,18.16.1,True,0.12,positive
2026-09-04 07:37:00,3,pls show daily profit or loss/ profit loss,0,18.16.1,True,0.08,unthemed
2026-09-04 07:30:00,3,"Daily Updates delayed, need to work on it for fastest update.",1,18.16.1,True,0.2,perf
2026-09-04 07:21:00,5,v good,0,18.16.1,True,0.08,positive
2026-09-04 07:15:00,5,good app,0,18.16.1,True,0.18,positive
2026-09-04 07:14:00,5,Good,0,18.16.1,True,0.2,positive
2026-09-04 07:12:00,5,ok,0,18.16.1,True,0.05,positive
2026-09-04 07:03:00,5,nice 👍👍👍,0,18.16.1,True,0.2,positive
2026-09-04 06:42:00,5,nice,0,,True,0.18,positive
2026-09-04 05:59:00,1,horrible ui filled with all sorts of nonsense,0,18.16.1,True,0.08,unthemed
2026-09-04 05:51:00,5,good 💯,0,18.16.1,True,0.03,positive
2026-09-04 05:31:00,5,I don't use other demat account,0,18.16.1,True,0.18,positive
2026-09-04 04:08:00,5,super 👌,0,18.14.1,True,0.12,positive
2026-09-04 03:02:00,5,me,0,18.16.1,True,0.03,positive
2026-09-04 02:45:00,1,fake app,0,18.8.1,True,0.13,unthemed
2026-09-04 02:40:00,5,Good app,1,18.14.2,True,0.03,positive
2026-09-04 01:55:00,5,nice,0,,True,0.15,positive
2026-09-04 01:04:00,5,EZY factions app,0,18.16.1,True,0.18,positive
2026-09-04 01:00:00,5,excellent,0,18.16.1,True,0.07,positive
2026-09-04 00:55:00,5,Very Good quality & easy to understand,0,18.16.1,True,0.15,positive
2026-09-04 00:42:00,5,good,0,18.16.1,True,0.18,positive
2026-09-04 00:41:00,5,thank you 👍 IAM very happy,0,18.16.1,True,0.2,positive
2026-09-04 00:33:00,5,very good,0,18.16.1,True,0.15,positive
2026-09-04 00:31:00,5,good,0,18.16.1,True,0.18,positive
2026-09-04 00:02:00,5,very good,0,18.13.2,True,0.03,positive
2026-09-03 23:57:00,5,5 star,0,18.16.1,True,0.12,positive
2026-09-03 23:52:00,5,very nice app,0,18.15.1,True,0.2,positive
2026-09-03 23:50:00,1,why you are not giving facility GTT and oco order at the same time? and the last update when I am showing chart for a stock then back switch not working.,0,,True,0.05,"features,perf"
2026-09-03 23:49:00,1,"ye ap me bhot problem ati hai koi bhi ap use kare pr is me trading na kare ,",0,17.95.2,True,0.07,unthemed
2026-09-03 23:48:00,5,good,0,18.16.0,True,0.08,positive
2026-09-03 23:34:00,1,DONT OPEN YOUR ACCOUNT GROWW ARE THE FRAUDSTERS THEY WILL SELL YOUR QUANTITY ON VERY LEAST BASIS PLEASE AVOID GROWW IF YOU ARE GROWW. SHAME ON YOU GROWW PEOPLE,3,18.16.1,True,0.13,unthemed
2026-09-03 23:17:00,1,"it's a worth app, taking too much charges any trade and etc problem facing me and other traders",3,18.16.1,True,0.15,charges
2026-09-03 23:14:00,5,good,0,18.6.1,True,0.2,positive
2026-09-03 23:03:00,4,nice,1,18.16.1,True,0.2,positive
2026-09-03 23:01:00,5,it is show very good,0,18.16.1,True,0.05,positive
2026-09-03 22:11:00,5,can I get the privies version....last version indicators i need...pls help me,0,,True,0.07,positive
2026-09-03 22:02:00,5,मला जे काही थोडे फार मार्केट समजत ते ग्रो अँप मुळे 🫰,0,18.7.1,True,0.03,positive
2026-09-03 21:58:00,5,ek number app,0,18.16.1,True,0.1,positive
2026-09-03 21:57:00,1,"don't install, they sell your data to other companies. and they torture with doing call every minut.",1,,True,0.12,support
2026-09-03 21:56:00,5,good,0,18.16.1,True,0.15,positive
2026-09-03 21:45:00,5,good,0,18.16.1,True,0.13,positive
2026-09-03 21:42:00,3,new updated system is creating some issue as i am facing. F&FO scalping option are coming under the chart when opening in trading view chart and back button is getting auto invisible but while getting back many time scalping option is getting clicked and auto changing to grow chart. it should be resolved as this issue was not in previous update.,63,18.16.1,True,0.18,"features,perf"
2026-09-03 21:32:00,4,good,1,18.16.1,True,0.17,positive
2026-09-03 21:27:00,5,nice,0,18.16.1,True,0.25,positive
2026-09-03 21:06:00,5,good,0,18.16.1,True,0.15,positive
2026-09-03 21:03:00,5,nice app for Market regarding 👍,0,18.16.1,True,0.2,positive
2026-09-03 20:37:00,1,wrost experience,0,18.16.0,True,0.08,unthemed
2026-09-03 20:29:00,5,👍,0,18.14.1,True,0.03,positive
2026-09-03 20:09:00,5,excellent apps✨,0,18.16.1,True,0.1,positive
2026-09-03 20:06:00,5,good application,0,18.13.2,True,0.15,positive
2026-09-03 20:05:00,5,good work,0,18.16.1,True,0.17,positive
2026-09-03 20:05:00,5,jayajagannath,0,18.16.1,True,0.18,positive
2026-09-03 19:54:00,5,good app,0,18.16.1,True,0.17,positive
2026-09-03 19:49:00,5,good,0,18.14.2,True,0.07,positive
2026-09-03 19:47:00,5,"wonderful, reliable, educative..informative, encouraging.. motivational All Time helping and guiding app",0,18.15.1,True,0.1,positive
2026-09-03 19:32:00,5,good 👍,0,18.13.2,True,0.17,positive
2026-09-03 19:23:00,2,"worst update old version sow good, position fast exit and close option, miss new update is",1,18.16.1,True,0.05,perf
2026-09-03 19:18:00,5,good for app,1,15.47,True,0.13,positive
2026-09-03 19:01:00,5,very nice,0,18.14.1,True,0.05,positive
2026-09-03 18:56:00,5,"ease of doing business, highly recommended 👌",0,18.16.1,True,0.13,positive
2026-09-03 18:34:00,5,[NAME] 🙏🏻,0,18.16.1,True,0.13,positive
2026-09-03 18:15:00,5,Groww is best and simple way of doing trading and best feature is F&O Lock Which help me to trade in limit .,1,18.16.1,True,0.18,positive
2026-09-03 18:08:00,4,good app,1,18.9.0,True,0.12,positive
2026-09-03 18:00:00,5,good,0,18.15.1,True,0.07,positive
2026-09-03 17:37:00,5,very good,0,18.16.1,True,0.08,positive
2026-09-03 17:36:00,5,good,0,18.16.1,True,0.1,positive
2026-09-03 17:29:00,5,nice app,0,18.16.1,True,0.03,positive
2026-09-03 17:24:00,5,awesome,0,18.16.1,True,0.03,positive
2026-09-03 17:20:00,5,👍👍👍👍👍👍👍,0,18.16.1,True,0.1,positive
2026-09-03 17:20:00,1,"The customer care team is highly unprofessional. Employees like [NAME] constantly mute and disconnect calls ! Even after sending several emails with proof, the Groww managers/management take absolutely no action. They are clearly biased and protect their staff instead of helping their loyal customers who pay for their services ! Extremely DISAPPOINTING and HUMILIATING experience !! Now they'll immediately respond here asking to write to [EMAIL] BUT NOTHING HAPPENS !!",3,18.16.1,True,0.1,support
2026-09-03 17:15:00,2,y f ft r tr sseee free,0,15.47,True,0.2,unthemed
2026-09-03 17:09:00,5,Good 😊 to,0,18.16.0,True,0.1,positive
2026-09-03 17:08:00,5,good,0,18.16.1,True,0.12,positive
2026-09-03 17:04:00,5,good stock broker 👍,0,18.16.1,True,0.18,positive
2026-09-03 16:34:00,5,Good App,0,18.16.1,True,0.13,positive
2026-09-03 16:32:00,2,dekchi bhalo ki na🙂,0,,True,0.17,unthemed
2026-09-03 16:29:00,3,👍i🙏💯i,0,,True,0.03,unthemed
2026-09-03 16:16:00,5,best,0,18.16.1,True,0.17,positive
2026-09-03 16:07:00,4,Good demat but brokerage charge high please isko kam kariye Thank you,1,18.16.1,True,0.13,positive
2026-09-03 16:04:00,5,good,1,18.13.2,True,-1.0,positive
2026-09-03 15:58:00,1,Whenever you take trade even if you are correct they will show you in loss. Also when you profit they give you less amount. Soon this app will be a complete loss and shutdown soon.,2,18.16.1,True,0.1,unthemed
2026-09-03 15:39:00,5,superb,0,18.16.1,True,0.05,positive
2026-09-03 15:33:00,5,excellent,0,18.16.1,True,0.15,positive
2026-09-03 15:24:00,5,"plz scalper ka swich right side se hataye, back karte samay baar baar preshani peida krta h",0,,True,0.03,positive
2026-09-03 15:15:00,5,good app,0,18.16.1,True,0.18,positive
2026-09-03 15:10:00,5,nice,0,18.16.1,True,0.08,positive
2026-09-03 14:58:00,5,great,0,18.16.1,True,0.1,positive
2026-09-03 14:39:00,5,very good 👍,0,18.15.1,True,0.05,positive
2026-09-03 14:39:00,5,Discover something interesting quickly,0,,True,0.05,positive
2026-09-03 14:36:00,5,ok,0,18.16.1,True,0.1,positive
2026-09-03 14:21:00,5,good,1,18.16.1,True,0.08,positive
2026-09-03 14:19:00,5,good,0,18.16.1,True,0.12,positive
2026-09-03 14:13:00,5,very good,0,18.16.1,True,0.03,positive
2026-09-03 14:12:00,5,nice,0,18.16.1,True,0.05,positive
2026-09-03 14:06:00,5,india no 1 app,0,18.16.1,True,0.15,positive
2026-09-03 14:02:00,1,verry verry bad application so suks percentage leval verry High,0,18.16.1,True,-166.97,unthemed
2026-09-03 13:55:00,5,install Install app and use it for sometime,0,18.16.1,True,0.15,positive
2026-09-03 13:49:00,4,super 👌,2,18.16.1,True,0.07,positive
2026-09-03 13:46:00,5,My experience is Good 😊,0,18.15.1,True,0.12,positive
2026-09-03 13:42:00,3,The app is super friendly for beginners and MF investment but really needs to work on the customer service please put a real human who can listen and help us properly for any issues.,1,18.16.1,True,0.18,unthemed
2026-09-03 13:42:00,2,aa se w aa wa as a,0,17.5,True,0.2,unthemed
2026-09-03 13:42:00,5,good,0,18.16.1,True,0.2,positive
2026-09-03 13:40:00,5,good👍,0,18.15.1,True,0.03,positive
2026-09-03 13:34:00,5,thank you so much 👍,0,18.1.1,True,0.13,positive
2026-09-03 13:15:00,5,excellent,0,18.16.1,True,0.18,positive
2026-09-03 12:58:00,5,Excellent 👌,0,18.16.1,True,0.1,positive
2026-09-03 12:57:00,4,Best investment app,1,18.13.1,True,0.12,positive
2026-09-03 12:53:00,5,❤,0,18.16.1,True,0.18,positive
2026-09-03 12:49:00,4,good advance,1,18.16.1,True,0.07,positive
2026-09-03 12:43:00,5,Amazing NextFin easy apply loan daily,0,,True,0.17,positive
2026-09-03 12:41:00,1,About latest update 👎In your android mobile it's difficult to press back button because of automatically going to touch scalping option.,0,,True,0.2,perf
2026-09-03 12:30:00,5,easy app,0,18.16.1,True,0.2,positive
2026-09-03 12:29:00,1,sir pls shift upside this scalper feature from the down side in the chart,0,18.16.1,True,0.03,features
2026-09-03 12:28:00,5,if both target and stop loss be available in delivery trading in the same platform then we may get more profit .,0,18.15.1,True,0.05,positive
2026-09-03 12:28:00,5,good 👍,0,18.16.1,True,0.07,positive
2026-09-03 12:22:00,5,Good app good experience and I need groww dress plz provide plz plz plz,0,18.16.1,True,0.07,positive
2026-09-03 12:21:00,5,good 👍,0,18.16.1,True,0.08,positive
2026-09-03 12:19:00,5,good,0,18.16.1,True,0.12,positive
2026-09-03 12:17:00,4,app stuck problem 5min chart not working properly,2,18.16.1,True,0.17,positive
2026-09-03 12:09:00,5,good,0,18.8.1,True,0.1,positive
2026-09-03 12:06:00,5,Very Good App To Use.,0,18.16.1,True,0.15,positive
2026-09-03 12:02:00,3,High chrge app design user friendly but charge is very very high buy selling total profit suvaga,0,,True,0.03,charges
2026-09-03 12:02:00,5,nice,0,18.16.1,True,0.03,positive
2026-09-03 12:00:00,5,nice,0,18.16.1,True,0.07,positive
2026-09-03 11:59:00,4,super,2,18.16.1,True,0.1,positive
2026-09-03 11:57:00,5,best,0,18.13.2,True,0.13,positive
2026-09-03 11:46:00,5,good,0,18.16.1,True,0.12,positive
2026-09-03 11:45:00,3,good 👍😊,0,18.16.1,True,0.13,unthemed
2026-09-03 11:44:00,5,good,0,18.16.1,True,0.15,positive
2026-09-03 11:39:00,1,chor hai sale faltu ke paise cut kr lete pta bhi nhi chalta.. please mt download this app,0,18.16.1,True,0.05,unthemed
2026-09-03 11:38:00,5,so easy,0,18.16.1,True,0.07,positive
2026-09-03 11:38:00,5,great app love it,0,18.16.1,True,0.08,positive
2026-09-03 11:36:00,1,mental punda chat...la scalping on off switch edu bro back switch um anga dhan da irukku touch ayuttu Oder vilunthu 10000 loss da thayolli oluinga atha thukku illana vera broker dha pakkanum,0,,True,0.12,unthemed
2026-09-03 11:27:00,5,ok,0,18.16.1,True,0.07,positive
2026-09-03 11:24:00,5,exilant Trading App 👌👌,0,18.15.1,True,0.03,positive
2026-09-03 11:18:00,5,good 😊,0,18.15.1,True,0.13,positive
2026-09-03 11:17:00,4,"So Far, So Good...!👌👍 Time for Next-Level Features Thanks Groww for listening to user feedback and adding key updates since my last review! To make it top-tier for active traders, please add: * Dynamic Trailing Profit: Automatically trail profits past the target to ride market trends until a reversal, [NAME]💰 * Customizable Algo Trading: A flexible, versatile algo platform to automate custom setups and strategies effortlessly. Looking forward to seeing these implemented soon!",6,18.16.1,True,-0.05,positive
2026-09-03 11:13:00,4,useful,1,18.16.1,True,0.02,positive
2026-09-03 11:06:00,5,nice,0,18.15.1,True,0.15,positive
2026-09-03 10:57:00,1,worst customer care that ghosts us if you ask any questions,0,18.16.1,True,0.12,support
2026-09-03 10:57:00,5,well done,0,18.16.1,True,0.12,positive
2026-09-03 10:55:00,1,"1 star is just to get your attention to this matter, will change it later! 1. SmartExit needs an automatic Trailing Stop Loss Option! Please check Fyers for inspiration! 2. Charts loading in mobile app get stuck frequently, any reason or fix to it? 3. Independent CPR indicator and Previous Day High and Previous Day Low, Previous Day Close marking indicator are required. Again, please check Fyers for inspiration! Please reply, if at all do you have any plans for implementing these ? Thanks",199,18.16.1,True,0.15,"features,perf"
2026-09-03 10:55:00,5,😲 WOW,0,18.15.1,True,0.17,positive
2026-09-03 10:54:00,4,Its really good,0,18.16.1,True,0.18,positive
2026-09-03 10:40:00,5,good aplication,0,18.15.1,True,0.03,positive
2026-09-03 10:38:00,5,best app for growth of your money,0,18.4.3,True,0.07,positive
2026-09-03 10:35:00,5,very very good app,0,18.16.1,True,0.12,positive
2026-09-03 10:35:00,5,gray market premium not available kindly request please add this feature,0,18.16.1,True,0.13,positive
2026-09-03 10:28:00,4,it's easy to operate and Nice to use.,2,18.16.1,True,0.05,positive
2026-09-03 10:27:00,5,i become a millionaire within a month you guys should try it highly recommend,0,18.16.1,True,0.07,positive
2026-09-03 10:17:00,4,vary best,0,18.13.2,True,0.15,positive
2026-09-03 10:14:00,5,Add the recently viewed stocks feature again it is very helpful......,0,18.16.1,True,0.2,positive
2026-09-03 10:12:00,5,👍,0,18.16.1,True,0.05,positive
2026-09-03 10:06:00,5,ok,0,18.15.1,True,0.15,positive
2026-09-03 10:03:00,5,good app. thanks for grow team.,0,18.16.1,True,0.2,positive
2026-09-03 10:01:00,4,Good,0,18.16.1,True,0.05,positive
2026-09-03 09:59:00,5,good,0,18.16.1,True,0.08,positive
2026-09-03 09:55:00,5,Very helpful for self growth 📈,0,18.16.1,True,0.15,positive
2026-09-03 09:55:00,5,Nice 👍,0,18.16.1,True,0.17,positive
2026-09-03 09:47:00,5,very handy,0,18.15.1,True,0.1,positive
2026-09-03 09:41:00,5,It's really very good 👍,0,18.15.1,True,0.2,positive
2026-09-03 09:40:00,3,please update the app bcoz when we open chart the navigation buttons are disappeared.,2,18.16.1,True,0.03,"features,perf"
2026-09-03 09:38:00,5,good app to trade.,1,18.16.1,True,0.07,positive
2026-09-03 09:33:00,1,Scalper mode me split screen me index ka chart Move nhi krta hai bs premium ka move krta ye kya glitch hai esko sudharo groww team wale,0,18.16.1,True,0.17,"features,perf"
2026-09-03 09:29:00,5,ok,0,18.16.1,True,0.03,positive
2026-09-03 09:26:00,5,Nice apps,0,18.16.1,True,0.08,positive
2026-09-03 09:24:00,5,very nice 👍 app,0,18.16.1,True,0.03,positive
2026-09-03 09:10:00,5,good,0,18.10.1,True,0.08,positive
2026-09-03 09:09:00,2,brokerage charge very high,0,17.92.3,True,0.1,charges
2026-09-03 08:51:00,5,good,1,18.16.1,True,0.03,positive
2026-09-03 08:48:00,5,super,0,18.16.1,True,0.08,positive
2026-09-03 08:47:00,3,order execution takes a lot more time than expected in 2-3 seconds 5 to 6 k loss occurred,2,18.16.1,True,0.1,unthemed
2026-09-03 08:46:00,5,good app,1,18.16.1,True,0.13,positive
2026-09-03 08:45:00,4,aa aaaas Aa aa zzZ ss ss ss A aaz Saz,0,,True,0.15,positive
2026-09-03 08:42:00,5,user friendly,1,18.16.1,True,0.2,positive
2026-09-03 08:35:00,5,osm,1,18.16.1,True,0.12,positive
2026-09-03 08:34:00,5,Good Seervice,0,18.16.1,True,0.13,positive
2026-09-03 08:24:00,3,the app is good to use but one thing is very annoying that when you are in trade you can't setup sl and target same on the chart.,4,18.16.1,True,0.03,features
2026-09-03 08:19:00,2,"after update touch is not working specially upper part like search, profile and groww logo not working",1,18.16.1,True,0.12,perf
2026-09-03 08:17:00,5,good,0,18.16.1,True,0.15,positive
2026-09-03 08:14:00,5,very nice service,1,18.16.1,True,0.22,positive
2026-09-03 08:14:00,5,good app,0,18.14.1,True,0.22,positive
2026-09-03 08:09:00,2,I requested to change minor correction in Demat opening and Aadhar card and PANCARD. The entire process online. Now all Mutual fund houses are going online demat account opening. CERSAI KYC identifier 14 digit column not inserted backend form designers. It avoids prospective clients the trouble of scanning PAN CARD AND Aadhar CARD uploading. Still insisting physical xerox copies to be sent through courier. They routinely reply.,1,18.16.1,True,0.1,money
2026-09-03 08:09:00,5,Maina ak din main option trading karka 500 sa 5000 banaya,1,18.16.1,True,0.1,positive
2026-09-03 07:53:00,5,excellent 👍,0,18.16.1,True,0.18,positive
2026-09-03 07:53:00,5,good,0,18.16.1,True,0.18,positive
2026-09-03 07:50:00,4,Nice,1,18.16.1,True,0.05,positive
2026-09-03 07:48:00,5,it is a very good broker. groww should start everyday sip. also groww should have their own international Mf.,0,18.15.1,True,0.08,positive
2026-09-03 07:45:00,5,excellent,0,18.14.1,True,0.13,positive
2026-09-03 07:39:00,5,superb app,0,18.16.1,True,0.05,positive
2026-09-03 07:37:00,5,very good,0,18.16.1,True,0.08,positive
2026-09-03 07:29:00,4,rait,0,18.16.1,True,0.03,positive
2026-09-03 07:04:00,5,it's longer loss companys,0,18.16.1,True,0.18,positive
2026-09-03 06:30:00,5,good aap for investment,0,18.16.1,True,0.2,positive
2026-09-03 06:07:00,5,very nice work and Easy Well done Groww,1,18.16.1,True,0.13,positive
2026-09-03 06:05:00,5,very good groww work and all to much,1,18.16.1,True,0.17,positive
2026-09-03 04:23:00,4,very good app,0,18.16.1,True,0.05,positive
2026-09-03 04:13:00,5,good,1,18.16.1,True,0.03,positive
2026-09-03 03:56:00,5,Good One🫡,0,18.16.1,True,0.13,positive
2026-09-03 01:16:00,5,okay,0,18.16.1,True,0.17,positive
2026-09-03 01:07:00,5,nice apps,0,18.16.1,True,0.12,positive
2026-09-03 00:35:00,1,"all expense ratios are incorrect on Groww. that's not acceptable. For ex, TrustMF Midcap or TrustMF small cap is mentioned 2%, in reality it's 0.45%. Abbakkus Large and Mid 3.5%. Is that a joke?",1,,True,0.12,unthemed
2026-09-03 00:24:00,5,good,0,18.13.2,True,0.03,positive
2026-09-03 00:06:00,5,wonderful,0,18.16.1,True,0.15,positive
2026-09-02 23:38:00,4,easy to use,1,18.16.1,True,0.07,positive
2026-09-02 23:04:00,5,best app share market,0,18.16.1,True,0.18,positive
2026-09-02 23:01:00,5,very nice,0,18.16.1,True,0.05,positive
2026-09-02 23:01:00,5,good,0,18.15.1,True,0.05,positive
2026-09-02 22:55:00,2,good,0,18.15.1,True,0.15,unthemed
2026-09-02 22:37:00,1,GR-1 is removed?,0,18.16.1,True,0.08,unthemed
2026-09-02 22:36:00,5,2019 nunchi grow account use chestunnanu chala comfortable ga untadhi naaku baga nachindhi,0,18.16.1,True,0.1,positive
2026-09-02 22:22:00,3,App was working fine. after the update the navigation button becomes auto hide on candle page. this is too annoying.,1,18.16.1,True,0.07,perf
2026-09-02 22:18:00,5,Good app,0,18.16.1,True,0.13,positive
2026-09-02 22:13:00,5,good,0,18.16.1,True,0.03,positive
2026-09-02 22:12:00,5,good,0,18.16.1,True,0.05,positive
2026-09-02 22:04:00,1,ll be,1,18.15.1,True,0.2,unthemed
2026-09-02 21:59:00,1,worst customer care service most of the time it took more than 15 min to connect to customer care it always say more than 5 min we will connect you pathetic customer care response,0,18.16.1,True,-180.92,support
2026-09-02 21:57:00,5,ok,0,18.16.1,True,0.12,positive
2026-09-02 21:53:00,5,make money with groww & your life growth,0,18.16.1,True,0.18,positive
2026-09-02 21:51:00,5,very nice interface,0,18.16.1,True,0.03,positive
2026-09-02 21:44:00,5,useful app,1,,True,0.15,positive
2026-09-02 21:44:00,5,good,0,18.15.1,True,0.15,positive
2026-09-02 21:37:00,5,good,0,18.16.1,True,0.08,positive
2026-09-02 21:35:00,5,I'm using from last years ot really good app and customer care service is fantastic,0,18.16.1,True,0.12,positive
2026-09-02 21:14:00,1,brokerage charges are so high that i have to move to another peers to save my money from this greedy broker ...!,1,18.16.1,True,0.2,charges
2026-09-02 21:04:00,1,sir...dusre demat app me login ke liye only mobile no. use hota hai... Or apki app me email id compulsory salana pdta hai... fir pasward vera dlana padta... bahut dikkat hoti hai..... ap ak bar upstok or angle app khol ke dekh to kitna easy login hota hai..... apki app me ye bahut bdi dikkat hai... isko sudharo. . .. Or demo dekhna ho to upstok me logi kr ke dekh lo,0,18.16.1,True,0.18,"support,money"
2026-09-02 21:03:00,1,u guys deserve 5 star but need to learn some features from zerodha ..3.50 pm there is after market transaction which zerodha allows but groww don't allow ...please look into it ...also at pre open of ipo zerodha allow us to place order before 9.38 but groww doesn't,0,18.16.1,True,0.2,features
2026-09-02 20:51:00,5,very good,0,18.15.1,True,0.03,positive
2026-09-02 20:45:00,5,groww trading in best plateform apps.,0,18.16.0,True,0.13,positive
2026-09-02 20:32:00,5,good 👍👍👍,0,18.16.1,True,0.17,positive
2026-09-02 20:32:00,4,not happy..After new update scalper option is given down that is very irritating every time. its getting pressed all the time.. pls change its position.,0,,True,0.17,positive
2026-09-02 20:24:00,4,nice,1,18.9.0,True,0.03,positive
2026-09-02 20:20:00,5,very good app,0,18.16.1,True,0.1,positive
2026-09-02 19:54:00,4,accha aap hai,1,18.16.1,True,0.17,positive
2026-09-02 19:27:00,5,good,0,18.16.1,True,0.07,positive
2026-09-02 19:16:00,5,Good for a new learners in stock markets.,0,18.15.1,True,0.17,positive
2026-09-02 19:14:00,5,nice,0,18.16.1,True,0.2,positive
2026-09-02 19:06:00,5,nice,0,18.16.1,True,0.15,positive
2026-09-02 18:53:00,5,Good,0,18.16.1,True,0.18,positive
2026-09-02 18:44:00,1,share holding pattern pura glt dikhati hai ye app maine screener me check Kiya or yaha check totally different hai. fix this issue ap logo ko glt information de rahe ho dusra scalping ka button jb se neeche kiya tb se bar bar chat change ho jata hai kabhi trading view mode me krte hai to scalping mode me aa jata hai use change krte hai to grow mode me aa jata hai kyoki jaha scalping ka button hai vahi pr phone ka back jane ka key hai use dbane pr scalping mode on ho jata hai ise uper le jaye,1,18.16.1,True,-155.67,unthemed
2026-09-02 18:33:00,4,good 👍😊 😊😊😊😊😊😊😊😊😊😊😊😊😊😊😊😊😊😊,0,18.16.1,True,0.15,positive
2026-09-02 18:20:00,5,registration completed!,0,18.16.1,True,0.1,positive
2026-09-02 17:55:00,5,ok,0,18.14.2,True,0.15,positive
2026-09-02 17:51:00,5,nice 👍🏻,0,18.16.1,True,0.03,positive
2026-09-02 17:30:00,5,best app,0,,True,0.2,positive
2026-09-02 17:30:00,5,good,0,18.16.1,True,0.2,positive
2026-09-02 17:27:00,1,niche chain hta do bhit problem hota hai trading karne me,0,18.16.1,True,-0.02,unthemed
2026-09-02 17:24:00,5,Nice app,0,18.16.1,True,0.03,positive
2026-09-02 17:09:00,5,Very good app,0,18.16.1,True,0.1,positive
2026-09-02 16:49:00,3,nice app 👍🤠,2,18.16.1,True,0.07,unthemed
2026-09-02 16:46:00,5,Good for future planning,0,18.16.1,True,0.12,positive
2026-09-02 16:33:00,3,"BB DD X x AA AA a @xx BB BB t cc BG g cc b BB x xx v BC vii,,,á2 cc z wwwwzwwzwwwwwwwwwz,2 BH BB cc c cc",0,,True,0.15,unthemed
2026-09-02 16:29:00,5,good,1,18.16.1,True,0.03,positive
2026-09-02 16:28:00,1,"Hii, Everything is good about Groww while using it for trading, but a problem which I am facing is I can see Many upi ids in ipo payment section please provide any solution to remove it or keep a limit on upi ids in that section",3,18.16.1,True,-0.03,"features,money"
2026-09-02 16:24:00,5,nice 👍,0,18.15.1,True,0.03,positive
2026-09-02 16:17:00,5,good,0,18.13.2,True,0.15,positive
2026-09-02 16:14:00,5,good,0,,True,0.22,positive
2026-09-02 16:05:00,5,nice experience.,0,18.15.1,True,0.17,positive
2026-09-02 15:52:00,1,scamming app,0,,True,0.2,unthemed
2026-09-02 15:50:00,1,using several years today opened zerodha for low brokerage and easy gift share option.,2,18.16.1,True,0.05,charges
2026-09-02 15:49:00,5,good. app,0,,True,0.07,positive
2026-09-02 15:41:00,5,supab,0,18.15.1,True,0.2,positive
2026-09-02 15:25:00,5,excellent app for trading,1,18.16.1,True,0.1,positive
2026-09-02 15:24:00,3,Good experience,0,18.16.0,True,0.03,unthemed
2026-09-02 15:24:00,5,Nice aap,0,18.16.1,True,0.03,positive
2026-09-02 15:17:00,1,🚫🚫🚫,1,18.13.2,True,0.15,unthemed
2026-09-02 15:10:00,5,good,0,18.16.1,True,0.08,positive
2026-09-02 15:10:00,5,"This app is very good, it does not charge any fees and the interest is low. This app has benefited me a lot. I will tell everyone to use this app and fulfill your dreams 😊🙏",3,18.16.1,True,0.08,positive
2026-09-02 15:00:00,1,scalper button mobile ke back button me hi he to back karte time bar bar scalper button touch ho jata he. disturb hote he,0,18.16.1,True,0.07,unthemed
2026-09-02 14:47:00,5,good 👍🏻😊,0,18.16.1,True,0.1,positive
2026-09-02 14:42:00,5,nice app,0,18.16.1,True,0.18,positive
2026-09-02 14:17:00,5,good,0,16.73,True,0.15,positive
2026-09-02 13:56:00,5,it's good to tred,0,18.16.1,True,0.13,positive
2026-09-02 13:49:00,5,good,0,18.16.1,True,0.07,positive
2026-09-02 13:22:00,5,very good app for long term weath creation,0,18.16.1,True,0.07,positive
2026-09-02 13:14:00,5,best app and fastest working,0,18.16.1,True,0.2,positive
2026-09-02 13:14:00,5,good,0,18.13.2,True,0.2,positive
2026-09-02 13:11:00,5,nice work 💯,0,18.16.1,True,0.07,positive
2026-09-02 13:09:00,3,equity broker charges,2,18.16.1,True,0.1,charges
2026-09-02 13:09:00,5,good 👍😊,0,18.16.1,True,0.1,positive
2026-09-02 13:03:00,5,supar,0,18.16.1,True,0.22,positive
2026-09-02 12:57:00,5,good,0,18.16.1,True,0.12,positive
2026-09-02 12:49:00,5,Excellent App. Outstanding & East to operate. All the very best.,3,18.16.1,True,0.07,positive
2026-09-02 12:40:00,5,good night,0,18.14.2,True,0.03,positive
2026-09-02 12:38:00,5,good 👍,0,18.16.1,True,0.07,positive
2026-09-02 12:38:00,4,💐t,1,14.84,True,0.07,positive
2026-09-02 12:36:00,2,Check Dhan App. Groww app should grow now!!!,0,18.16.1,True,0.12,unthemed
2026-09-02 12:33:00,5,good,0,18.16.1,True,0.17,positive
2026-09-02 12:27:00,5,good,0,18.16.1,True,0.27,positive
2026-09-02 12:15:00,5,Nice aap easily understood and usage is also a nice experience. Good aap,0,18.16.1,True,0.48,positive
2026-09-02 12:12:00,5,good service,0,18.16.1,True,0.53,positive
2026-09-02 12:07:00,5,good,0,18.16.1,True,0.63,positive
2026-09-02 12:06:00,5,very good,0,18.16.1,True,0.65,positive
2026-09-02 11:55:00,5,good,0,18.16.1,True,0.15,positive
2026-09-02 11:51:00,5,nice trading Everything is ⏩ hai,0,18.16.1,True,0.03,positive
2026-09-02 11:45:00,1,SENDING WRONG PAYMENT AMOUNT TO BHIM! Fix this or else change your Product Managers!!,0,,True,0.13,unthemed
2026-09-02 11:35:00,5,very easy to buy stock and easy to invest money,0,18.16.1,True,0.12,positive
2026-09-02 11:26:00,4,very good application,1,18.16.1,True,0.08,positive
2026-09-02 11:24:00,5,good 👍🏿😊,0,18.16.0,True,0.03,positive
2026-09-02 11:19:00,5,all good,0,18.16.1,True,0.12,positive
2026-09-02 11:19:00,1,ek toh ye groww app pata nhi kaunsi aafat aari inko update ghatiya ghatiya leke aa jaate hai......please give death penalty to the one who brought this update having scalper option in bottom of screen...everytime I try to hit back button it hits scalper option and your panauti groww chart opens up then I again have to turn off scalper option and again have to switch to trading view chart.......worst update,0,18.16.1,True,-49.78,"features,perf"
2026-09-02 11:14:00,1,"worest and froud app, it holds some amount without explaining the reson on withdraw time.",0,18.16.1,True,-86.17,money
2026-09-02 11:10:00,4,super service,1,18.15.1,True,0.08,positive
2026-09-02 11:08:00,1,worst....,0,,True,0.12,unthemed
2026-09-02 11:06:00,1,last update ui is wrost please remove scalper mode on bottom,3,18.16.1,True,0.15,perf
2026-09-02 11:02:00,3,high charges,1,18.13.2,True,0.03,charges
2026-09-02 10:45:00,5,ok,0,18.16.1,True,0.13,positive
2026-09-02 10:44:00,5,Best,0,18.16.1,True,0.15,positive
2026-09-02 10:43:00,5,nice ☺️☺️☺️,0,18.14.2,True,0.18,positive
2026-09-02 10:39:00,4,Best,1,18.16.1,True,0.05,positive
2026-09-02 10:31:00,3,Mutual fund dashboards are automatically not refreshing.,2,18.16.1,True,0.18,unthemed
2026-09-02 10:31:00,4,"the option chain become laggy? When I open the chart on my phone and then open the option chain, the option chain starts lagging.",1,,True,0.18,positive
2026-09-02 10:31:00,5,Good work,0,18.16.1,True,0.2,positive
2026-09-02 10:30:00,5,great,0,18.11.1,True,0.22,positive
2026-09-02 10:26:00,5,good app,0,18.16.1,True,0.08,positive
2026-09-02 10:26:00,5,nice 👍🙂,0,18.16.1,True,0.08,positive
2026-09-02 10:25:00,5,Good,0,18.15.1,True,0.1,positive
2026-09-02 10:25:00,5,😍😍😍😍😍😍😍🙏🏻🙏🏻🙏🏻🙏🏻🙏🏻,0,,True,0.12,positive
2026-09-02 10:25:00,5,Nice app,0,18.16.1,True,0.12,positive
2026-09-02 10:14:00,5,very good experience,1,18.16.1,True,0.2,positive
2026-09-02 10:10:00,1,it is worst app my inside money gone and I see it shows minus literally if anyone download these app please see the my comments then you download and invest,0,18.16.1,True,0.08,unthemed
2026-09-02 10:07:00,5,🧿,0,18.16.1,True,0.13,positive
2026-09-02 10:06:00,5,🫂👍,0,18.16.1,True,0.15,positive
2026-09-02 10:03:00,5,a one,0,18.16.1,True,0.22,positive
2026-09-02 10:03:00,1,1.every week update 2.inside charge 3system fult 4.costmer response 0000,0,18.16.1,True,0.22,"perf,charges"
2026-09-02 10:02:00,5,good 👍,0,18.16.1,True,0.03,positive
2026-09-02 09:56:00,5,good 👍,1,18.16.1,True,0.13,positive
2026-09-02 09:53:00,5,very nice. chart,0,18.16.1,True,0.2,positive
2026-09-02 09:51:00,3,"after the update, on screen button in android is not working as earlier when the groww's app technical chart is opened. just let me know by when this issue will be resolved?",1,18.16.1,True,0.03,"features,perf"
2026-09-02 09:48:00,5,Good,0,18.16.1,True,0.08,positive
2026-09-02 09:45:00,5,very good,0,18.15.1,True,0.13,positive
2026-09-02 09:43:00,5,best,0,18.16.1,True,0.18,positive
2026-09-02 09:32:00,5,good,0,,True,0.17,positive
2026-09-02 09:31:00,5,very nice app of trading,0,,True,0.2,positive
2026-09-02 09:29:00,5,good,1,18.16.1,True,0.03,positive
2026-09-02 09:12:00,5,nice,1,18.16.1,True,0.05,positive
2026-09-02 09:10:00,5,👍,1,18.16.1,True,0.08,positive
2026-09-02 09:05:00,5,smooth operation,0,18.16.0,True,0.17,positive
2026-09-02 09:05:00,5,good app,1,17.16,True,0.18,positive
2026-09-02 09:03:00,5,👍,0,18.16.1,True,0.22,positive
2026-09-02 08:56:00,5,every good apps,0,18.15.1,True,0.13,positive
2026-09-02 08:52:00,5,pandu,0,18.16.1,True,0.2,positive
2026-09-02 08:50:00,5,good application no other hidden charges 😊,0,18.3.1,True,0.05,positive
2026-09-02 08:41:00,5,comfort platform,0,18.16.1,True,0.2,positive
2026-09-02 08:39:00,5,very good,0,18.16.1,True,0.05,positive
2026-09-02 08:39:00,4,good,1,18.16.1,True,0.05,positive
2026-09-02 08:37:00,5,good,0,18.16.1,True,0.08,positive
2026-09-02 08:29:00,5,well,0,18.13.2,True,0.03,positive
2026-09-02 08:26:00,5,instant withdrawal very good one,0,18.16.1,True,0.08,positive
2026-09-02 08:25:00,5,nice 👍,0,18.15.1,True,0.1,positive
2026-09-02 08:21:00,4,great app and very fast app suggestion: need Link for top 5 buyer seller window (Android phone),2,18.16.1,True,0.08,positive
2026-09-02 08:08:00,5,"Groww is a very user-friendly and reliable investment platform. The app is simple to use, transactions are smooth, and the overall experience is excellent. Highly recommended",2,18.16.1,True,0.12,positive
2026-09-02 08:08:00,5,good,0,18.16.1,True,0.13,positive
2026-09-02 07:55:00,5,Awesome 👌,0,,True,0.15,positive
2026-09-02 07:52:00,1,forex trading is best .,0,,True,0.2,unthemed
2026-09-02 07:44:00,5,nice super,0,18.16.0,True,0.15,positive
2026-09-02 07:41:00,5,nice,0,18.16.1,True,0.2,positive
2026-09-02 07:40:00,5,nice,0,18.16.1,True,0.03,positive
2026-09-02 07:37:00,5,good,0,18.16.1,True,0.08,positive
2026-09-02 07:31:00,5,very good interface.,0,18.16.1,True,0.18,positive
2026-09-02 07:23:00,5,all future goods and stock marketing easily play,1,18.16.1,True,0.05,positive
2026-09-02 07:20:00,4,simple easy to trade,0,17.96.7,True,0.1,positive
2026-09-02 07:19:00,5,"Groww provides a simple and user-friendly platform for investing and trading. The interface is easy to understand, transactions are generally smooth, and the overall experience is good. Customer support and service improvements would make the platform even better.",2,18.16.1,True,0.12,positive
2026-09-02 07:19:00,5,There is no better platform than Groww,0,18.16.1,True,0.13,positive
2026-09-02 07:12:00,5,best app,0,18.16.1,True,0.05,positive
2026-09-02 06:49:00,5,excellent,0,18.16.1,True,0.07,positive
2026-09-02 06:35:00,5,nice,0,,True,0.12,positive
2026-09-02 06:20:00,5,supper,0,18.16.1,True,0.1,positive
2026-09-02 06:03:00,5,"बहुत ही सरल ऐप है,और चार्ज भी ठीक है,इस ऐप को यूज करके मजा आ रहा है....🙂",0,18.16.1,True,0.2,positive
2026-09-02 05:08:00,5,very nice,0,18.16.1,True,0.12,positive
2026-09-02 04:51:00,5,good,0,18.16.1,True,0.03,positive
2026-09-02 04:38:00,4,good 👍,0,18.15.1,True,0.07,positive
2026-09-02 04:10:00,5,auto debit directly from saving account for share purchase from market.,0,18.16.1,True,0.08,positive
2026-09-02 03:55:00,5,very good,1,18.16.1,True,0.15,positive
2026-09-02 02:40:00,5,good experience,0,,True,0.03,positive
2026-09-02 00:42:00,5,best for investment,1,18.16.1,True,0.18,positive
2026-09-02 00:09:00,5,Complete your KYC & Esign Process 34.1k Coin 1.Click on the link below. 2.Download the App. 3.Register on the App via mobile number present in your device. 4. Complete your KYC & Esign Process to claim this reward. 5.Open Demat Account. 6.Buy stocks worth Rs.50 to claim this reward. ( Mandatory ) Note: Buying stock is compulsory to receive cashback.,1,18.16.1,True,0.1,positive
2026-09-02 00:06:00,5,Easy to use app,0,18.16.1,True,0.15,positive
2026-09-02 00:02:00,5,Avg. Reward Time: 10 mins,0,18.16.1,True,0.03,positive
2026-09-01 23:42:00,1,worst experience... trying to reach the customer care to resolve my issue...but couldn't reach...no reply to email and didn't pick up the customer care call....waiting since friday,3,18.16.1,True,0.18,support
2026-09-01 23:32:00,5,good,0,18.16.1,True,0.17,positive
2026-09-01 23:27:00,5,good,0,,True,0.07,positive
2026-09-01 23:22:00,5,best,0,18.16.1,True,0.07,positive
2026-09-01 23:15:00,2,good,1,18.13.2,True,0.18,unthemed
2026-09-01 23:11:00,5,great,0,18.13.2,True,0.07,positive
2026-09-01 23:00:00,5,super,0,18.12.1,True,0.07,positive
2026-09-01 22:36:00,4,very good,0,18.11.1,True,0.1,positive
2026-09-01 22:29:00,5,Lingasamy M,0,18.2.1,True,0.03,positive
2026-09-01 22:27:00,5,"Very clean and beginner-friendly. This is probably Groww’s biggest strength. Stocks, mutual funds, ETFs, IPOs and other products are available in one app. Groww now offers advanced charts, intraday tools, F&O, MTF and a dedicated terminal, but some users report lag or responsiveness problems, particularly around trading activity.📈📉📈📉",0,,True,-0.02,positive
2026-09-01 22:15:00,5,UI and UX is good 👍,0,18.16.1,True,0.18,positive
2026-09-01 22:12:00,5,👍,0,18.15.1,True,0.05,positive
2026-09-01 22:12:00,5,good,0,,True,0.05,positive
2026-09-01 22:06:00,5,good application,0,18.16.1,True,0.15,positive
2026-09-01 22:00:00,4,nice,1,18.16.1,True,0.07,positive
2026-09-01 21:36:00,1,corrupt hai ye aap because trade ko manipulate Karte hai ye,0,,True,0.1,unthemed
2026-09-01 21:03:00,5,best,0,18.16.0,True,0.2,positive
2026-09-01 20:57:00,5,very nice 🙂,0,18.15.1,True,0.12,positive
2026-09-01 20:42:00,4,good 👍,0,18.16.1,True,0.18,positive
2026-09-01 20:33:00,5,extremely beneficial,0,18.16.1,True,0.15,positive
2026-09-01 20:29:00,4,"It is very nice aap,I am using it.",1,18.12.1,True,0.03,positive
2026-09-01 20:27:00,5,good app,0,18.14.1,False,,positive
2026-09-01 20:15:00,5,good,0,18.16.1,True,0.18,positive
2026-09-01 20:06:00,5,great,0,18.15.1,True,0.15,positive
2026-09-01 19:56:00,5,very good,0,18.16.0,True,0.13,positive
2026-09-01 19:54:00,5,best,0,18.16.1,True,0.17,positive
2026-09-01 19:50:00,5,very good,1,18.16.1,True,0.05,positive
2026-09-01 19:47:00,5,good 😊,0,18.15.1,True,0.1,positive
2026-09-01 19:47:00,5,veri good,0,18.16.1,True,0.1,positive
2026-09-01 19:33:00,5,not this time,0,18.16.1,True,0.15,positive
2026-09-01 19:33:00,5,good ap,0,18.16.1,True,0.15,positive
2026-09-01 19:27:00,5,[NAME] hamne download Kiya hai dekhta hu kitna support milta groww stocks se thanks for guest,0,,True,0.07,positive
2026-09-01 19:17:00,5,understand very easy for low english know people,1,18.16.1,True,0.15,positive
2026-09-01 19:15:00,5,Best aap,0,18.16.1,True,0.18,positive
2026-09-01 19:14:00,5,good,0,18.16.1,True,0.2,positive
2026-09-01 18:56:00,4,ek dam badhiya hai,0,18.13.2,True,0.13,positive
2026-09-01 18:52:00,5,👍nice,0,18.16.1,True,0.2,positive
2026-09-01 18:51:00,1,"Hello groww your team cut my money in our mutual fund sell unit """""" your team resolved it my gotal money debit 3700+",0,18.16.1,True,0.03,unthemed
2026-09-01 18:46:00,5,good 👍,0,18.14.1,True,0.12,positive
2026-09-01 18:41:00,4,good,0,,True,0.2,positive
2026-09-01 18:07:00,5,superb,1,18.16.1,True,0.13,positive
2026-09-01 18:04:00,5,nice,0,18.10.1,True,0.18,positive
2026-09-01 18:02:00,5,ok,0,18.15.1,True,0.03,positive
2026-09-01 18:01:00,4,very nice,0,18.16.1,True,0.05,positive
2026-09-01 17:55:00,5,good,1,18.16.1,True,0.17,positive
2026-09-01 17:50:00,5,good,0,18.16.1,True,0.05,positive
2026-09-01 17:47:00,5,good 👍,1,18.16.1,True,0.1,positive
2026-09-01 17:34:00,5,easy to understand,0,18.15.1,True,0.13,positive
2026-09-01 17:31:00,5,good,0,18.15.1,True,0.18,positive
2026-09-01 17:28:00,4,very Good 👍🏻,0,18.15.1,True,0.05,positive
2026-09-01 17:20:00,1,"just now uninstalled the groww app. i though of trading, options through this app. intially, i wanted to observe this app, if conducive wanted to dive into it. Holy cow, the recent update made it worse. unable to explore the features or trying to take the credentials of my account. Not even deserve one star. i wonder how all those 5 stars you guys got !!! GROWW, you really messed up with the recent update.",0,,True,0.1,"features,perf"
2026-09-01 17:09:00,3,very good,1,,True,0.1,unthemed
2026-09-01 16:42:00,4,good,0,,True,0.18,positive
2026-09-01 16:39:00,5,super groww is a good income in my life,1,18.16.1,True,0.05,positive
2026-09-01 16:20:00,5,great 👍,1,18.16.1,True,0.1,positive
2026-09-01 16:18:00,5,good,0,18.16.1,True,0.13,positive
2026-09-01 16:13:00,5,Good,0,18.13.2,True,0.03,positive
2026-09-01 15:52:00,5,best,0,18.16.1,True,0.2,positive
2026-09-01 15:27:00,5,good 👍,1,18.16.1,True,0.07,positive
2026-09-01 15:04:00,5,its good,0,18.16.1,True,0.18,positive
2026-09-01 14:47:00,5,top list and lower list mention this app,0,18.16.1,True,0.1,positive
2026-09-01 14:38:00,4,very good,0,18.16.1,True,0.07,positive
2026-09-01 14:33:00,2,"Best user interface ,but high brokerage charges . I recommend kotak neo to everyone under age 30",2,17.98.0,True,0.15,charges
2026-09-01 14:25:00,5,smooth app,0,17.95.2,True,0.1,positive
2026-09-01 14:20:00,1,mere paise gayab ho jaata hai kaisa app hai 14000 tha 6000 hi dikha raha hai kaisa app hai ye,0,17.95.2,True,0.1,unthemed
2026-09-01 14:20:00,1,Worst customer service executives and world of delays,0,18.16.1,True,0.1,unthemed
2026-09-01 14:17:00,5,excellent,0,18.16.0,True,0.15,positive
2026-09-01 14:15:00,5,great 👍,0,18.16.1,True,0.2,positive
2026-09-01 14:13:00,1,"Deserve 0 because of pathetic customer care service Edit: Groww makes people wait for every message for 15 to 20 minutes, sometimes even half an hour. They want people to use Groww's customer chat service and forget everything in their lives.",0,18.16.1,True,-6885.7,support
2026-09-01 14:11:00,3,brokerage bahut jyada hai,0,18.16.1,True,0.07,charges
2026-09-01 14:10:00,5,very nice,0,18.16.1,True,0.08,positive
2026-09-01 14:08:00,5,Please provide 'CPR with pivot levels' indicator and 'Layout' features...,0,18.16.1,True,-287.25,positive
2026-09-01 14:06:00,5,very good,0,18.16.1,True,0.15,positive
2026-09-01 13:56:00,5,good opportunity and very nice app,1,18.16.1,True,0.13,positive
2026-09-01 13:49:00,5,good app,0,18.13.2,True,0.07,positive
2026-09-01 13:47:00,5,good 👍,0,18.16.1,True,0.1,positive
2026-09-01 13:46:00,5,excellent,0,,True,0.12,positive
2026-09-01 13:42:00,5,good,0,18.13.2,True,0.2,positive
2026-09-01 13:19:00,5,good 👍👍,1,18.16.1,True,0.12,positive
2026-09-01 13:14:00,5,good 👍👍,0,18.16.1,True,0.2,positive
2026-09-01 13:11:00,4,good,0,18.15.1,True,0.07,positive
2026-09-01 13:09:00,5,⭐⭐⭐⭐⭐,0,18.15.1,True,0.1,positive
2026-09-01 13:05:00,5,very nice aap,0,18.16.0,True,0.17,positive
2026-09-01 13:04:00,5,best UI,0,18.14.2,True,0.2,positive
2026-09-01 12:57:00,4,good,0,18.16.1,True,0.12,positive
2026-09-01 12:51:00,3,scalping option not good,1,18.16.1,True,0.03,unthemed
2026-09-01 12:51:00,5,well,0,18.15.1,True,0.03,positive
2026-09-01 12:49:00,4,good,0,18.16.1,True,0.07,positive
2026-09-01 12:48:00,5,good,0,18.11.1,True,0.1,positive
2026-09-01 12:34:00,4,Good Service 👍,0,18.16.1,True,0.13,positive
2026-09-01 12:20:00,4,best,0,18.14.1,True,0.1,positive
2026-09-01 12:20:00,5,superb,0,18.16.1,True,0.1,positive
2026-09-01 12:19:00,5,good,0,18.13.2,True,0.12,positive
2026-09-01 12:18:00,5,best broker for mutual fund and stock,0,18.16.1,True,0.15,positive
2026-09-01 12:09:00,5,good 👍,0,18.16.1,True,0.1,positive
2026-09-01 12:04:00,3,my re kyc option is not showing please check immediately.im waiting form last 5 days,0,,True,0.18,"support,money"
2026-09-01 12:02:00,5,jst A amazing app ❤️‍🩹,0,,True,0.03,positive
2026-09-01 11:56:00,5,very useful app for those who r intrested in share market...,0,18.16.1,True,0.13,positive
2026-09-01 11:55:00,5,Thoda dhyan se. grow karna,0,18.16.1,True,0.15,positive
2026-09-01 11:55:00,5,eco friendly use,0,,True,0.17,positive
2026-09-01 11:51:00,5,good one app,0,18.15.1,True,0.03,positive
2026-09-01 11:49:00,5,🥰👍,0,,True,0.07,positive
2026-09-01 11:47:00,5,Best app,0,,True,0.1,positive
2026-09-01 11:41:00,5,good,0,18.16.1,True,0.22,positive
2026-09-01 11:38:00,5,awesome for trading,0,18.16.1,True,0.07,positive
2026-09-01 11:34:00,5,good,0,18.16.1,True,0.13,positive
2026-09-01 11:33:00,5,excellent,0,18.15.1,True,0.15,positive
2026-09-01 11:26:00,1,horrible customer service experience,0,18.16.1,True,0.08,unthemed
2026-09-01 11:18:00,5,ok,0,18.15.1,True,0.13,positive
2026-09-01 11:17:00,5,excellent,0,18.16.1,True,0.15,positive
2026-09-01 11:17:00,5,good,0,18.15.1,True,0.15,positive
2026-09-01 11:14:00,4,osm,1,18.16.1,True,0.22,positive
2026-09-01 11:14:00,5,good 👍🏻,0,18.16.1,True,0.22,positive
2026-09-01 11:12:00,5,"Nice platform for Trading, but for some INTRADAY stocks margin Money is less compared with zerodha",1,18.16.1,True,0.05,positive
2026-09-01 10:53:00,5,good app,1,18.13.2,True,0.18,positive
2026-09-01 10:53:00,5,thankyou groww,0,18.16.1,True,0.18,positive
2026-09-01 10:46:00,5,good,0,18.9.0,True,0.12,positive
2026-09-01 10:44:00,5,Helpful broker app,1,18.16.1,True,0.15,positive
2026-09-01 10:41:00,5,Good 👍,0,18.16.1,True,0.2,positive
2026-09-01 10:35:00,5,nice very,0,18.15.1,True,0.12,positive
2026-09-01 10:34:00,5,good,0,18.16.1,True,0.13,positive
2026-09-01 10:33:00,5,Great app.,1,18.16.1,True,0.17,positive
2026-09-01 10:32:00,5,very nice app,0,18.15.1,True,0.18,positive
2026-09-01 10:31:00,5,good,0,18.16.1,True,0.2,positive
2026-09-01 10:26:00,5,good,0,18.16.1,True,0.08,positive
2026-09-01 10:12:00,5,bahut achcha app hai 🥰🫣,1,18.16.1,True,0.05,positive
2026-09-01 10:12:00,5,awesome trade apps,0,18.16.1,True,0.05,positive
2026-09-01 10:11:00,5,good 👍,0,18.16.1,True,0.07,positive
2026-09-01 10:09:00,4,very very good apps,0,18.16.1,True,0.12,positive
2026-09-01 10:07:00,2,Recent update to the app pushes for intraday trades by randomly auto selecting intraday option in buy screen. dirty tactics to increase margins? support is clueless and plays dumb. it's a shame because i really liked this app so far over other players.,4,18.16.1,True,0.15,"support,perf"
2026-09-01 10:06:00,5,nice,0,18.16.1,True,0.17,positive
2026-09-01 10:04:00,5,😍,0,18.16.1,True,0.2,positive
2026-09-01 10:03:00,5,ok,0,18.13.2,True,0.23,positive
2026-09-01 10:00:00,5,Nice best,0,18.16.0,True,0.07,positive
2026-09-01 10:00:00,3,very nice 👍,0,18.16.1,True,0.07,unthemed
2026-09-01 09:58:00,5,osm,0,18.16.1,True,0.1,positive
2026-09-01 09:54:00,1,data doesn't update after latest update. i have to refresh every second to track prices,1,18.16.1,True,0.18,perf
2026-09-01 09:54:00,5,very nice work,0,18.16.1,True,0.2,positive
2026-09-01 09:50:00,5,good,0,18.16.1,True,0.05,positive
2026-09-01 09:50:00,5,nice 👍,0,18.16.1,True,0.05,positive
2026-09-01 09:44:00,5,very good,0,18.16.1,True,0.17,positive
2026-09-01 09:42:00,5,excellent application and user friendly,0,18.16.1,True,0.2,positive
2026-09-01 09:40:00,3,"Once MF orders are added into cart, No option to access cart and process payment for all orders at once",1,18.16.1,True,0.03,unthemed
2026-09-01 09:40:00,4,This is good to use and easy to working all steps,0,18.14.2,True,0.03,positive
2026-09-01 09:37:00,1,Latest update नंतर जिथं मोबाईलचे परत जायचं बटण असत (back button) तिथं groww chart वर शिफ्ट करायचं option आलंय त्यामुळे खूप अडचणी येत आहेत ट्रेड करताना.. ऑर्डर buy & sell दोन्ही लेट होत आहेत.. कृपया तातडीने हे नवीन चालू केलेलं बंद करा नाहीतर आम्हाला ब्रोकर बदलावा लागेल,0,17.85,True,0.1,"features,perf"
2026-09-01 09:34:00,5,good,0,18.16.1,True,0.15,positive
2026-09-01 09:32:00,2,brokerage bahut jyada h...,0,,True,0.18,charges
2026-09-01 09:31:00,5,good,0,18.16.1,True,0.2,positive
2026-09-01 09:27:00,5,good app,0,,True,0.07,positive
2026-09-01 09:27:00,5,excellent app👍,0,18.16.0,True,0.07,positive
2026-09-01 09:19:00,5,good 👍,0,18.16.1,True,0.12,positive
2026-09-01 09:11:00,5,amazing,0,18.15.1,True,0.07,positive
2026-09-01 09:09:00,5,Great Experience,0,18.16.1,True,0.1,positive
2026-09-01 09:09:00,4,Worst customer service. Neither do they respond properly providing solutions nor do they provide proper services.,0,18.15.1,True,0.1,positive
2026-09-01 09:02:00,5,good,0,18.16.1,True,0.03,positive
2026-09-01 09:02:00,5,best,0,18.16.0,True,0.03,positive
2026-09-01 09:01:00,5,best,0,18.16.1,True,0.05,positive
2026-09-01 09:00:00,5,Best,0,18.16.1,True,0.08,positive
2026-09-01 08:53:00,5,ok,0,18.16.1,True,0.2,positive
2026-09-01 08:49:00,5,nice groww,0,,True,0.07,positive
2026-09-01 08:48:00,1,poor technical service,0,18.16.1,True,0.08,unthemed
2026-09-01 08:24:00,5,Great,0,18.10.1,True,0.03,positive
2026-09-01 08:22:00,5,The app is easy to use and the design of the app is very good. and this black ui giving vibe,4,18.16.1,True,0.07,positive
2026-09-01 08:21:00,5,good,0,,True,0.08,positive
2026-09-01 08:20:00,5,good,0,18.16.1,True,0.12,positive
2026-09-01 08:19:00,5,good,0,18.14.2,True,0.13,positive
2026-09-01 08:15:00,5,"Very easy to use the app,using the app from last 5 years.",1,18.15.1,True,0.2,positive
2026-09-01 08:15:00,5,good,0,18.16.1,True,0.22,positive
2026-09-01 08:14:00,5,good,0,18.12.1,True,0.23,positive
2026-09-01 08:12:00,5,awesome,0,18.13.2,True,0.05,positive
2026-09-01 08:09:00,1,Wrost,1,18.16.1,True,0.1,unthemed
2026-09-01 07:57:00,4,good 👍,0,18.15.0,True,0.12,positive
2026-09-01 07:56:00,5,good,0,18.11.1,True,0.13,positive
2026-09-01 07:55:00,5,nice,0,18.14.2,True,0.15,positive
2026-09-01 07:50:00,5,very nice app groww,0,18.16.1,True,0.05,positive
2026-09-01 07:47:00,5,good app,0,,True,0.1,positive
2026-09-01 07:44:00,5,best trading app,0,18.16.1,True,0.15,positive
2026-09-01 07:41:00,5,Very good,0,18.16.1,True,0.22,positive
2026-09-01 07:29:00,3,My loan section is not showing pay in advance and foreclosure option please fix it,0,18.16.1,True,0.03,unthemed
2026-09-01 07:24:00,5,Great app to track all the external funds .,0,16.64,True,0.03,positive
2026-09-01 07:18:00,5,very good,0,18.16.1,True,0.13,positive
2026-09-01 07:11:00,2,add The expert analysis about the stock and more,0,18.15.1,True,0.07,unthemed
2026-09-01 07:09:00,5,good ❤️❤️,0,18.14.0,True,0.1,positive
2026-09-01 07:05:00,5,real good 👍,0,18.14.2,True,0.17,positive
2026-09-01 07:05:00,5,nice to use,0,18.13.2,True,0.18,positive
2026-09-01 06:50:00,5,excellent,0,18.15.1,True,0.05,positive
2026-09-01 06:49:00,4,very good,1,18.16.1,True,0.07,positive
2026-09-01 06:42:00,5,good,1,18.16.1,True,0.2,positive
2026-09-01 06:42:00,5,Easy and Manageable,1,18.15.1,True,0.2,positive
2026-09-01 06:39:00,4,very nice groww aap,0,18.16.1,True,0.05,positive
2026-09-01 06:38:00,5,try to more improvement.,0,18.16.1,True,0.07,positive
2026-09-01 06:37:00,5,Excellent and user friendly.. ease of navigation..,1,,True,0.08,positive
2026-09-01 06:08:00,1,high price,1,18.15.0,True,0.12,unthemed
2026-09-01 05:50:00,5,👍👍👍,0,18.15.1,True,0.05,positive
2026-09-01 05:47:00,5,Is app is a saving money. i am happy this app.,0,18.13.2,True,0.1,positive
2026-09-01 04:20:00,5,good Aap,0,18.13.2,True,0.1,positive
2026-09-01 04:02:00,1,"i am new user, unable to login with my mobile number. it always gives error - ""something went wrong"". trying for past week, same error. please allow login with emailid alone so that i can try out all features of groww ecosystem. unable to even start/tryout the app. very disappointing.",5,18.16.1,True,0.03,"perf,money"
2026-09-01 04:02:00,5,too good,0,18.13.2,True,0.03,positive
2026-09-01 02:51:00,5,good👍,0,18.16.1,True,0.03,positive
2026-09-01 02:50:00,5,best trading app,0,18.16.1,True,0.05,positive
2026-09-01 01:39:00,5,good experience last 4 month start niwes throghw this app,0,18.16.1,True,0.05,positive
2026-09-01 01:34:00,1,💩,0,18.16.0,True,0.13,unthemed
2026-09-01 01:18:00,5,"Funds not loading quickly after latest update Login problem, on website and app, please look into it (since update)",1,18.16.0,True,0.13,positive
2026-09-01 00:57:00,1,not giving me IPO's,2,18.16.1,True,0.12,features
2026-09-01 00:51:00,5,Groww is a good app and good working and good advice,0,18.16.1,True,0.03,positive
2026-09-01 00:51:00,5,nice aap,0,18.16.1,True,0.03,positive
2026-09-01 00:43:00,1,charging loats of,0,,True,0.18,unthemed
2026-09-01 00:36:00,5,good,0,18.16.1,True,0.1,positive
2026-09-01 00:34:00,2,brokerage high and order placement is very slow,1,,True,0.13,"perf,charges"
2026-09-01 00:29:00,5,Worst service,0,18.15.1,True,0.03,positive
2026-09-01 00:26:00,5,good app for trading,1,18.16.1,True,0.08,positive
2026-09-01 00:23:00,5,good,0,18.15.1,True,0.05,positive
2026-09-01 00:14:00,5,thanks i am happy,0,18.16.1,True,0.2,positive
2026-09-01 00:13:00,1,good,0,18.14.2,True,0.03,unthemed
2026-09-01 00:12:00,5,trusted app. nice experience,0,18.16.1,True,0.05,positive
2026-09-01 00:00:00,5,"Best app, Thank you groww",0,18.16.0,True,0.07,positive
2026-09-01 00:00:00,5,good app for trading and easy process,2,,True,0.07,positive
2026-08-31 23:57:00,4,very good service I like it 😄,0,18.16.1,True,0.12,positive
2026-08-31 23:55:00,5,good for all usage,0,,True,0.17,positive
2026-08-31 23:43:00,5,good experience,0,18.16.1,True,0.17,positive
2026-08-31 23:43:00,5,good app with very simple interface. almost every thing u need is available. customer support is very good also during market hours. need improvement like trading on chart. no export advisory for trading. The fee on trade is high compression to other 5* rating trading apps. for 0 trading fee novia like app is best. Hope grow team also do better for customer.,4,18.16.1,True,0.17,positive
2026-08-31 23:35:00,5,download,0,16.68,True,0.12,positive
2026-08-31 23:31:00,5,good 👍,0,18.15.1,True,0.18,positive
2026-08-31 23:27:00,1,"Misleading app, the app will create F&O, Bonds accounts without your concern. By mistake if you tap on them, it will show a popup about the feature, but it will not ask your permission to create an account.",9,18.16.1,True,0.07,features
2026-08-31 23:21:00,5,"superb one much better than its competitors especially angel one ..,",1,18.16.1,True,0.08,positive
2026-08-31 23:21:00,5,good,0,18.12.1,True,0.08,positive
2026-08-31 23:20:00,4,good,0,,True,0.12,positive
2026-08-31 23:19:00,5,best keep upgrading,1,18.16.1,True,0.13,positive
2026-08-31 23:17:00,4,"Hello, Overall Good Application, Simple Easy to use, Plz increase the Capacity of Watch list, Need Minimum 250, and Also Request Add US stock",4,18.16.1,True,0.17,positive
2026-08-31 23:15:00,5,user friendly.. simply superb to use.. I strongly recommend this app to all trading enthusiast,3,18.16.1,True,-559.0,positive
2026-08-31 23:10:00,4,"best app for users,very simple and knowledgeable home page",1,,True,0.08,positive
2026-08-31 23:09:00,5,Most powerful App,0,,True,0.1,positive
2026-08-31 23:09:00,5,wonderful 👍,0,18.16.1,True,0.1,positive
2026-08-31 23:06:00,5,good work,0,18.8.1,True,0.17,positive
2026-08-31 23:02:00,5,good performance,0,18.7.1,True,0.03,positive
2026-08-31 23:00:00,4,Easy to use. I need clarity on brokerage charges with tax % for trading in commodities,0,,True,0.07,positive
2026-08-31 22:57:00,5,Wonderful Experience,0,18.15.1,True,0.13,positive
2026-08-31 22:54:00,4,good to invest,0,18.13.2,True,0.18,positive
2026-08-31 22:53:00,5,good,0,,True,0.2,positive
2026-08-31 22:48:00,5,new update,0,,True,0.08,positive
2026-08-31 22:40:00,4,good,0,18.15.1,True,0.03,positive
2026-08-31 22:36:00,5,very best,0,18.15.1,True,0.1,positive
2026-08-31 22:35:00,5,groww is the best,0,18.16.1,True,0.12,positive
2026-08-31 22:34:00,1,"the worst broking app , many glitches whilentrading i won't recommend using it",0,18.16.0,True,0.15,unthemed
2026-08-31 22:34:00,5,so cute ❣️❣️,0,18.16.0,True,0.15,positive
2026-08-31 22:33:00,5,it's nice app to moniter funds,0,18.16.1,True,0.18,positive
2026-08-31 22:31:00,5,overall very good user friendly application,0,18.16.1,True,0.22,positive
2026-08-31 22:31:00,5,good app for india stook market,1,,True,0.22,positive
2026-08-31 22:24:00,5,good,0,18.16.1,True,0.03,positive
2026-08-31 22:20:00,5,BEST TRADING APP,0,18.16.1,True,0.1,positive
2026-08-31 22:19:00,5,super super good 👍,0,18.15.1,True,0.12,positive
2026-08-31 22:18:00,5,Grateful for this app 😇,0,18.16.1,True,0.15,positive
2026-08-31 22:18:00,5,good,0,18.16.1,True,0.15,positive
2026-08-31 22:17:00,5,all good,0,18.15.1,True,0.17,positive
2026-08-31 22:15:00,5,❤️❤️❤️,0,18.4.3,True,0.22,positive
2026-08-31 22:15:00,4,very good,0,,True,0.22,positive
2026-08-31 22:13:00,5,very good app,0,18.15.1,True,0.03,positive
2026-08-31 21:58:00,5,good application for investment,0,18.16.0,True,0.1,positive
2026-08-31 21:58:00,3,good 👍,0,18.15.1,True,0.1,unthemed
2026-08-31 21:57:00,5,very nice app for stock mutual fund very easy user interface and very low platform charges.. thank you so much,3,18.16.1,True,0.12,positive
2026-08-31 21:54:00,5,best app so easy to use,0,,True,0.17,positive
2026-08-31 21:53:00,5,good,0,,True,0.2,positive
2026-08-31 21:51:00,1,waste app,0,18.14.2,True,0.23,unthemed
2026-08-31 21:49:00,4,App unusuful. 🥱,0,18.14.1,True,0.07,positive
2026-08-31 21:48:00,5,best experience,0,18.15.1,True,0.08,positive
2026-08-31 21:47:00,4,please add the option where we can find out which fund performing well nd which one is bad.,2,18.16.1,True,0.1,positive
2026-08-31 21:45:00,4,very good app,0,18.16.1,True,0.15,positive
2026-08-31 21:44:00,5,good 👍,0,18.15.1,True,0.17,positive
2026-08-31 21:41:00,5,Awesome,0,,True,0.22,positive
2026-08-31 21:40:00,5,execellent,0,18.14.2,True,0.03,positive
2026-08-31 21:31:00,5,good one,0,18.13.2,True,0.18,positive
2026-08-31 21:22:00,5,good,0,18.14.1,True,0.07,positive
2026-08-31 21:22:00,5,super,0,18.15.1,True,0.07,positive
2026-08-31 21:20:00,3,gud,0,18.16.0,True,0.1,unthemed
2026-08-31 21:20:00,5,good apps,0,18.16.1,True,0.12,positive
2026-08-31 21:17:00,5,simple interface,0,,True,0.17,positive
2026-08-31 21:15:00,5,"I have never seen a better app than this, it is so simple and a great app for both beginners and experienced users.",0,18.16.0,True,0.22,positive
2026-08-31 21:13:00,5,nice,0,18.16.1,True,0.03,positive
2026-08-31 21:11:00,5,I am very [NAME] because I have this application 🙏🏻,0,18.16.1,True,0.07,positive
2026-08-31 21:06:00,1,"I have been a groww customer for the last 5 years. Since last month I have been trying to update my e-mail id but due to reasons [NAME] it has failed number of times. Everytime I tried changing the email id it shows ""Account Creation is in process.Plz try again once the account is activated''. I contacted the customer care number of times but they failed to resolve the issue. Also the customer support of yours is unable to reach. Many times its not reachable. WORST CUSTOMER CARE.",5,18.12.1,True,0.15,"perf,support"
2026-08-31 21:02:00,5,good,0,18.16.1,True,0.03,positive
2026-08-31 21:01:00,5,l like this app so much thanks to developers to listen my words may be this change will helpful for everyone,0,18.13.2,True,0.05,positive
2026-08-31 21:01:00,1,i am using last 5 years but I don't get profit so i will give one Star ⭐ thankyou 🥺,0,,True,0.05,unthemed
2026-08-31 21:00:00,5,now it is working properly,0,18.15.1,True,0.08,positive
2026-08-31 20:38:00,5,👍🏻👍🏻,0,18.15.1,True,0.07,positive
2026-08-31 20:33:00,5,Investors Friendly Platform 👌,0,18.16.1,True,0.15,positive
2026-08-31 20:28:00,5,good,0,18.15.1,True,0.05,positive
2026-08-31 20:13:00,1,useles,0,18.16.1,True,0.03,unthemed
2026-08-31 20:13:00,1,The apps says that it is not compatable with my device. So I cannot operate anymore.,0,18.2.1,True,0.03,unthemed
2026-08-31 20:06:00,1,Brokerage charges very high other apps Brokerage charges 0,0,18.16.1,True,0.17,charges
2026-08-31 19:48:00,4,ipo के सबक्रिप्शन की सही जानकारी नही मिलती है,0,18.16.1,True,0.08,positive
2026-08-31 19:48:00,4,okay but,0,18.16.1,True,0.08,positive
2026-08-31 19:45:00,5,ok,0,18.13.2,True,0.13,positive
2026-08-31 19:35:00,5,negative points for groww long term investors equity delivery buy charges high compare another brokers,1,18.16.1,True,0.12,positive
2026-08-31 19:10:00,1,Worst app angel one dhan 5 paisa are better then this broker,0,18.16.1,True,0.08,unthemed
2026-08-31 19:01:00,5,trusted plateform,0,18.16.1,True,0.05,positive
2026-08-31 18:53:00,5,nice,0,18.16.1,True,0.18,positive
2026-08-31 18:52:00,2,ok alle t,1,18.16.1,True,0.22,unthemed
2026-08-31 18:14:00,5,Good,0,18.14.2,True,0.2,positive
2026-08-31 18:13:00,5,best app for trading,0,,True,0.03,positive
2026-08-31 18:09:00,5,An application for all required,0,18.16.1,True,0.1,positive
2026-08-31 18:02:00,5,excellent performance,0,18.15.1,True,0.22,positive
2026-08-31 18:02:00,3,good job,0,17.92.3,True,0.03,unthemed
2026-08-31 17:57:00,1,The customer service is worst. I don't get any reply even though it say 24/7 support,0,18.15.1,True,0.12,support
2026-08-31 17:49:00,5,best app,0,,True,0.07,positive
2026-08-31 17:47:00,5,best trading,0,18.16.0,True,0.1,positive
2026-08-31 17:43:00,1,not all tools are available,0,18.16.1,True,0.17,features
2026-08-31 17:36:00,5,👍,0,18.16.1,True,0.1,positive
2026-08-31 17:24:00,5,very nice and happy,0,18.7.1,True,0.03,positive
2026-08-31 17:15:00,5,very good,1,18.16.1,True,0.18,positive
2026-08-31 17:14:00,5,super,0,18.13.2,True,0.2,positive
2026-08-31 17:14:00,5,this is very good app,0,,True,0.22,positive
2026-08-31 17:12:00,5,good,0,18.16.1,True,0.05,positive
2026-08-31 16:56:00,5,bahut acchi mutual fund app hai.,0,18.16.1,True,0.13,positive
2026-08-31 16:52:00,5,Very good app,1,18.15.1,True,0.2,positive
2026-08-31 16:32:00,3,"Other trading apps provide an OI (Open Interest) profile directly on the live chart. Could you please add this feature to the Groww app as well? It would make it much easier for traders to analyze OI levels, support/resistance, and market positioning directly from the chart.",1,,True,0.17,"support,features"
2026-08-31 16:30:00,5,Good,0,18.16.1,True,0.2,positive
2026-08-31 16:29:00,4,it's good,0,18.16.1,True,0.03,positive
2026-08-31 16:21:00,5,Best platform for stock Market,1,18.16.1,True,0.08,positive
2026-08-31 16:21:00,5,nice app,1,18.16.1,True,0.08,positive
2026-08-31 16:14:00,5,Good,0,18.15.1,True,0.22,positive
2026-08-31 16:10:00,5,good,0,18.16.1,True,0.08,positive
2026-08-31 16:01:00,5,very good 👍,0,18.16.1,True,0.05,positive
2026-08-31 15:55:00,3,"groww is one of my favourite applications when it comes to investment however the major issue with groww is it's customer service, their AI disconnects the call repeatedly and their chat service responds with much delay.",4,18.16.1,True,0.15,support
2026-08-31 15:32:00,5,good,0,18.16.1,True,0.17,positive
2026-08-31 15:28:00,1,"Don't install this app its worst the candle timing is not accurate and for past weeks the last candle makes very abruptly confusing all instead go for other brokers like tradingview, dhan, fyers etc",1,18.15.1,True,0.05,unthemed
2026-08-31 15:27:00,3,good,0,18.15.1,True,0.07,unthemed
2026-08-31 15:26:00,5,super,0,18.16.1,True,0.1,positive
2026-08-31 15:24:00,5,best trading app,0,18.13.2,True,0.03,positive
2026-08-31 15:21:00,5,good,0,18.16.1,True,0.08,positive
2026-08-31 15:19:00,5,very nice 👍👍👍,0,18.16.1,True,0.12,positive
2026-08-31 15:10:00,1,"On the new update the full screen chart is automatically switching to full screen, the new Scalper switch on the bottom annoying getting turned on!",1,18.16.1,True,0.08,"features,perf"
2026-08-31 15:09:00,1,useless app,0,18.15.1,True,0.1,unthemed
2026-08-31 14:59:00,5,bhot khoob very good,0,18.16.0,True,0.08,positive
2026-08-31 14:49:00,5,very good,1,18.16.1,True,0.07,positive
2026-08-31 14:48:00,2,"My experience was fantastic with groww over the years..I have been using this platform from past 4 years and i just wondered why no other platforms, mainly the peer companies don't have this ease of use..But off late the updates in this particular app is getting so vulnerable that it totally lacked the ease of use..",7,18.16.1,True,0.08,unthemed
2026-08-31 14:48:00,4,good,0,18.16.0,True,0.1,positive
2026-08-31 14:46:00,5,good service,0,18.12.1,True,0.13,positive
2026-08-31 14:45:00,2,"After the recent GROWW Application Update, it has been observed that the bit by bit graphs are not getting updated immediately and lag behind. I need to refresh the screen to get the updated price. Kindly fix this.",7,18.16.1,True,0.15,perf
2026-08-31 14:45:00,4,Good to user friendly,0,18.16.1,True,0.17,positive
2026-08-31 14:43:00,5,good service,0,18.16.1,True,0.2,positive
2026-08-31 14:42:00,1,do not use,0,,True,0.22,unthemed
2026-08-31 14:37:00,5,excellent app,0,18.1.1,True,0.08,positive
2026-08-31 14:30:00,1,unnecessarily asking for money and not showing proper options or steps to sell the stocks. I made loss because of them. Came back to playstore to give this app 1 star (0 is not an option) found that already given. waiting for the day to delete this app forever. most stupidest app ever.,2,18.16.1,True,-7036.8,"support,features"
2026-08-31 14:23:00,5,experience 5 Star hai please brokerage 10 rupee kardo na bahut acha rahega jitna kamate nahi usse jyada to brokerage chala jata hai,0,18.15.1,True,0.05,positive
2026-08-31 14:19:00,5,Best application for ever,0,18.15.1,True,0.12,positive
2026-08-31 14:17:00,2,ye app thik hi chlta h.... sl me sl se 2-3 point niche hit hota h or target me target se phele hit hoke cut jata h... mtlb dono trf nuksan hota h... mene 5star ratings di thi ab isko km krke 2 star hi deta hu..,2,18.16.1,True,0.15,unthemed
2026-08-31 14:17:00,1,"Stocks and f&o intraday sqareoff timings always problematic(they mentioned 3.20 p.m ),but,they sqareoff any time they want and loot Sqare-off charges (50 + GST.)",4,18.16.1,True,-8332.38,"features,charges"
2026-08-31 14:15:00,5,good 👍,0,18.13.2,True,0.2,positive
2026-08-31 14:14:00,5,excellent,0,18.3.1,True,0.22,positive
2026-08-31 13:57:00,1,The new features are third class The old features were great to know all the charts at a single time after seeing the new feature I really want to uninstall the app now the have another feature like grow chart & scalper mode hate it a lot me and all of my friends nobody likes that button very very irritating,2,18.16.1,True,0.12,features
2026-08-31 13:47:00,5,best,0,18.16.1,True,0.1,positive
2026-08-31 13:46:00,5,ok nice service,0,18.16.1,True,0.12,positive
2026-08-31 13:39:00,5,superb,0,18.10.1,True,0.05,positive
2026-08-31 13:37:00,1,"very bad application, Customer support system is very very bad, don't download this app if you don't want to loose your money.",1,18.16.1,True,0.08,support
2026-08-31 13:35:00,5,Stocks mein jo scalping update kiye ho Groww bahut badhiya. one of the best features among all brokers. Thanks,1,18.16.1,True,0.12,positive
2026-08-31 13:35:00,1,"worst app, even after successfully approving the ipo mandate, the status on groww is not updating.",1,18.16.1,True,0.13,"features,money"
2026-08-31 13:34:00,1,very nice,0,18.16.1,True,0.15,unthemed
2026-08-31 13:32:00,5,"Really happy with the new F&O Lock feature in the Groww app. It’s a very useful update for traders, especially for managing risk and avoiding accidental F&O trades. The feature is simple, easy to use, and gives better control over trading activities. Great job, Groww team! 👏 Keep bringing more useful features like this. 🚀",3,18.16.1,True,0.18,positive
2026-08-31 13:24:00,3,NFOs nhi show ho rhe h ?,0,18.16.1,True,0.03,unthemed
2026-08-31 13:23:00,1,Support is too bad if u face any trouble they will too much time to provide assistance approximately upto 1 week for minor issue. no resolution even sending mail to the given mail id.,3,18.16.1,True,-49.95,support
2026-08-31 13:14:00,5,achha hai,0,18.16.0,True,0.2,positive
2026-08-31 13:10:00,5,nice aap,0,18.16.1,True,0.08,positive
2026-08-31 13:09:00,5,ok,0,18.14.2,True,0.1,positive
2026-08-31 12:56:00,5,very good experience 💯,1,18.15.1,True,0.13,positive
2026-08-31 12:52:00,5,👍👍good,0,18.15.1,True,0.2,positive
2026-08-31 12:51:00,1,ipo no response,0,18.14.2,True,0.03,features
2026-08-31 12:50:00,5,good,0,18.16.0,True,0.05,positive
2026-08-31 12:47:00,5,the best app for market.,0,18.16.1,True,0.1,positive
2026-08-31 12:46:00,5,good service,0,18.14.2,True,0.13,positive
2026-08-31 12:45:00,5,best,0,18.16.0,True,0.15,positive
2026-08-31 12:42:00,5,very very good,0,18.14.0,True,0.2,positive
2026-08-31 12:41:00,5,nice🤩,0,18.16.1,True,0.23,positive
2026-08-31 12:38:00,5,super,0,18.16.0,True,0.07,positive
2026-08-31 12:37:00,1,"previous update was best. new update is creating problem in chart page, the lower right side ""scalper"" option.",0,,True,0.08,"features,perf"
2026-08-31 12:33:00,5,excellent working,0,18.16.1,True,0.17,positive
2026-08-31 12:21:00,5,I trust this platform,1,18.13.2,True,0.08,positive
2026-08-31 12:18:00,5,good 👍,0,18.16.1,True,0.13,positive
2026-08-31 12:14:00,5,good,0,18.15.1,True,0.22,positive
2026-08-31 12:13:00,5,nice,0,18.16.1,True,0.03,positive
2026-08-31 11:58:00,5,ok,1,18.16.1,True,0.1,positive
2026-08-31 11:49:00,4,good app must use,0,18.15.1,True,0.07,positive
2026-08-31 11:45:00,5,good 👍,0,18.16.1,True,0.13,positive
2026-08-31 11:41:00,5,easy to access,0,18.15.1,True,0.22,positive
2026-08-31 11:39:00,5,love this,0,18.16.1,True,0.05,positive
2026-08-31 11:39:00,4,charges should be less and,0,18.16.1,True,0.05,positive
2026-08-31 11:32:00,5,Excellent,0,18.15.1,True,0.17,positive
2026-08-31 11:28:00,5,Nice place for learning and trading/investment made easy.,2,18.16.1,True,0.05,positive
2026-08-31 11:28:00,1,update hi iski problem h,0,18.16.1,True,0.05,perf
2026-08-31 11:23:00,3,aapka deduction tax one time kaatna chahie sale Karen ya buy one time,0,18.16.0,True,0.05,charges
2026-08-31 11:21:00,5,best Groow,0,18.15.1,True,0.08,positive
2026-08-31 11:18:00,5,very good,0,18.15.1,True,0.13,positive
2026-08-31 11:15:00,1,worst company,0,,True,0.2,unthemed
2026-08-31 11:13:00,5,best,0,18.15.1,True,0.03,positive
2026-08-31 11:12:00,5,good,0,,True,0.05,positive
2026-08-31 11:12:00,5,good,0,18.16.0,True,0.05,positive
2026-08-31 11:05:00,5,good,0,18.12.1,True,0.18,positive
2026-08-31 11:04:00,5,nice one,0,18.16.0,True,0.2,positive
2026-08-31 11:01:00,5,excellent,0,18.16.1,True,0.05,positive
2026-08-31 10:49:00,4,👍,0,18.14.1,True,0.07,positive
2026-08-31 10:47:00,1,groww wale tum kaun kaunsi update karte rahte ho ... tumhare updating very bad hote jaraha hai aur [NAME] full screen wala update sabse bekar and ghatiya hai .... modify karne ke liye kai bar back jana padta hai,0,,True,0.1,perf
2026-08-31 10:47:00,5,good,0,,True,0.1,positive
2026-08-31 10:44:00,1,worst experience . This app interface for mobile is designed to rob the option trader with frequently changing interface. every next update makes your buttons different and your habit of previous window buttons make you place orders or exit orders accidentally.,13,18.16.1,True,0.17,perf
2026-08-31 10:40:00,5,good 👍🏻,0,18.16.1,True,0.03,positive
2026-08-31 10:30:00,5,nice,0,18.16.1,True,0.2,positive
2026-08-31 10:30:00,5,user friendly,0,18.16.1,True,0.2,positive
2026-08-31 10:29:00,5,very good,0,18.15.1,True,0.03,positive
2026-08-31 10:24:00,5,best,0,,True,0.03,positive
2026-08-31 10:20:00,5,to Good,0,18.16.0,True,0.1,positive
2026-08-31 10:12:00,5,easy to use app,0,18.16.1,True,0.05,positive
2026-08-31 10:11:00,5,Ease of Use.,0,18.16.1,True,0.07,positive
2026-08-31 10:10:00,5,nice,0,18.13.2,True,0.08,positive
2026-08-31 10:08:00,5,best,0,18.15.1,True,0.13,positive
2026-08-31 10:05:00,5,so nice good service and information,0,18.16.1,True,0.18,positive
2026-08-31 09:59:00,5,best broker,0,18.16.1,True,0.08,positive
2026-08-31 09:59:00,4,simple and good interface for beginners,2,18.16.1,True,0.08,positive
2026-08-31 09:51:00,5,bahut badhiya hai ba thoda broker charge jyada hai,0,18.15.1,True,0.03,positive
2026-08-31 09:50:00,5,ok,0,18.15.1,True,0.05,positive
2026-08-31 09:49:00,4,Good,0,18.16.1,True,0.08,positive
2026-08-31 09:48:00,5,thanks OK,0,18.16.1,True,0.1,positive
2026-08-31 09:37:00,5,good,0,18.15.1,True,0.08,positive
2026-08-31 09:35:00,5,good,0,18.16.1,True,0.12,positive
2026-08-31 09:33:00,5,good 👍,0,,True,0.15,positive
2026-08-31 09:32:00,4,good for everyone,0,18.16.1,True,0.18,positive
2026-08-31 09:30:00,4,good 👍,0,18.16.1,True,0.22,positive
2026-08-31 09:28:00,5,good,0,18.16.1,True,0.05,positive
2026-08-31 09:28:00,5,good,0,,True,0.05,positive
2026-08-31 09:28:00,5,nice 👍,0,18.14.1,True,0.05,positive
2026-08-31 09:28:00,5,good,0,18.16.1,True,0.07,positive
2026-08-31 09:27:00,5,excellent,0,18.16.0,True,0.08,positive
2026-08-31 09:26:00,1,The app keeps crashing continuously after the recent update. Kindly fix that!,0,,True,0.12,perf
2026-08-31 09:25:00,5,very good,0,18.14.2,True,0.13,positive
2026-08-31 09:25:00,1,"in charts mode the scalper option is irritating please remove it, or place it on other side",0,18.16.1,True,0.13,features
2026-08-31 09:24:00,5,Experience good,0,18.16.1,True,0.03,positive
2026-08-31 09:21:00,5,groww supper,0,18.16.1,True,-1.65,positive
2026-08-31 09:19:00,1,"After recent update, Back button disappears in the bottom once u Enter into Trading view.",0,18.11.1,True,0.12,perf
2026-08-31 09:18:00,5,good,0,18.15.1,True,0.13,positive
2026-08-31 09:12:00,3,good,0,18.15.1,True,0.05,unthemed
2026-08-31 09:12:00,1,totally apko bhkane wali app h koi sip 2 sal se minus m return de rhi h or dikhate h 30 % return,0,18.14.1,True,0.05,money
2026-08-31 09:09:00,5,very smart now,0,18.16.1,True,0.1,positive
2026-08-31 09:09:00,5,good,0,18.16.1,True,0.12,positive
2026-08-31 09:08:00,5,very very good 👍,0,18.16.1,True,-107.62,positive
2026-08-31 09:03:00,5,v good,0,18.15.1,True,0.22,positive
2026-08-31 09:03:00,5,good 💯,0,18.16.1,True,0.22,positive
2026-08-31 09:02:00,5,jordar,1,,True,0.03,positive
2026-08-31 08:49:00,5,really fantastic platform,0,18.15.1,True,0.07,positive
2026-08-31 08:46:00,5,good 😊,0,18.16.1,True,0.12,positive
2026-08-31 08:41:00,5,good experience...,0,18.16.1,True,0.2,positive
2026-08-31 08:29:00,1,add advance order feature for allotted ipos.... it's the feature all ur major competitors have just not you... how come ur technical team didn't notice this earlier....,4,18.16.1,True,0.03,unthemed
2026-08-31 08:22:00,5,good,0,18.16.1,True,0.07,positive
2026-08-31 08:18:00,5,Good aap for investment for long-term,2,18.16.1,True,0.13,positive
2026-08-31 08:10:00,4,very nice,0,18.15.1,True,0.08,positive
2026-08-31 08:04:00,5,🙏,0,,True,0.18,positive
2026-08-31 08:02:00,5,good,0,18.16.1,True,0.03,positive
2026-08-31 07:58:00,5,easy run app,0,,True,0.1,positive
2026-08-31 07:55:00,1,rubbish,0,18.16.1,True,0.15,unthemed
2026-08-31 07:54:00,5,good,0,18.15.1,True,0.18,positive
2026-08-31 07:54:00,1,some times very lagged we refresh every minute,1,18.16.1,True,0.18,unthemed
2026-08-31 07:52:00,5,good experience and essay stocks buy and sell i like this application,2,18.16.1,True,0.22,positive
2026-08-31 07:47:00,5,"hello sir please option chain me hi resistance support oi ko highlighted kijiye ,key level indicator ploting add kijiye",2,18.16.1,True,-1032.27,positive
2026-08-31 07:37:00,5,best,0,,True,0.08,positive
2026-08-31 07:37:00,5,nice app & improve day by day,0,18.16.1,True,0.08,positive
2026-08-31 07:26:00,5,"New features like screener, volume shockers etc added made easy to filter the stocks. Keep improving......",4,18.16.1,True,0.08,positive
2026-08-31 07:04:00,5,good,0,18.14.0,True,0.18,positive
2026-08-31 06:26:00,5,suppr,0,18.16.1,True,0.08,positive
2026-08-31 06:23:00,4,good,0,18.15.1,True,0.05,positive
2026-08-31 06:21:00,1,It's been a week since I requested to close my Demat account but there has been no response.,1,18.16.1,True,0.08,unthemed
2026-08-31 05:48:00,5,Good service,0,18.16.1,True,-178.92,positive
2026-08-31 04:37:00,5,एक्सीलेंट,0,18.15.1,True,0.08,positive
2026-08-31 04:32:00,5,nice,0,18.15.1,True,0.17,positive
2026-08-31 03:50:00,3,only Hindi Language sir please.,0,18.16.1,True,0.05,unthemed
2026-08-31 02:10:00,5,good,0,18.13.2,True,0.08,positive
2026-08-31 01:52:00,5,gud,0,18.16.1,True,0.2,positive
2026-08-31 01:37:00,5,very trusted,0,18.16.1,True,0.08,positive
2026-08-31 01:18:00,5,good 👍,0,18.16.1,True,0.13,positive
2026-08-31 01:09:00,5,best ❣️,0,,True,0.1,positive
2026-08-31 01:09:00,5,good app,0,,True,0.1,positive
2026-08-31 01:05:00,5,super easy to use,1,18.16.1,True,0.17,positive
2026-08-31 00:38:00,5,best app,0,18.16.1,True,0.07,positive
2026-08-31 00:27:00,5,Best for beginners to Experience,1,18.16.0,True,0.07,positive
2026-08-31 00:13:00,5,extremely good experience with Grow application..,0,18.14.0,True,0.03,positive
2026-08-31 00:06:00,5,Love the UI and design! It's simple to understand having all functionalities a trader should need! My only Investment app for future 😊,4,18.16.1,True,0.15,positive
2026-08-31 00:05:00,5,highly satisfied.,0,18.16.1,True,0.17,positive
2026-08-31 00:05:00,5,best app for sip♥️😊,0,18.15.1,True,0.18,positive
2026-08-30 23:52:00,5,very good,0,18.13.2,True,0.2,positive
2026-08-30 23:35:00,4,recently many apps have been a headache to me and I'm glad to say this ain't it,0,,True,0.12,positive
2026-08-30 23:22:00,5,I will be satisfied 😀 simple easy to use,1,18.16.1,True,0.07,positive
2026-08-30 23:21:00,5,Add new functions such as (index +call/put) layout to appear on the same screen,0,18.16.1,True,-0.47,positive
2026-08-30 23:16:00,5,that's good app,0,18.15.1,True,0.17,positive
2026-08-30 23:02:00,4,"overall good experience, hight tax",0,18.15.1,True,0.03,positive
2026-08-30 22:49:00,5,One of the best apps,0,18.16.1,True,0.07,positive
2026-08-30 22:46:00,5,very good 👍,0,18.16.0,True,0.12,positive
2026-08-30 22:38:00,5,"great app, and interface",0,18.16.1,True,0.07,positive
2026-08-30 22:35:00,5,nice,0,18.16.0,True,0.12,positive
2026-08-30 22:34:00,5,🔝,0,18.15.1,True,0.13,positive
2026-08-30 22:29:00,5,excellent,0,,True,-156.97,positive
2026-08-30 22:26:00,5,Nice aap for stocks & mutual funds excellent service.,0,18.14.1,True,0.08,positive
2026-08-30 22:24:00,5,benefit Hai benefit,0,,True,0.03,positive
2026-08-30 22:23:00,1,it lags a lot,0,18.15.1,True,0.05,unthemed
2026-08-30 22:19:00,5,good app,0,18.15.1,True,0.12,positive
2026-08-30 22:18:00,4,Great,0,18.15.1,True,0.15,positive
2026-08-30 22:17:00,5,nice🤩,0,18.15.1,True,0.17,positive
2026-08-30 22:08:00,1,very third class update its not installed,0,,True,0.12,perf
2026-08-30 22:06:00,1,broken charges are too high,2,18.16.1,True,0.15,charges
2026-08-30 21:59:00,1,bad aap,0,18.16.1,True,0.08,unthemed
2026-08-30 21:58:00,5,good,0,18.16.1,True,0.1,positive
2026-08-30 21:44:00,5,good,0,18.16.1,True,0.15,positive
2026-08-30 21:41:00,1,no customer service support 😠,0,18.16.1,True,0.2,support
2026-08-30 21:39:00,5,my holding is loss 10000 but i will happy,0,18.15.1,True,0.05,positive
2026-08-30 21:39:00,5,supar,0,18.14.2,True,0.05,positive
2026-08-30 21:38:00,3,Good trading,1,17.85,True,0.07,unthemed
2026-08-30 21:37:00,5,v good,0,18.16.1,True,0.1,positive
2026-08-30 21:35:00,1,ai button at the top was available before but after updating the app it is remove. why!,0,18.16.1,True,0.13,unthemed
2026-08-30 21:31:00,5,best App,0,,True,0.2,positive
2026-08-30 21:27:00,5,Good Luck 👍,0,18.16.1,True,0.07,positive
2026-08-30 21:22:00,5,one of the best trading platform or investment 😇,0,18.11.1,True,0.07,positive
2026-08-30 21:22:00,1,"Groww is very easy to use compared to many apps, which I really like. However, there is no separate category or dedicated section for International Mutual Funds, making it difficult to find all available funds. I’ve also noticed that international funds currently not accepting new SIPs or lump-sum investments don’t even appear when searched in the app. This is very disappointing and frustrating. Because of these issues, I’m giving Groww a 1-star review.",5,18.16.1,True,-0.12,unthemed
2026-08-30 21:21:00,2,I am not understand system,0,18.15.1,True,0.08,unthemed
2026-08-30 21:10:00,5,ok,0,18.14.0,True,0.08,positive
2026-08-30 21:10:00,5,good trading app,0,18.16.0,True,-280.1,positive
2026-08-30 21:05:00,5,good,0,18.16.1,True,0.17,positive
2026-08-30 21:03:00,5,Good Platform And Super Fast Growth,2,18.16.1,True,0.22,positive
2026-08-30 21:00:00,4,good,0,18.15.1,True,0.07,positive
2026-08-30 20:56:00,5,this account is safe and secure,0,18.16.1,True,0.13,positive
2026-08-30 20:55:00,5,easy to prosess,0,18.15.1,True,0.15,positive
2026-08-30 20:52:00,5,supar 👌🏻👌🏻👌🏻,0,18.16.1,True,0.22,positive
2026-08-30 20:43:00,5,good,0,18.16.0,True,0.17,positive
2026-08-30 20:37:00,4,very Good work,1,18.16.1,True,0.08,positive
2026-08-30 20:31:00,5,very good 👍👍,0,18.13.2,True,0.18,positive
2026-08-30 20:28:00,5,great,0,18.14.1,True,0.05,positive
2026-08-30 20:27:00,4,సూపర్,0,,True,0.07,positive
2026-08-30 20:25:00,5,Tredline. Fibonachi. Tred andgl no . I request aadd,1,18.16.1,True,0.12,positive
2026-08-30 20:19:00,4,easy to use,0,18.14.2,True,0.12,positive
2026-08-30 20:18:00,5,good app 👍,0,18.15.1,True,0.13,positive
2026-08-30 20:13:00,5,very easy and friendly,0,18.16.1,True,0.03,positive
2026-08-30 20:08:00,5,darun app,0,18.16.1,True,0.12,positive
2026-08-30 20:07:00,5,best,0,18.16.1,True,0.13,positive
2026-08-30 20:01:00,5,very good,0,18.16.0,True,0.05,positive
2026-08-30 20:00:00,5,good broker good platform,1,18.16.1,True,0.07,positive
2026-08-30 19:55:00,1,"please don't download this app , because they have worst support system. my experience: I called their support team for email changing problem due to its locked for some reason,they told it's may take 2/3 working days but even after 10 days their is no response from them ,i also raised ticket but nothing changes,still no response, it's time to change app",3,18.16.1,True,0.17,support
2026-08-30 19:41:00,5,good 😊,0,18.16.1,True,0.2,positive
2026-08-30 19:37:00,5,its good,0,18.15.1,True,0.08,positive
2026-08-30 19:35:00,5,very good user friendly but brocarge charage is little high,5,18.16.1,True,0.12,positive
2026-08-30 19:30:00,1,they cut a money,0,18.16.0,True,0.2,unthemed
2026-08-30 19:29:00,5,good app easily creat demat acc,0,18.16.0,True,0.03,positive
2026-08-30 19:26:00,5,Easy to use. Simple UI. Quick and Responsive.,0,,True,0.08,positive
2026-08-30 19:26:00,5,good,0,18.15.1,True,0.08,positive
2026-08-30 19:23:00,4,"app deserves 5 stars for its user friendly interface, because there's no bond market viewing and trading, and still we can buy bonds feels that something is lacking, please update this issue soon.",17,18.16.0,True,0.05,positive
2026-08-30 19:23:00,5,kal mera first trade hai dhekhte hai kya hota hai jay shree ram ❤️,0,,True,0.05,positive
2026-08-30 19:23:00,1,good,0,18.16.0,True,0.05,unthemed
2026-08-30 19:20:00,5,good experience with this app.,0,18.16.0,True,0.12,positive
2026-08-30 19:16:00,4,good👍,0,18.16.0,True,0.18,positive
2026-08-30 19:11:00,5,very well app,0,18.16.1,True,0.07,positive
2026-08-30 18:58:00,5,okay 👍,0,18.16.1,True,0.1,positive
2026-08-30 18:56:00,1,Just like profit transactions indicated by GREEN 💚 color. I suggested groww team to indicate loss transactions by RED ♥️ color. still not updated.,2,18.16.1,True,0.13,unthemed
2026-08-30 18:55:00,5,sell money delivery delay for bank account,0,18.16.1,True,0.15,positive
2026-08-30 18:40:00,4,good,0,18.16.0,True,0.03,positive
2026-08-30 18:36:00,3,"can you please add review portfolio facility feature to the app, like ind money and power up aap..this will be great help tp existing user",0,18.15.1,True,0.1,unthemed
2026-08-30 18:31:00,4,supb🥰😍,0,18.15.1,True,0.18,positive
2026-08-30 18:25:00,3,thik thak hai,0,18.15.1,True,0.1,unthemed
2026-08-30 18:23:00,5,"very good, I am very impressed by using this app... very simple to use...",2,18.16.0,True,0.05,positive
2026-08-30 18:22:00,1,the app has become too slow. and heavy. earlier it was lite and superfast.,0,18.16.0,True,0.07,perf
2026-08-30 18:21:00,5,Nice app,0,18.16.0,True,0.08,positive
2026-08-30 18:17:00,2,High brokerage,0,18.16.0,True,0.17,charges
2026-08-30 18:16:00,5,Good,0,,True,0.18,positive
2026-08-30 18:06:00,5,Best team working support for interest,1,18.13.2,True,0.15,positive
2026-08-30 17:53:00,5,good,0,18.15.1,True,0.18,positive
2026-08-30 17:47:00,5,excellent,0,,True,0.1,positive
2026-08-30 17:42:00,5,good experience with groww,0,,True,0.18,positive
2026-08-30 17:30:00,5,"I don't like the current way of showing income and profit of companies , please update back to the previous design.",9,18.16.0,True,0.02,positive
2026-08-30 17:29:00,5,"Using Groww since 2018 for both swing trading and long-term investments, including mutual funds. The app is super user-friendly with fast order execution. I really love the clean interface—it doesn't clutter the screen with unnecessary data, making it very easy to understand everything at a glance. Highly recommended.",6,18.16.1,True,0.03,positive
2026-08-30 17:24:00,4,nice,0,18.15.1,True,0.03,positive
2026-08-30 17:23:00,5,very good,0,18.15.0,True,0.05,positive
2026-08-30 17:23:00,2,too much hidden charges,1,18.16.0,True,0.05,charges
2026-08-30 17:20:00,5,veri nice app bahut simple and bahut bahut iji investment and mutual fund thank you,2,18.15.1,True,0.12,positive
2026-08-30 17:16:00,5,nice,0,,True,0.18,positive
2026-08-30 17:15:00,5,"The app is super user friendly, and is an easy recco for all beginners.",2,18.16.1,True,0.2,positive
2026-08-30 17:10:00,5,easy to use,0,18.16.1,True,0.08,positive
2026-08-30 17:10:00,5,[NAME] Tak start Nhi Hua But star De Deta Hu Kya Pta Hai Ishki,0,18.16.0,True,0.08,positive
2026-08-30 17:08:00,5,very good,0,18.16.0,True,0.12,positive
2026-08-30 16:58:00,5,help in investment,0,18.15.1,True,0.1,positive
2026-08-30 16:58:00,5,Good,0,18.15.1,True,0.1,positive
2026-08-30 16:57:00,3,good,0,18.16.0,True,0.12,unthemed
2026-08-30 16:54:00,1,good,0,,True,0.18,unthemed
2026-08-30 16:54:00,5,Nice experience,0,,True,0.18,positive
2026-08-30 16:51:00,4,good service,1,18.16.1,True,0.03,positive
2026-08-30 16:51:00,5,Very Good app,0,18.15.0,True,0.03,positive
2026-08-30 16:46:00,5,best trading app,0,18.16.1,True,0.13,positive
2026-08-30 16:44:00,5,Easy to use.. Bahut hi helpfully application h.. Sari chije easy way [NAME] jldi smjh ajata h or information bhi milti rahti h. Account information.. Fund.. Account statement sb chij smy s ho jati h mujhe bahut pasand aya yh application,0,18.16.1,True,0.17,positive
2026-08-30 16:44:00,5,Best for trading,0,18.15.1,True,0.18,positive
2026-08-30 16:43:00,5,good,0,18.14.2,True,0.2,positive
2026-08-30 16:34:00,5,it is easy to use,0,18.13.2,True,0.13,positive
2026-08-30 16:25:00,5,good 😊.,0,18.14.2,True,0.1,positive
2026-08-30 16:24:00,5,nice,0,18.16.1,True,0.03,positive
2026-08-30 16:23:00,5,good 👍,1,18.14.1,True,0.05,positive
2026-08-30 16:21:00,4,Add Notes Options in Watchlist as other brokers given. please reduce brokerage charges as it is costlier in charges.,7,18.16.1,True,0.08,positive
2026-08-30 16:20:00,5,very good,0,18.16.0,True,0.12,positive
2026-08-30 16:13:00,5,Excellent...But not smooth candle stick formation,1,18.15.1,True,0.03,positive
2026-08-30 16:13:00,5,good,0,,True,0.03,positive
2026-08-30 16:03:00,5,nice,0,18.16.1,True,0.22,positive
2026-08-30 16:01:00,5,Nice app,0,18.15.1,True,0.05,positive
2026-08-30 16:00:00,2,any time app show update just 15 days ago I updated but recently I show new update,1,18.15.1,True,0.07,perf
2026-08-30 15:59:00,5,🙃,0,18.6.1,True,0.08,positive
2026-08-30 15:55:00,5,ok,0,18.14.2,True,0.17,positive
2026-08-30 15:51:00,5,good experience on 23/01/2024,1,18.16.0,True,0.03,positive
2026-08-30 15:50:00,5,good,0,18.16.1,True,0.05,positive
2026-08-30 15:48:00,5,super,0,,True,0.08,positive
2026-08-30 15:43:00,5,nice 👍,0,18.15.1,True,0.18,positive
2026-08-30 15:36:00,5,good work,0,,True,0.1,positive
2026-08-30 15:34:00,5,Best,0,18.15.1,True,0.13,positive
2026-08-30 15:29:00,5,I'm using this app for a year . It is excellent for beginners like me 😄,2,18.16.1,True,0.03,positive
2026-08-30 15:27:00,1,charges is so much high and no any help,2,18.16.1,True,0.07,charges
2026-08-30 15:22:00,5,Nice new app,0,17.22,True,0.07,positive
2026-08-30 15:10:00,1,app is not installing after update and there is some problem while installing from playstore askin to delete most of the apps from my mobile please solve the problem or install previous app,1,18.13.2,True,-7.45,perf
2026-08-30 15:07:00,1,exchange charge ka pata hi nahi chalne deta bahut jyada kat leta he,0,18.14.2,True,0.13,charges
2026-08-30 15:04:00,3,good,1,18.15.1,True,0.18,unthemed
2026-08-30 15:02:00,5,"Good app , thanks all groww team for continuous improving and new technology features.i want one More feature. When we set alert for Nifty, if the Nifty spot price triggers that alert, the option trade should be executed automatically.",5,18.16.1,True,0.03,positive
2026-08-30 15:02:00,5,easy to operate and give update.,0,,True,0.03,positive
2026-08-30 15:00:00,1,good 👏,0,18.15.1,True,0.08,unthemed
2026-08-30 14:55:00,2,good,0,18.16.0,True,0.17,unthemed
2026-08-30 14:51:00,4,nice,1,18.15.1,True,0.03,positive
2026-08-30 14:47:00,5,very good👍,0,,True,0.1,positive
2026-08-30 14:45:00,4,"nice app, but they may think about their brokkerages.... it's to higher than others",0,18.16.0,True,0.13,positive
2026-08-30 14:41:00,5,brokrege fee jyada lagta hai thoda kam to karo,0,,True,0.22,positive
2026-08-30 14:36:00,5,superb,0,18.15.1,True,0.1,positive
2026-08-30 14:29:00,5,हिंदुस्तान का बेजोड निवेश app . जय groww जय हिंद चलाने में सबसे ज्यादा आसान app इसकी टक्कर का कोई ओर app नहीं हैं। पूरे भारत में नंबर वन। आसान यूजर फ्रेंडली ऐप। जय हिंद,0,18.15.1,True,0.03,positive
2026-08-30 14:27:00,5,good,0,18.16.1,True,0.07,positive
2026-08-30 14:26:00,5,good,0,18.16.0,True,0.08,positive
2026-08-30 14:25:00,5,very good,0,18.15.1,True,0.12,positive
2026-08-30 14:23:00,5,good app,0,18.14.2,True,0.05,positive
2026-08-30 14:16:00,5,Niche And beter App Service beter Security team are Beter,1,18.16.1,True,0.17,positive
2026-08-30 14:15:00,5,"good service , can I buy your groww own share it's good for wealth",0,,True,0.2,positive
2026-08-30 14:14:00,5,best app,0,18.16.0,True,0.22,positive
2026-08-30 14:09:00,5,yah app Itna achcha hai ki mujhe Jaise Garib ko kam se kam 2 sal mein ek lakh ka fayda karva chuka hai thanks groww app Dil Se 🙏🙏❣️,1,18.16.1,True,0.1,positive
2026-08-30 13:58:00,1,"Groww ऐप में Big HNI कैटेगरी के तहत IPO में आवेदन करने का विकल्प उपलब्ध नहीं होना हम जैसे निवेशकों के लिए काफी निराशाजनक है। जबकि हम निवेशक का लगभग 26% तक का app मे use का यूज़ करते है हमें Big HNI कैटेगरी में निवेश करने की सुविधा भी मिलनी चाहिए। Groww एक बड़ा और भरोसेमंद प्लेटफॉर्म है, इसलिए निवेशकों को ऐसी महत्वपूर्ण सुविधा से वंचित रखना उचित नहीं लगता। उम्मीद है कि Groww जल्द से जल्द Big HNI कैटेगरी में IPO आवेदन की सुविधा उपलब्ध कराएगा, ताकि निवेशकों को बेहतर विकल्प और सुविधा मिल सके।",0,18.16.0,True,0.1,features
2026-08-30 13:57:00,5,"I mean, we already know, it's best...",0,18.15.1,True,0.12,positive
2026-08-30 13:51:00,5,it's very easy to handle. that's why it's perfect for normal people to use.,1,18.14.2,True,0.03,positive
2026-08-30 13:49:00,5,super se bhi uper 👍🧡,0,18.13.2,True,0.07,positive
2026-08-30 13:47:00,5,Simpal ओर easy ऐप Grow is tha bast app,0,18.16.1,True,0.1,positive
2026-08-30 13:47:00,5,Good Service,0,18.15.1,True,0.12,positive
2026-08-30 13:47:00,5,fantastic 😍,0,17.96.7,True,0.12,positive
2026-08-30 13:41:00,5,good 👍,0,18.15.1,True,0.22,positive
2026-08-30 13:40:00,5,Best,0,18.14.2,True,0.03,positive
2026-08-30 13:39:00,5,👍,0,18.16.1,True,0.05,positive
2026-08-30 13:38:00,5,Best app and Customer Support Services,2,18.16.1,True,0.07,positive
2026-08-30 13:37:00,5,very good,0,18.16.0,True,0.1,positive
2026-08-30 13:36:00,5,Best broker,0,18.16.0,True,0.12,positive
2026-08-30 13:34:00,5,Great Platform,0,18.16.1,True,0.15,positive
2026-08-30 13:34:00,5,Double my money,0,18.15.1,True,0.17,positive
2026-08-30 13:33:00,1,"I want ""LINE WITH MARKERS"" tool in this app",0,18.16.0,True,0.18,features
2026-08-30 13:30:00,1,high commission taking,0,,True,0.23,unthemed
2026-08-30 13:25:00,5,very easy us aplication,0,18.15.1,True,0.1,positive
2026-08-30 13:18:00,1,sapne dikha ke logo ke paise lootna,0,17.52,True,0.13,unthemed
2026-08-30 13:15:00,5,good,0,18.15.1,True,0.18,positive
2026-08-30 13:15:00,5,very good broker app,0,,True,0.18,positive
2026-08-30 13:14:00,5,Excellent Trading Platform,1,18.16.1,True,0.22,positive
2026-08-30 13:13:00,1,slow and cahrt sticks while going from one share to another,0,,True,0.03,perf
2026-08-30 13:09:00,5,good,0,18.16.1,True,0.1,positive
2026-08-30 13:01:00,5,great app,0,,True,0.05,positive
2026-08-30 13:00:00,5,good,0,18.16.0,True,0.07,positive
2026-08-30 12:58:00,4,like it,0,18.15.1,True,0.1,positive
2026-08-30 12:57:00,5,good,0,18.16.0,True,0.13,positive
2026-08-30 12:53:00,5,very good,0,18.16.1,True,0.2,positive
2026-08-30 12:43:00,5,बहुत अच्छा सर्विस और बहुत बढ़िया चला यह एवं और इसमें रुपया निकालने में कोई परेशानी नहीं होती है और डालने में तो कोई दिक्कत नहीं है,0,,True,0.17,positive
2026-08-30 12:42:00,5,mast,0,18.16.0,True,0.18,positive
2026-08-30 12:41:00,5,best,0,18.16.1,True,0.22,positive
2026-08-30 12:40:00,5,nice,0,18.15.1,True,0.03,positive
2026-08-30 12:40:00,3,"Very poor customer support, practically no help desk. The available AI help is of no use and infact irritating at a time of need of help. The instantly available AI help literally sucks the mind without any meaningful delivery of result.",0,18.9.0,True,0.03,support
2026-08-30 12:38:00,3,options brokerage jada hai,0,18.15.1,True,0.07,"features,charges"
2026-08-30 12:36:00,5,Great for mutual fund and stocks,2,18.16.1,True,0.12,positive
2026-08-30 12:35:00,4,ok,0,18.16.0,True,0.13,positive
2026-08-30 12:29:00,5,Excellent apps,0,18.15.1,True,0.03,positive
2026-08-30 12:27:00,4,🤩nice,0,18.15.1,True,0.07,positive
2026-08-30 12:26:00,5,very nice,0,18.15.1,True,0.1,positive
2026-08-30 12:23:00,4,great app,0,18.15.1,True,0.05,positive
2026-08-30 12:20:00,5,now improved app performance and speed,1,18.16.1,True,0.1,positive
2026-08-30 12:18:00,5,"im using aap grow so, very useful aaps so...Thanku grow",0,18.15.1,True,0.13,positive
2026-08-30 12:15:00,1,application developer only increase number of download ke liye bar bar application update de raha hai or kuch nahi kar rahe update ke name per,0,18.15.1,True,0.2,perf
2026-08-30 12:15:00,5,very easy to use for freshers,0,18.13.2,True,0.2,positive
2026-08-30 12:14:00,1,"its a basic app dont use this, use zedrodha or angelone",1,18.16.1,True,0.22,unthemed
2026-08-30 12:14:00,4,very good for investing and also grow your experience,1,,True,0.23,positive
2026-08-30 12:13:00,5,good,0,18.13.2,True,0.03,positive
2026-08-30 12:08:00,5,good,0,18.16.0,True,0.12,positive
2026-08-30 12:08:00,5,payment nice,0,18.16.1,True,0.12,positive
2026-08-30 12:03:00,5,good and smooth and also simple,1,18.16.1,True,0.22,positive
2026-08-30 12:03:00,4,best app,0,,True,0.22,positive
2026-08-30 11:59:00,5,good,0,18.15.1,True,0.08,positive
2026-08-30 11:59:00,5,"Excellent:- Stock market steps to loose money. My losses above 27 lakh. Preparing Demat Account means start to loose hard earned money without any hesitation. Post office and bank fix deposit is the Supreme work. If you want to defeat inflation. Loose all money in stock market, than no fear of inflation. Buy land,invest for business practices and if you are unable to do any business than fix deposit much Supreme work. I don't trust stock market as stocks,mutual funds or option trading etc",0,,True,0.08,positive
2026-08-30 11:58:00,1,"when I open the chart most of the space is blocked by the terminal, etc chart space is very small also when you open the chart full screen the buy and sell button is not working.",3,18.16.1,True,0.1,"features,money"
2026-08-30 11:57:00,5,good,0,,True,0.13,positive
2026-08-30 11:53:00,5,good app,0,18.13.2,True,0.2,positive
2026-08-30 11:51:00,4,Great,0,18.15.1,True,0.03,positive
2026-08-30 11:49:00,4,good,1,18.16.1,True,0.07,positive
2026-08-30 11:49:00,5,best of best,0,18.16.0,True,0.08,positive
2026-08-30 11:47:00,1,very bed app,0,18.6.1,True,0.12,unthemed
2026-08-30 11:46:00,4,good,0,18.16.1,True,0.13,positive
2026-08-30 11:45:00,5,amazing experience,0,18.16.0,True,0.17,positive
2026-08-30 11:45:00,5,Nice,0,18.16.0,True,0.17,positive
2026-08-30 11:45:00,5,Nice,0,18.15.1,True,0.17,positive
2026-08-30 11:44:00,4,good,0,18.14.0,True,0.2,positive
2026-08-30 11:43:00,5,excellent app for invester,0,,True,0.22,positive
2026-08-30 11:37:00,5,is very use full app and vary faster⚡,0,18.16.0,True,0.08,positive
2026-08-30 11:36:00,4,details information/news on commodities is needed,0,18.16.1,True,0.1,positive
2026-08-30 11:36:00,5,very nice 👌,0,,True,0.1,positive
2026-08-30 11:36:00,5,good jordaar OK,0,18.15.1,True,0.12,positive
2026-08-30 11:35:00,1,very slow,0,18.16.1,True,0.13,perf
2026-08-30 11:34:00,3,good performance,0,18.15.1,True,0.15,unthemed
2026-08-30 11:33:00,5,nice app,0,18.16.1,True,0.18,positive
2026-08-30 11:32:00,5,good 👍,0,18.16.1,True,-0.28,positive
2026-08-30 11:26:00,4,"very nice and great app working right now, I love it",3,18.16.1,True,0.08,positive
2026-08-30 11:24:00,5,this aap is nice,0,18.16.1,True,0.03,positive
2026-08-30 11:22:00,5,👍👍👍,0,18.15.0,True,0.07,positive
2026-08-30 11:20:00,5,very good 💯,0,18.16.0,True,0.1,positive
2026-08-30 11:14:00,4,good UI and user friendly but needs improvement in charts part,2,18.14.2,True,0.22,positive
2026-08-30 11:11:00,5,nice,0,18.16.0,True,0.07,positive
2026-08-30 11:11:00,5,good,0,18.15.1,True,0.07,positive
2026-08-30 11:06:00,5,good,0,18.16.1,True,0.17,positive
2026-08-30 11:05:00,5,good,0,,True,0.18,positive
2026-08-30 11:05:00,5,good,0,,True,0.18,positive
2026-08-30 11:02:00,5,The best and most user friendly trading app!,5,18.16.1,True,0.03,positive
2026-08-30 11:02:00,5,grow together,0,18.16.1,True,0.03,positive
2026-08-30 11:01:00,4,App user interface is good. But har 2-4 din mai update aa jata h ye bahot irritating lagta h. samjh nahi ata daily basis pe konsa update hota h app mai.,0,18.15.1,True,0.05,positive
2026-08-30 11:01:00,5,wldone,0,18.15.1,True,0.07,positive
2026-08-30 11:01:00,5,good,0,,True,0.07,positive
2026-08-30 10:56:00,5,"best app for investment, easy to understand and easy transaction options, easy to understand a stock movement from its beginning to right now at glance only. super and thanks to team grow.",8,18.16.1,True,0.17,positive
2026-08-30 10:55:00,5,good,0,18.15.1,True,0.18,positive
2026-08-30 10:54:00,5,"using this app since 2020,,, soo mast",0,18.13.2,True,0.2,positive
2026-08-30 10:53:00,5,Easy to use,0,18.16.0,True,0.23,positive
2026-08-30 10:52:00,5,good,0,18.15.1,True,0.25,positive
2026-08-30 10:49:00,2,very disappointed,1,,True,0.07,unthemed
2026-08-30 10:47:00,3,Main purchasing or selling time always has their technical issues. Disgusting...,3,18.16.1,True,0.1,unthemed
2026-08-30 10:41:00,5,Groww is amazing stock broker and easy to handle also gives market related news. So I will recommend for this one.,5,18.16.1,True,0.2,positive
2026-08-30 10:39:00,1,cause delays during FnO,0,18.15.1,True,0.05,unthemed
2026-08-30 10:39:00,4,good,0,18.16.0,True,0.05,positive
2026-08-30 10:36:00,5,"I have been using this app for last 20 days. As a beginner I'm very satisfied with their service. App is pretty fast. Especially IPO application process happens at lightning speed. They provide tons of information on stock market. I have been using GROWW for 3 years and there is a continuous all round improvement, hence never felt to try to some other app.",10,18.16.0,True,0.1,positive
2026-08-30 10:35:00,2,Good,0,18.16.0,True,0.13,unthemed
2026-08-30 10:32:00,5,good,0,18.16.1,True,0.18,positive
2026-08-30 10:29:00,3,ok,0,18.15.1,True,0.03,unthemed
2026-08-30 10:29:00,5,nice Groww app,0,18.15.1,True,0.03,positive
2026-08-30 10:29:00,5,Excellent,0,18.16.1,True,0.03,positive
2026-08-30 10:28:00,5,nice,1,18.16.1,True,0.07,positive
2026-08-30 10:27:00,5,Best App I have ever used. ❣️,0,,True,0.08,positive
2026-08-30 10:26:00,1,Brokerage is very high.,2,18.16.1,True,0.12,charges
2026-08-30 10:26:00,2,too much charges even on equity par bhi charges hai jab ki competitors free of cost de rahe hai,1,18.16.1,True,0.12,charges
2026-08-30 10:22:00,5,super,0,,True,0.07,positive
2026-08-30 10:21:00,5,superb,0,18.16.1,True,0.08,positive
2026-08-30 10:21:00,5,good experience,0,18.16.0,True,0.08,positive
2026-08-30 10:20:00,5,very good,0,18.15.1,True,0.12,positive
2026-08-30 10:20:00,5,amazing,0,18.15.1,True,0.12,positive
2026-08-30 10:19:00,5,nice,0,18.16.0,True,0.13,positive
2026-08-30 10:17:00,3,nice 👍🏿,0,18.15.1,True,0.18,unthemed
2026-08-30 10:16:00,5,good,0,18.14.2,True,0.2,positive
2026-08-30 10:16:00,4,"Too many updates, consuming storage..",0,,True,0.2,positive
2026-08-30 10:12:00,5,West service I like groww service,1,17.7,True,0.05,positive
2026-08-30 10:12:00,5,awesome,0,18.16.0,True,0.05,positive
2026-08-30 10:10:00,1,not live show mutual fund market up down,0,18.16.0,True,0.1,unthemed
2026-08-30 10:10:00,5,best app for trading,0,18.15.1,True,0.1,positive
2026-08-30 10:06:00,5,no.1 treding app,0,18.16.1,True,0.18,positive
2026-08-30 10:04:00,5,nice,0,18.15.1,True,0.22,positive
2026-08-30 10:04:00,5,best for beginners. very worthy app,0,18.16.0,True,0.22,positive
2026-08-30 10:01:00,1,it's working very slow..,0,,True,0.05,perf
2026-08-30 09:55:00,5,supper,0,,True,0.15,positive
2026-08-30 09:54:00,5,nice app,0,18.16.1,True,0.18,positive
2026-08-30 09:53:00,5,best 👍🏻777,0,18.16.0,True,0.2,positive
2026-08-30 09:53:00,4,scam,0,18.16.0,True,0.2,positive
2026-08-30 09:52:00,3,when will groww start slbm mechanism.,0,,True,0.22,unthemed
2026-08-30 09:50:00,4,good,0,18.15.1,True,0.05,positive
2026-08-30 09:47:00,5,wow,0,18.16.0,True,0.1,positive
2026-08-30 09:45:00,2,The latest update has an issue as it's showing full screen on the chart page which is making it difficult to navigate to the back screen. Please fix.,4,18.16.1,True,0.13,"features,perf"
2026-08-30 09:45:00,5,good,0,,True,0.15,positive
2026-08-30 09:40:00,1,very poor application every time technical glitches during trade,0,18.15.1,True,0.03,unthemed
2026-08-30 09:39:00,5,nice aap wanderful,0,,True,0.05,positive
2026-08-30 09:39:00,5,easy to use,0,18.15.1,True,0.05,positive
2026-08-30 09:29:00,1,higher charges compare to other broker,0,,True,0.03,charges
2026-08-30 09:29:00,1,bad exprience,0,18.15.1,True,0.03,unthemed
2026-08-30 09:28:00,2,good,1,,True,0.05,unthemed
2026-08-30 09:27:00,5,good,0,18.16.0,True,0.08,positive
2026-08-30 09:22:00,4,grow charges are there while buy and selling the stock is ₹2 means grow charges ₹5,1,18.16.1,True,0.07,positive
2026-08-30 09:20:00,5,Best user friendly interface.,0,,True,0.1,positive
2026-08-30 09:19:00,5,very good 👍,0,,True,0.12,positive
2026-08-30 09:19:00,5,The best and faithful app and provides more useful information.,1,18.16.1,True,0.13,positive
2026-08-30 09:18:00,5,very good easy to use,0,18.14.2,True,0.15,positive
2026-08-30 09:15:00,5,best broker app,0,18.16.0,True,0.2,positive
2026-08-30 09:14:00,5,best performance apps,0,18.16.0,True,0.23,positive
2026-08-30 09:14:00,5,excellent tool.....,0,18.16.1,True,0.23,positive
2026-08-30 09:14:00,5,ok,0,18.16.1,True,0.23,positive
2026-08-30 09:12:00,5,best app for ever,0,18.16.1,True,0.05,positive
2026-08-30 09:11:00,5,this is very nice app,0,18.16.0,True,0.07,positive
2026-08-30 09:09:00,5,best,1,18.15.1,True,0.1,positive
2026-08-30 09:08:00,5,it's cool to operate,0,18.16.1,True,0.13,positive
2026-08-30 09:05:00,4,Tp he app is great; it provides accurate market information in a timely manner.,1,18.15.0,True,0.18,positive
2026-08-30 09:01:00,5,I love this app ❤️❤️❤️,0,,True,0.05,positive
2026-08-30 09:00:00,3,"I love the minimal but vast options available in the app, be it stocks, MF, commodity etc but I feel that 1 thing is lacking. In the Groww Web they recently included that feature. I'm talking about Trade directly from charts i.e., like Dhan you can simply drag drop SL and target levels. The feature is there in Groww web but it is not available in mobile. i usually trade from mobile so if they roll out this important feature I'll come back and give it a 5 ⭐ Even Zerodha kite has that feature now",20,18.16.0,True,0.07,features
2026-08-30 08:56:00,5,Best app ever,0,18.16.1,True,-7.5,positive
2026-08-30 08:55:00,5,खुप छान,0,18.15.1,True,0.15,positive
2026-08-30 08:54:00,4,This platform is very good for investor. This platform is better than Bank 💞,1,18.16.0,False,,positive
2026-08-30 08:51:00,5,yor are the best broker,0,,True,0.03,positive
2026-08-30 08:46:00,5,best,0,18.16.0,True,0.12,positive
2026-08-30 08:46:00,5,Nice service,0,,True,0.13,positive
2026-08-30 08:46:00,5,I am very happy,0,18.15.1,True,0.13,positive
2026-08-30 08:45:00,5,nice,0,18.16.1,True,0.15,positive
2026-08-30 08:43:00,5,"Groww is a great app, but adding Volume Candles (Volume Candles / Volume Profile) directly to the charts would make technical analysis much easier for active traders. Please consider adding this feature in upcoming updates.",4,18.16.1,True,0.2,positive
2026-08-30 08:42:00,5,vary good app,0,18.16.0,True,0.22,positive
2026-08-30 08:38:00,5,great experience,0,18.15.1,True,0.07,positive
2026-08-30 08:36:00,4,nice,0,18.16.0,True,0.1,positive
2026-08-30 08:35:00,5,good,0,,True,0.12,positive
2026-08-30 08:35:00,3,good app,0,18.16.0,True,-9897.07,unthemed
2026-08-30 08:34:00,4,good,0,18.16.0,True,0.15,positive
2026-08-30 08:33:00,5,good,0,18.15.1,True,0.17,positive
2026-08-30 08:32:00,5,great experience,0,18.14.1,True,0.18,positive
2026-08-30 08:30:00,5,"Groww must introduce a trailing stoploss feature on the chart. To Groww team , please don't make any delay to introduce this feature. We need this feature by next week",1,18.16.1,True,0.23,positive
2026-08-30 08:29:00,5,thank you 🌷,0,18.16.1,True,0.03,positive
2026-08-30 08:23:00,5,good aap,0,18.16.1,True,0.05,positive
2026-08-30 08:11:00,2,બ્રોકરેજ ચાર્જીસ બહુ જ છે ઘટાડો કરો તારે સારું રહે,1,18.16.1,True,0.07,unthemed
2026-08-30 08:04:00,5,very nice app my first trading start for the grow,0,18.14.2,True,0.18,positive
2026-08-30 08:02:00,5,good,0,18.16.1,True,0.03,positive
2026-08-30 07:58:00,5,"Millions of retail investors, including me, have happily connected with Groww and invested their hard-earned money through the platform. It is encouraging to see the platform continuously growing. We sincerely hope that Groww, along with SEBI, will remain vigilant and take all necessary measures to prevent any kind of scam or fraudulent activity, ensuring the safety and protection of investors’ hard-earned money. Thank you Team Groww",4,18.16.1,True,0.1,positive
2026-08-30 07:58:00,5,very nice,0,18.16.1,True,0.1,positive
2026-08-30 07:54:00,5,Easy and simple to use.,4,18.16.1,True,0.18,positive
2026-08-30 07:51:00,5,very nice,0,,True,0.03,positive
2026-08-30 07:48:00,5,groww app is a best app.,0,18.15.1,True,0.08,positive
2026-08-30 07:46:00,1,bar bar apdate magta he me groww ko delete kar dunga,0,18.16.1,True,0.12,unthemed
2026-08-30 07:37:00,4,Nice app,0,,True,0.08,positive
2026-08-30 07:34:00,5,good,0,18.16.0,True,0.13,positive
2026-08-30 07:31:00,5,nice app,0,18.16.1,True,0.2,positive
2026-08-30 07:30:00,4,ok,0,18.15.1,True,0.22,positive
2026-08-30 07:27:00,5,best app for traiding.,1,18.16.1,True,0.07,positive
2026-08-30 07:13:00,5,good,0,,True,0.22,positive
2026-08-30 07:08:00,5,poor,0,18.15.1,True,0.12,positive
2026-08-30 07:06:00,1,I don't understand,0,18.15.1,True,0.15,unthemed
2026-08-30 07:05:00,5,Very very good app,0,18.16.0,True,0.17,positive
2026-08-30 07:04:00,4,A One,0,18.16.0,True,0.2,positive
2026-08-30 07:04:00,5,Good investment,0,18.16.0,True,0.2,positive
2026-08-30 06:56:00,3,ok.,0,18.15.1,True,0.13,unthemed
2026-08-30 06:43:00,4,good app,0,18.16.0,True,0.17,positive
2026-08-30 06:31:00,5,Not too good,0,18.13.2,True,0.18,positive
2026-08-30 06:27:00,5,very good 😊,0,18.16.1,True,0.07,positive
2026-08-30 06:08:00,5,outstanding,0,18.16.1,True,0.12,positive
2026-08-30 05:43:00,5,very nice,0,18.16.1,True,0.17,positive
2026-08-30 05:29:00,5,awesome app,0,18.16.0,True,0.03,positive
2026-08-30 05:24:00,5,I am using it continuously and feels happy but some other features of indicators are not available wrt zeroda.,4,18.16.0,True,0.03,positive
2026-08-30 03:30:00,5,good stuff,0,18.16.0,True,0.2,positive
2026-08-30 03:04:00,5,Very Nice And Easy App Trading For Beginners 🥰,4,18.16.1,True,0.18,positive
2026-08-30 02:53:00,5,Good,1,18.16.1,True,0.18,positive
2026-08-30 02:19:00,5,tum pesa bahut lete ho ham log se Asia kyu kam liya kro ji,0,18.16.0,True,0.12,positive
2026-08-30 02:13:00,4,please provide higher time frame support,1,18.16.1,True,0.03,positive
2026-08-30 02:05:00,1,Day by Day charges badhate ja rhe h..,0,18.16.0,True,0.17,charges
2026-08-30 01:55:00,5,"groww stocks, mutual fund good abb",1,18.16.1,True,0.15,positive
2026-08-30 01:32:00,5,good,0,18.15.1,True,0.17,positive
2026-08-30 01:04:00,5,बहुत बढ़िया है और स्मूथ है एकदम सरल है म्युचुअल फंड ट्रेडिंग के लिए सबसे बेस्ट ऐप इन द वर्ल्ड,0,18.16.1,True,0.18,positive
2026-08-30 00:56:00,5,बढिया है.,0,18.16.1,True,0.13,positive
2026-08-30 00:54:00,5,very good 💯,0,18.16.1,True,0.17,positive
2026-08-30 00:54:00,5,good aap,0,18.15.1,True,0.17,positive
2026-08-30 00:53:00,5,good app,0,,True,0.2,positive
2026-08-30 00:34:00,2,😒😒😒,0,,True,0.13,unthemed
2026-08-30 00:24:00,4,good,0,18.16.0,True,0.12,positive
2026-08-30 00:23:00,5,awesome 👍,0,18.15.1,True,0.05,positive
2026-08-30 00:12:00,5,I love groww,0,,True,0.05,positive
2026-08-29 23:59:00,5,best,0,,True,0.08,positive
2026-08-29 23:43:00,5,"It is my favorite Demat account broker, but please lower the transaction charges. BUT :- ♥️ Love you ♥️",0,,True,-49.02,positive
2026-08-29 23:41:00,5,👍,0,18.16.0,True,0.2,positive
2026-08-29 23:40:00,5,Too easy to understand its function for trading... thanks,3,18.16.1,True,0.03,positive
2026-08-29 23:39:00,5,very nice,0,18.14.1,True,0.05,positive
2026-08-29 23:38:00,5,Excellent Service..👍👍🤗🥰,0,18.16.1,True,0.07,positive
2026-08-29 23:36:00,5,good,0,18.16.1,True,0.12,positive
2026-08-29 23:36:00,1,Bonds purchased through Groww app are being shown with loss of 99%,3,18.16.1,True,0.12,unthemed
2026-08-29 23:35:00,5,very good and user-friendly,0,,True,0.13,positive
2026-08-29 23:34:00,5,Good past four years,1,18.16.1,True,0.17,positive
2026-08-29 23:33:00,4,it's good app,0,,True,0.18,positive
2026-08-29 23:30:00,5,good👍,0,18.15.1,True,0.23,positive
2026-08-29 23:22:00,5,best from all brokers,1,18.16.1,True,0.07,positive
2026-08-29 23:19:00,5,good 👍🏻,0,18.16.1,True,0.12,positive
2026-08-29 23:18:00,1,Reduce transaction charges,0,,True,0.13,charges
2026-08-29 23:11:00,4,easy process if you know what you are doing for better future,0,18.14.2,True,0.07,positive
2026-08-29 23:08:00,5,very good,0,18.16.0,True,0.12,positive
2026-08-29 23:05:00,5,good 👍😊,0,18.13.2,True,0.18,positive
2026-08-29 23:00:00,3,Very simple platform for investing. Only bad thing is the console pattern keeps on changing which makes it difficult to familiarise. Stop changing console appearance.,10,18.16.0,True,0.07,unthemed
2026-08-29 22:57:00,5,nice,0,18.16.1,True,0.12,positive
2026-08-29 22:55:00,5,next level,0,18.16.1,True,0.15,positive
2026-08-29 22:54:00,5,simple and easy app,2,18.16.1,True,0.18,positive
2026-08-29 22:53:00,4,good,0,18.15.1,True,0.2,positive
2026-08-29 22:52:00,3,"Why doesn't the Groww platform offer a pre-market sell option for SME IPOs, whereas other platforms do?",2,18.16.1,True,0.22,unthemed
2026-08-29 22:50:00,1,make a preview like zerodha and others. reflect on singhal screen investment market Value qty avg price CMP today profit total Profit,0,18.16.1,True,0.05,unthemed
2026-08-29 22:47:00,5,very good 👍 🫠😘,0,,True,0.1,positive
2026-08-29 22:45:00,5,nice,0,,True,0.13,positive
2026-08-29 22:45:00,5,good,0,18.15.1,True,0.15,positive
2026-08-29 22:44:00,5,good app,0,18.16.0,True,0.17,positive
2026-08-29 22:32:00,5,👍,0,,True,0.17,positive
2026-08-29 22:22:00,5,Best app,1,,True,0.07,positive
2026-08-29 22:19:00,5,casino always wins,0,18.15.1,True,0.12,positive
2026-08-29 22:18:00,4,best experience,1,18.16.1,True,0.15,positive
2026-08-29 22:16:00,5,forex currency add hota to or accha hota,1,18.16.1,True,0.18,positive
2026-08-29 22:15:00,1,matual fund is not work properly stp & swp not work properly,3,18.16.1,True,0.2,unthemed
2026-08-29 22:12:00,5,Good App,0,18.15.1,True,0.05,positive
2026-08-29 22:10:00,3,ok,1,18.6.1,True,0.08,unthemed
2026-08-29 22:10:00,3,Don't install because this app is not working smoothly.,1,18.16.0,True,0.08,unthemed
2026-08-29 22:08:00,5,It is easy to understand.,0,18.16.1,True,0.13,positive
2026-08-29 22:06:00,5,मैं पिछले 5 साल से इस्तेमाल कर रहा हूं अब तक का मेरा सफर इस एप्लीकेशन के साथ बहुत ही अच्छा रहा है कुछ चीजों को छोड़कर...,0,18.16.0,True,0.17,positive
2026-08-29 22:01:00,5,very gd,1,18.15.1,True,0.05,positive
2026-08-29 21:58:00,5,good,0,18.16.0,True,0.1,positive
2026-08-29 21:58:00,5,super app simple interface good app smoothly working ❤️❤️❤️,1,18.15.1,True,0.1,positive
2026-08-29 21:55:00,3,the brokerage charges is too high 135 plus taxes on 5000 sale,0,,True,0.17,charges
2026-08-29 21:51:00,5,good,0,18.13.2,True,0.03,positive
2026-08-29 21:48:00,4,amezing work in groww app you have a good 😊,0,18.15.1,True,0.08,positive
2026-08-29 21:47:00,5,very nice,0,18.15.1,True,0.1,positive
2026-08-29 21:47:00,3,this app ok but new update inquired best app . price rate very highly. and midclass pepelo high usage this app. but stock information all people note interest. we it app stocks Market class on-line best way.please starting class.,1,18.16.1,True,0.12,perf
2026-08-29 21:22:00,5,very nice to use it.,0,18.16.0,True,0.07,positive
2026-08-29 21:10:00,5,very nice 👌,0,18.13.2,True,0.08,positive
2026-08-29 20:57:00,5,very good,0,18.15.1,True,0.12,positive
2026-08-29 20:46:00,5,grow is good,0,18.15.1,True,0.12,positive
2026-08-29 20:40:00,5,best app to access easely,0,18.15.1,True,0.03,positive
2026-08-29 20:37:00,3,nice 👍,0,18.13.2,True,0.08,unthemed
2026-08-29 19:51:00,5,good,0,18.16.0,True,0.03,positive
2026-08-29 19:51:00,5,easy to use,0,18.14.2,True,0.03,positive
2026-08-29 19:44:00,5,good,0,18.15.1,True,0.15,positive
2026-08-29 19:27:00,5,nice aap,0,18.12.1,True,0.07,positive
2026-08-29 19:20:00,5,good platform,0,,True,0.1,positive
2026-08-29 19:08:00,5,very good,0,18.15.1,True,0.12,positive
2026-08-29 19:06:00,5,super 💯😊😊😊😊,0,18.14.2,True,0.15,positive
2026-08-29 18:57:00,5,good,0,18.15.1,True,0.12,positive
2026-08-29 18:55:00,5,nice,0,18.16.0,True,0.15,positive
2026-08-29 18:25:00,5,Good 😊,1,18.16.0,True,0.1,positive
2026-08-29 18:17:00,5,Let's Growwwww Together❤️,0,,True,0.15,positive
2026-08-29 18:13:00,5,good,0,18.14.2,True,0.03,positive
2026-08-29 17:57:00,5,good,0,18.16.0,True,0.12,positive
2026-08-29 17:43:00,5,best app for stock market,0,18.15.1,True,0.17,positive
2026-08-29 17:33:00,5,ye app bahut acha hi muje isse koi problem nahi huwi,0,18.13.2,True,0.15,positive
2026-08-29 17:20:00,4,good,0,18.14.2,True,0.1,positive
2026-08-29 16:49:00,2,"Been using this for 4 years but recent ""advanced features"" made it hectic. 1. Scalper button placement is terrible; whenever I hit back from a chart, it accidentally triggers scalping. Not everyone is a scalper! Give an option to hide it. 2. Severe chart lag: switching charts still shows the old asset first. I have to go back and reload it twice just to refresh. 3. Web version is too complicated and confusing for investing. Frustrated with these bugs, I finally moved to another platform.",11,18.16.1,True,0.07,"features,perf"
2026-08-29 16:31:00,5,good,0,18.15.0,True,0.18,positive
2026-08-29 16:14:00,5,good,0,18.15.1,True,0.2,positive
2026-08-29 15:46:00,5,risk ka Bandar,0,18.15.1,True,0.12,positive
2026-08-29 15:19:00,5,good app,1,18.15.1,True,0.12,positive
2026-08-29 14:52:00,5,welldone,1,18.14.2,True,0.2,positive
2026-08-29 14:40:00,5,top tridega,0,18.15.1,True,0.03,positive
2026-08-29 14:32:00,5,good,1,18.14.2,True,0.17,positive
2026-08-29 14:16:00,3,awesome 👍,0,18.15.1,True,-0.2,unthemed
2026-08-29 14:10:00,5,Nice experince,0,18.15.1,True,0.08,positive
2026-08-29 14:09:00,5,supar,0,18.15.1,True,0.1,positive
2026-08-29 13:58:00,4,good 👍,0,18.16.0,True,0.1,positive
2026-08-29 13:52:00,5,Excellent Platform totally smooth process,0,18.16.0,True,0.2,positive
2026-08-29 13:33:00,1,very bad experience,1,,True,0.15,unthemed
2026-08-29 13:31:00,1,not tamil language customer care supporting..! pls give all indian languages customer care support..!,0,18.16.0,True,0.18,support
2026-08-29 13:31:00,5,excellent,0,18.15.1,True,0.18,positive
2026-08-29 13:24:00,5,nice app,0,18.13.2,True,0.03,positive
2026-08-29 13:13:00,5,"Hello Groww Team, I would like to suggest a useful feature for the Groww app. Could you please consider introducing an in-app share transfer/gifting facility, similar to the Online DIS / Transfer Stocks feature available on Angel One? Currently, transferring shares to a relative or to another demat account requires going through CDSL Easiest, which makes the process more complicated for users. It would be much more convenient if Groww could provide a simple “Transfer/Gift Stocks” option",4,18.16.0,True,0.03,positive
2026-08-29 13:09:00,5,Good broker easy to use,0,18.15.1,True,0.1,positive
2026-08-29 13:06:00,5,good,0,18.16.0,True,0.15,positive
2026-08-29 13:04:00,1,aapki support team kaafi ghatiya hai,0,,True,0.2,support
2026-08-29 12:48:00,5,nice grow,0,18.15.1,True,0.08,positive
2026-08-29 12:27:00,1,portfolio analysis not correct... it shows wrong figure... before update it shows right but after update of app it shows huge difference between invested and current values... kindly fix it,2,18.16.0,True,0.07,perf
2026-08-29 12:25:00,5,good service 👍,0,18.16.0,True,0.1,positive
2026-08-29 12:21:00,5,good 👍,0,18.15.1,True,0.08,positive
2026-08-29 12:12:00,1,nice trading aap trusted,1,18.15.1,True,0.05,unthemed
2026-08-29 12:11:00,5,good 👍,0,18.15.1,True,0.07,positive
2026-08-29 11:58:00,4,good,0,18.15.1,True,0.1,positive
2026-08-29 11:54:00,4,good 👍,0,18.16.0,True,0.17,positive
2026-08-29 11:44:00,5,it's perfect app and I like it,0,18.15.1,True,0.15,positive
2026-08-29 11:44:00,5,very good,0,18.15.1,True,0.15,positive
2026-08-29 11:44:00,5,Best,0,,True,0.17,positive
2026-08-29 11:27:00,5,good app,1,18.15.1,True,0.07,positive
2026-08-29 11:27:00,5,"It is a very good and transparent market, everything is very independent.",0,18.15.1,True,0.07,positive
2026-08-29 11:25:00,5,good,0,18.15.1,True,0.1,positive
2026-08-29 11:17:00,5,Best aap,0,18.15.1,True,0.15,positive
2026-08-29 11:16:00,5,good,0,18.13.2,True,0.17,positive
2026-08-29 10:52:00,4,best,0,18.15.1,True,0.2,positive
2026-08-29 10:50:00,5,Best app,0,,True,0.05,positive
2026-08-29 10:49:00,5,very good 💯,0,18.16.0,True,0.07,positive
2026-08-29 10:39:00,5,The best trading App,0,18.15.1,True,0.05,positive
2026-08-29 10:21:00,5,nice,0,18.16.0,True,0.08,positive
2026-08-29 10:20:00,5,best trading app,0,18.15.1,True,0.1,positive
2026-08-29 10:05:00,5,easy and very good,0,18.15.1,True,0.17,positive
2026-08-29 10:04:00,5,good 👍,0,18.14.1,True,0.18,positive
2026-08-29 10:00:00,5,very good platform,0,18.16.0,True,0.07,positive
2026-08-29 09:56:00,4,mujhe to mast laga ye bas thoda upi mein dikkat hai,0,18.14.2,True,0.13,positive
2026-08-29 09:53:00,4,good,0,18.13.2,True,0.2,positive
2026-08-29 09:52:00,5,number one app,0,,True,0.22,positive
2026-08-29 09:48:00,5,great,0,18.13.2,True,0.08,positive
2026-08-29 09:31:00,5,good,0,18.15.1,True,0.18,positive
2026-08-29 09:24:00,5,very nice 👍👍,0,18.13.2,True,0.03,positive
2026-08-29 09:23:00,5,Later 💖,0,18.11.1,True,0.05,positive
2026-08-29 09:18:00,5,very good,0,18.15.1,True,0.13,positive
2026-08-29 09:14:00,5,very good and iam happy to first investment in my life,0,18.16.0,True,0.22,positive
2026-08-29 08:43:00,5,nice,0,18.16.0,True,0.17,positive
2026-08-29 08:39:00,5,Guru is the best,0,18.16.0,True,0.05,positive
2026-08-29 08:33:00,5,👍,1,18.11.1,True,0.15,positive
2026-08-29 08:16:00,5,good,0,18.16.0,True,0.17,positive
2026-08-29 08:06:00,5,simple and easy to use.. but need more updates in Trading,3,18.16.0,True,0.15,positive
2026-08-29 08:05:00,5,Excellent Work by Groww 👏👍,1,18.16.0,True,0.17,positive
2026-08-29 08:01:00,5,good app,0,18.16.0,True,0.05,positive
2026-08-29 07:50:00,5,best,1,18.16.0,True,0.05,positive
2026-08-29 07:50:00,5,good app,1,18.16.0,True,0.05,positive
2026-08-29 07:45:00,5,👍,0,18.14.1,True,0.13,positive
2026-08-29 07:17:00,5,very nice ☺️,1,18.15.1,True,0.15,positive
2026-08-29 05:55:00,5,easy to use app। easy to trade। must take some market knowledge before investing।।।,1,18.15.1,True,0.15,positive
2026-08-29 05:48:00,5,good,0,18.15.1,True,0.08,positive
2026-08-29 05:47:00,5,after using 2 years i can say it's good for financial work❤️,0,,True,0.1,positive
2026-08-29 04:56:00,1,The new update is really bad. Every time you open the chart then a scalper option appears below instead of an earlier touch screen panel.,1,18.16.0,True,0.13,"features,perf"
2026-08-29 04:18:00,5,super,0,18.15.1,True,0.13,positive
2026-08-29 02:51:00,5,good,0,18.15.1,True,0.03,positive
2026-08-29 02:34:00,5,very good 💯,0,,True,0.13,positive
2026-08-29 01:29:00,5,very good,0,18.15.1,True,0.03,positive
2026-08-29 00:21:00,5,It's Good,0,18.16.0,True,-1.47,positive
2026-08-29 00:18:00,5,nice,0,18.14.2,True,0.13,positive
2026-08-28 23:48:00,5,very good app,0,18.15.1,True,0.08,positive
2026-08-28 23:44:00,5,price high,0,18.16.0,True,0.15,positive
2026-08-28 23:41:00,5,Good,0,18.15.1,True,0.2,positive
2026-08-28 23:31:00,4,osm,0,18.15.1,True,0.18,positive
2026-08-28 23:31:00,5,❤️ good,0,18.15.1,True,0.18,positive
2026-08-28 23:24:00,5,Superb application suggest for all of you ☆☆☆☆☆,0,18.15.1,True,0.03,positive
2026-08-28 23:21:00,5,new mebar happy 😁,0,18.14.2,True,0.08,positive
2026-08-28 22:55:00,5,best app for beginners,0,18.13.2,True,-552.85,positive
2026-08-28 22:30:00,2,"dear groww, the only reason i am using this app cause of simple interaction, updating the app is good, but if you keep things complicated, i will have to close my account. don't force your new updates on users, keep the interface as clean as possible. e.g. the scalper button you have added near buy/sell, asked whether user need that button or not and also stop forcing groww charts. both are irritating while trading. please solve this issues asap, or i would have to find new broker.",7,18.16.0,True,0.2,features
2026-08-28 22:19:00,5,very good,0,18.15.1,True,0.12,positive
2026-08-28 22:14:00,5,Good 😊,0,18.15.1,True,0.2,positive
2026-08-28 22:02:00,4,ok,0,18.13.2,True,0.03,positive
2026-08-28 21:53:00,1,"want to make your trading journey easy then never use , groww very bad experince with it",1,18.14.2,True,0.18,unthemed
2026-08-28 21:52:00,5,good,0,18.16.0,True,0.2,positive
2026-08-28 21:48:00,4,charges too High,0,18.15.1,True,0.08,positive
2026-08-28 21:46:00,5,good,1,18.15.1,True,0.12,positive
2026-08-28 21:36:00,5,best treading App in india,0,18.15.0,True,0.1,positive
2026-08-28 21:31:00,5,good,0,18.14.2,True,0.18,positive
2026-08-28 21:22:00,5,very good,0,,True,0.07,positive
2026-08-28 21:16:00,1,"The Customer Support process takes too long, even for urgent issues. The withdrawal was also delayed despite sufficient funds being available in the account, which was particularly inconvenient as the funds were urgently needed. They didn't allow me to withdraw even after 10 AM.",3,18.16.0,True,0.17,"support,money"
2026-08-28 20:54:00,5,so smooth,0,,True,0.17,positive
2026-08-28 20:51:00,5,"I have been using Groww for a while now, and the overall experience has been fantastic. The app rarely lags, tracking my portfolio is very easy, and the interface is highly intuitive for both beginners and pros. Highly satisfied with the performance and transparency.",3,18.16.0,True,0.03,positive
2026-08-28 20:17:00,5,ok,0,,True,0.15,positive
2026-08-28 19:51:00,5,good service,0,18.16.0,True,0.03,positive
2026-08-28 19:41:00,5,Good,0,18.15.1,True,0.2,positive
2026-08-28 18:44:00,5,good,0,18.16.0,True,0.15,positive
2026-08-28 18:23:00,5,good 👍,0,18.16.0,True,0.05,positive
2026-08-28 18:18:00,4,Apps Is Good But Customers Service Very Disappointed,0,18.15.1,True,0.13,positive
2026-08-28 18:08:00,5,awsm,0,18.16.0,True,0.12,positive
2026-08-28 17:57:00,5,ok,0,18.12.1,True,0.12,positive
2026-08-28 17:46:00,5,Good Experience.,0,18.16.0,True,0.12,positive
2026-08-28 17:42:00,5,Good 👍,0,18.16.0,True,0.18,positive
2026-08-28 17:21:00,5,nice,0,18.15.1,True,0.08,positive
2026-08-28 17:04:00,5,very good,0,17.44,True,0.18,positive
2026-08-28 16:47:00,5,so super AAP,0,18.16.0,True,0.1,positive
2026-08-28 16:44:00,1,"It's a waste app, once we complete the trade we can't draw our money and they don't allow us to withdraw, whereas other apps allow us to draw money after deducting our charges even if it is lost or profit, Some Apps allow us to draw our money on Saturdays, hereafter I will stop trading on grow",5,18.16.0,True,0.15,"money,charges"
2026-08-28 16:40:00,5,very nice👍,0,18.16.0,True,0.03,positive
2026-08-28 16:22:00,5,❤️,0,18.15.1,True,0.07,positive
2026-08-28 15:56:00,4,nise,0,18.16.0,True,0.13,positive
2026-08-28 15:44:00,5,Good,0,18.16.0,True,0.15,positive
2026-08-28 15:42:00,5,good,0,18.16.0,True,0.18,positive
2026-08-28 15:32:00,4,good,0,18.15.1,True,0.17,positive
2026-08-28 15:25:00,5,user-friendly interface.,0,18.16.0,True,0.1,positive
2026-08-28 15:25:00,5,good,0,18.16.0,True,0.1,positive
2026-08-28 15:19:00,5,Good,0,18.16.0,True,0.12,positive
2026-08-28 15:18:00,1,very bad experience this app very bad money fas jayegi aapki koi kabhi bhi kyc ya other reason se bnd ho sakta immediately aapka loss ho sakta hai .... customer support zero hai bolte rahenge kuchh or krte h nhi kuchh,0,18.15.1,True,0.15,"support,money"
2026-08-28 15:17:00,5,good app,0,18.16.0,True,0.17,positive
2026-08-28 15:15:00,5,Best interface to understand for beginners. but FD feature is missing otherwise best app for investment.,3,18.16.0,True,0.2,positive
2026-08-28 15:14:00,5,good platform,0,18.15.1,True,0.23,positive
2026-08-28 15:13:00,3,✔️ good,0,18.16.0,True,0.03,unthemed
2026-08-28 15:05:00,5,good,0,18.4.2,True,0.17,positive
2026-08-28 15:03:00,3,👍🏻,0,18.16.0,True,0.22,unthemed
2026-08-28 14:58:00,5,nicely app 👌,0,18.15.1,True,0.1,positive
2026-08-28 14:47:00,5,good for treding,0,18.16.0,True,0.1,positive
2026-08-28 14:46:00,5,super,0,18.15.1,True,0.12,positive
2026-08-28 14:46:00,4,between good and excellent,0,18.15.1,True,0.12,positive
2026-08-28 14:44:00,1,3rd class app,0,,True,0.17,unthemed
2026-08-28 14:36:00,5,easy to use,0,18.15.1,True,0.1,positive
2026-08-28 13:53:00,1,worst trading app;taking so much charges.wanna uninstall very soon,0,18.14.1,True,0.18,charges
2026-08-28 13:51:00,1,ridiculous new update. When we open the charts the back button on our phone just disappears and we end up clicking the scalper mode or a different chart when not needed. Also the limit order is auto filled every time we click. so annoying to modify. Every second in trading is important but you are just wasting precious time of trades.,85,18.16.0,True,0.03,"features,perf"
2026-08-28 13:49:00,4,"fast, and explain most of this.",0,18.15.1,True,0.07,positive
2026-08-28 13:35:00,1,1. After new update scalper option is given down that is very irritating. its getting pressed all the time .. kinldy change its position.,25,18.16.0,True,-10505.88,perf
2026-08-28 13:34:00,5,good,0,,True,0.13,positive
2026-08-28 13:26:00,5,Good,0,18.13.2,True,0.08,positive
2026-08-28 13:24:00,5,good 😊,0,18.16.0,True,0.03,positive
2026-08-28 13:23:00,4,best good,0,18.16.0,True,0.05,positive
2026-08-28 13:15:00,5,वेरी गुड़,0,18.14.2,True,0.18,positive
2026-08-28 13:09:00,5,great 👍🏻,0,18.14.2,True,0.1,positive
2026-08-28 13:09:00,5,good,0,18.15.1,True,0.1,positive
2026-08-28 12:58:00,5,great,0,18.16.0,True,0.1,positive
2026-08-28 12:52:00,1,"Thanks to Groww app's new update, I am anyway shifting from Groww app to other app for my chart analysis. In the new update, as soon as I open the chart, my gesture buttons disappear, and right in that exact spot, they have placed a new button called 'Scalper mode'. If that button is pressed by mistake, the TradingView chart immediately switches to the Groww chart. Similarly, if I touch anywhere on the option chain by mistake, an order gets placed. I don't know why it has been designed this way.",0,17.55,True,0.2,"features,perf"
2026-08-28 12:49:00,5,exilent,1,18.15.1,True,0.07,positive
2026-08-28 12:44:00,5,good 👍,1,18.14.1,True,0.15,positive
2026-08-28 12:43:00,1,worst support team ever guys please don't use this application it's so frustrating to talk with the support team when you'll be explaining something they'll leave your call on hold i experienced it when I was saying my problem to the support person he left the call on unattended I waited for like 5 minutes still no response from that guy it's just so annoying how you are taking so much brokarage and still you can't load the volume candles properly on the desktop,6,18.16.0,True,0.17,"support,perf"
2026-08-28 12:43:00,3,when trades are shown on premium of option charts..add the stop loss and trailing stop loss adjusting by dragging the stoploss and trailing stop loss feature also..thats the only thing missing there...,2,18.16.0,True,0.18,features
2026-08-28 12:36:00,5,verry verry nice 👍,1,18.15.0,True,0.1,positive
2026-08-28 12:29:00,5,nice,0,18.15.1,True,0.03,positive
2026-08-28 12:29:00,5,bhut mast groww,0,18.13.2,True,0.03,positive
2026-08-28 12:20:00,3,"Had to rate 3* down from 5* Why? Let's explain. Initially, I thought it was happening only with my phone, but later on I discovered that everyone else was facing the issue with the latest app update. So, this was a deliberate strategy by Groww. The issue: as soon as we launch the app and authenticate (login), the F&O page remains the initial landing page, regardless of the fact that I don't use the F&O feature, it's paused on my account. Remark: This is not acceptable.",4,18.16.0,True,0.1,"features,perf"
2026-08-28 12:17:00,5,Nice,0,18.16.0,True,0.15,positive
2026-08-28 12:05:00,5,best trading app,1,,True,0.17,positive
2026-08-28 11:50:00,5,very nice 👌,0,18.15.0,True,0.05,positive
2026-08-28 11:41:00,1,"Hi Team, Recently I see some issues on groww app. when I open any chart , it's automatically changed as full screen and hide the back button, so always it auto selects the groww chart option. please rectify it.",2,18.16.0,True,0.2,features
2026-08-28 11:40:00,1,"On viewing the chart, the bottom navigation buttons are hidden automatically even though the navigation buttons are fixed in my phone settings, I have to swipe up each time to get those navigation buttons and click back button. Kindly fix this issue in next update.",2,18.16.0,True,0.03,"perf,charges"
2026-08-28 11:28:00,5,good,0,18.15.1,True,0.05,positive
2026-08-28 11:15:00,5,👍 great app,0,18.16.0,True,0.18,positive
2026-08-28 11:14:00,5,nice think,1,18.1.1,True,0.2,positive
2026-08-28 11:02:00,4,"This app has a clean user interface and is very easy to use. I have just one suggestion to improve the app interface. If any SIP is cancelled or rejected, it should disappear after 30 days. Also for stocks, sold orders should auto-hide or disappear and show active holdings only. This will make the app much cleaner for long term investors.",4,18.16.0,True,0.03,positive
2026-08-28 11:02:00,1,update of 27 august was worst one ..,0,,True,0.03,perf
2026-08-28 10:55:00,4,yah app bahut hi bahut bahut bahut bahut bahut Achcha hai,0,18.15.1,True,0.17,positive
2026-08-28 10:53:00,5,good,0,18.16.0,True,0.2,positive
2026-08-28 10:48:00,1,New updates was very bad it's captured whole screen i can't able to go back because my back bottom already hide by this apps screen.,1,,True,0.08,unthemed
2026-08-28 10:46:00,5,very nice,1,18.16.0,True,0.12,positive
2026-08-28 10:41:00,5,good,0,18.15.1,True,0.2,positive
2026-08-28 10:40:00,5,nice 👍,1,18.15.1,True,0.03,positive
2026-08-28 10:38:00,5,I trust this app . Grow app is so easy to use. I recommend this app to all of you.,0,18.15.1,True,0.07,positive
2026-08-28 10:35:00,5,good,0,18.16.0,True,0.12,positive
2026-08-28 10:33:00,5,nice,0,18.14.2,True,0.17,positive
2026-08-28 10:30:00,1,"they make life hell after recent update, hiding navigation bar when enter to chartview, you can't navigate from chartview as navigation bar got hide, when try to enable navigation bar, scalp mode or chain is getting option which i don't want. no support from cc.",5,18.16.0,True,0.22,"support,perf"
2026-08-28 10:30:00,5,Groww app is the best plate form for training,0,18.14.1,True,0.22,positive
2026-08-28 10:23:00,3,good,1,18.15.0,True,0.05,unthemed
2026-08-28 10:21:00,5,Very Good 👍,0,18.15.1,True,0.08,positive
2026-08-28 10:20:00,5,okay,0,18.15.1,True,0.1,positive
2026-08-28 10:19:00,2,thanx for introducing groww charts please add volume profile fixed range indicator in indicator list,3,18.16.0,True,-19696.43,features
2026-08-28 10:19:00,5,user friendly app for new and 1st time investors.,1,18.16.0,True,0.13,positive
2026-08-28 10:17:00,3,new groww chart is irritated by default settings and on charts scalper mode is direct click whenever I tried to go back,1,,True,0.17,features
2026-08-28 09:52:00,5,ohh,1,18.15.1,True,0.2,positive
2026-08-28 09:50:00,5,nice,0,18.16.0,True,0.05,positive
2026-08-28 09:48:00,1,"Too much charges, and slow order execution, target execution is not great, chart interface back button is removed. Ill move out of this app",1,18.16.0,True,0.08,"perf,charges"
2026-08-28 09:43:00,5,good,0,18.13.2,True,0.17,positive
2026-08-28 09:40:00,5,Super 👍,1,18.16.0,True,0.03,positive
2026-08-28 09:40:00,1,Tumahara devloper gadha hai trading view chart kholne par mobile mein navigation button gayab ho ja raha hai ..fix this,5,18.16.0,True,-0.23,features
2026-08-28 09:37:00,5,good 👍,0,18.13.2,True,0.08,positive
2026-08-28 09:35:00,1,kya hr 4 din me update lao re. jb app kholo tb update batata hai.,0,,True,0.12,perf
2026-08-28 09:30:00,5,trust,0,18.14.1,True,0.22,positive
2026-08-28 09:23:00,4,[NAME] [NAME] JO UPDATE HUVA HAI GALAT HUVA HAI CANDLE CHART ME BUY KARTE TIME QUANTITY PLUS KATTE TIME BUY KA BUTTON BAJU ME HI RAKHA GAYA HAI PEHLE NICHE THA BUY KA BUTTON [NAME] THIDA PROBLEM AA RAHA HAI *PLEASE CHANGE*,0,,True,0.05,positive
2026-08-28 09:16:00,5,excellent,0,18.16.0,True,0.17,positive
2026-08-28 09:11:00,5,best,1,18.15.1,True,0.07,positive
2026-08-28 08:57:00,5,good app 😄,0,18.16.0,True,0.12,positive
2026-08-28 08:50:00,5,very nice,0,18.15.1,True,0.05,positive
2026-08-28 08:50:00,5,good,0,,True,0.05,positive
2026-08-28 08:46:00,3,"Very long process to close position partially it should like sahi, lemmon using opposite button in scalper button.",1,18.16.0,True,0.12,unthemed
2026-08-28 08:38:00,5,nice,0,18.15.1,True,0.07,positive
2026-08-28 08:33:00,5,My experience is very very nice with you. thank you very much groww and your supporting members.,0,18.13.2,True,0.15,positive
2026-08-28 08:27:00,5,Overall a good app. [NAME]. One demerits point that Groww broker taking too much charge for stocks. higher than expected.,1,18.15.1,True,0.07,positive
2026-08-28 08:18:00,5,Give me a Chance To Express my views ❤️ online Good Service,0,18.16.0,True,0.13,positive
2026-08-28 08:13:00,5,OK,0,18.16.0,True,0.03,positive
2026-08-28 08:01:00,5,great 👍,0,,True,0.05,positive
2026-08-28 07:55:00,5,The best investment app I have found. Direct mutual funds are available and no fees or other hidden charges are levied. Very satisfied with this app.,12,18.16.0,True,0.15,positive
2026-08-28 07:45:00,5,easy function,0,18.13.2,True,0.13,positive
2026-08-28 07:24:00,5,nice,0,18.16.0,True,0.03,positive
2026-08-28 07:12:00,5,good,1,18.16.0,True,0.05,positive
2026-08-28 07:05:00,5,west aap in buttifull aap,1,18.16.0,True,0.17,positive
2026-08-28 06:53:00,1,"worst app for trading, never use this. I can't close my demat account easily. their team is not respond on time.",0,18.15.0,True,0.18,unthemed
2026-08-28 06:18:00,5,Good App,0,18.16.0,True,0.13,positive
2026-08-28 05:07:00,5,good,0,18.15.1,True,0.13,positive
2026-08-28 01:12:00,5,Good,0,18.9.0,True,0.05,positive
2026-08-28 01:05:00,5,nice,0,18.16.0,True,0.17,positive
2026-08-28 00:36:00,1,I have applied for a demat account opening on 12th August but till date it is not opened. Every time customer care gives a new date for resolution. Not happy with the service.,4,18.15.1,True,0.1,support
2026-08-28 00:00:00,5,best friend,0,18.15.1,True,0.07,positive
2026-08-27 23:31:00,5,Nice app,0,,True,0.18,positive
2026-08-27 23:21:00,1,kabi kabi trade lete tym lack krta h fir loss hota h vese aacha bus thi problem h,0,18.15.1,True,0.08,unthemed
2026-08-27 23:18:00,1,Fraud app. The app has hidden brokerages.,0,,True,0.13,charges
2026-08-27 23:13:00,3,there is a problem i am not getting any message as sms or in upi when I withdraw the money please fix it immediately.,1,18.16.0,True,0.03,money
2026-08-27 23:07:00,1,mobile app me ye kya bawasir wala update hai aug 2026 ka back button click kare to sidha setting change hota hai full screen ka update kyu Diya niche nifty ka chart open karte hai to niche se jaise back karo to sidha option position open ho jati hai mere moto g phone Mai,0,18.16.0,True,0.13,"features,perf"
2026-08-27 22:56:00,5,Using it for Mf...really nice and Easy interface.,1,18.15.1,True,0.13,positive
2026-08-27 22:23:00,5,great,0,18.15.1,True,0.05,positive
2026-08-27 22:17:00,2,why do groww charge so much i invested 1000 and within 20days they charge 246₹,0,18.16.0,True,0.15,charges
2026-08-27 22:09:00,5,best app,0,18.13.2,True,0.1,positive
2026-08-27 22:03:00,4,beginner ✅,0,18.14.0,True,0.2,positive
2026-08-27 22:00:00,5,best,0,18.15.1,True,0.07,positive
2026-08-27 21:58:00,5,thank,0,18.16.0,True,0.1,positive
2026-08-27 21:55:00,5,Good application,0,18.16.0,True,0.15,positive
2026-08-27 21:51:00,5,good 👍,0,18.16.0,True,0.03,positive
2026-08-27 21:48:00,5,is app is very good 💯,0,18.16.0,True,0.08,positive
2026-08-27 21:41:00,5,nice plate form,0,18.16.0,True,0.2,positive
2026-08-27 21:39:00,5,nice one,0,18.15.1,True,0.05,positive
2026-08-27 21:20:00,5,nice,0,18.13.2,True,0.1,positive
2026-08-27 21:20:00,5,good 👍,0,18.16.0,True,0.1,positive
2026-08-27 21:18:00,5,best for beginners 👍,0,18.16.0,True,0.13,positive
2026-08-27 21:16:00,4,it's an excellent and more updated partner,0,18.15.1,True,0.18,positive
2026-08-27 21:07:00,4,good,0,18.3.1,True,0.13,positive
2026-08-27 20:34:00,4,very good app,0,,True,0.13,positive
2026-08-27 20:31:00,5,good,0,18.15.1,True,0.18,positive
2026-08-27 20:08:00,5,👍,0,18.15.1,True,0.12,positive
2026-08-27 20:03:00,5,easy to use,0,18.15.1,True,-4.6,positive
2026-08-27 19:54:00,4,good 👍,0,18.15.1,True,0.17,positive
2026-08-27 19:35:00,5,Excellent,0,18.16.0,True,0.12,positive
2026-08-27 19:14:00,1,need to update better or i should go for dhan app. reason to update because in live market when i leave Mark for Trade and after some time my level mark was not seen . and everytime I close app and open it sometime don't show candle properly. very bad,0,,True,0.2,perf
2026-08-27 18:48:00,5,good,0,18.15.1,True,0.08,positive
2026-08-27 18:43:00,5,very nice platform,1,18.16.0,True,0.17,positive
2026-08-27 18:28:00,1,Not closing my account.,1,,True,0.05,unthemed
2026-08-27 18:20:00,3,sometime stops working on crucial moments,0,18.16.0,True,0.1,unthemed
2026-08-27 18:17:00,5,very good👍😇 day☀ I use,0,18.15.1,True,0.15,positive
2026-08-27 18:14:00,5,good,0,18.15.1,True,0.2,positive
2026-08-27 18:09:00,5,श्रेष्ठ,0,18.16.0,True,0.1,positive
2026-08-27 18:09:00,5,Good 👍,0,18.16.0,True,0.1,positive
2026-08-27 18:01:00,5,Very good👍,0,,True,0.05,positive
2026-08-27 17:58:00,1,Customer support is too worst...no one will answer your calls they will make us wait for more than 10mins In Chat support no one will respond Just because of app is good do not download and use I am leaving it for worst customer service,1,18.15.1,True,0.1,support
2026-08-27 17:47:00,1,this gu app is charging extra money in the name of groww charges on buying or selling of stocks and the worst thing is that.. they Even don't follow SEBI rules and hold money for extra time and can be withdrawal able after 10am of next to next days if there is a holiday they gonna hold money for more time extremely worst app doesn't follow SEBI NORMS,12,18.16.0,True,-16126.57,"money,charges"
2026-08-27 17:44:00,5,good trading app,0,18.16.0,True,0.15,positive
2026-08-27 17:38:00,5,good,0,18.15.1,True,0.07,positive
2026-08-27 17:37:00,5,Fabulous 😍,0,18.16.0,True,0.08,positive
2026-08-27 17:24:00,5,super app best experience,0,18.15.1,True,0.03,positive
2026-08-27 17:07:00,4,good,0,18.14.1,True,0.13,positive
2026-08-27 17:01:00,5,Good for long term,0,18.15.1,True,0.05,positive
2026-08-27 16:49:00,1,"I am writing to register a formal complaint regarding severe deficiencies in your service, specifically concerning the failure to process my legitimate account withdrawal balance and the complete lack of accountability demonstrated by your customer support team. very very very bad service always daely very bad working application my profits balance blocked 3 days why ,??",0,18.16.0,True,0.07,"support,money"
2026-08-27 16:45:00,5,excellent and satisfied after use this app,0,,True,0.13,positive
2026-08-27 16:09:00,4,good,0,18.14.2,True,0.1,positive
2026-08-27 16:08:00,5,thanks grow,0,18.15.1,True,0.12,positive
2026-08-27 16:06:00,1,"worst experience in my life i request all of donnt install experience with Groww regarding IPO applications. Even after successfully approving the UPI mandate, the IPO application/status was not updated properly or on time. The customer care support was also disappointing, with no clear or satisfactory response. IPO applications are time-sensitive, so timely updates and proper customer support are extremely important. Groww seriously needs to improve its customer service and IPO-related support.",0,,True,0.15,"support,features"
2026-08-27 16:00:00,5,very good,0,18.15.1,True,0.07,positive
2026-08-27 15:45:00,5,This App Is Very Good For Beginners in invest stocks Mutual funds Snd Financial tool And Gain Some Knowledge,0,18.15.1,True,-0.05,positive
2026-08-27 15:34:00,1,3rd class service,0,17.16,True,-10577.87,unthemed
2026-08-27 15:34:00,1,CANNOT PUT SL AND TP ON CHARTS.,0,18.13.2,True,0.13,features
2026-08-27 15:30:00,5,"I’m really impressed with the Groww app. It’s simple, clean, and easy to use, even for someone with little knowledge of investing. The information is presented clearly, making it easier for beginners to understand different investment options without feeling overwhelmed. Overall, Groww offers a smooth and beginner-friendly experience. A great choice for anyone looking for a simple way to start investing.",6,18.15.1,True,0.22,positive
2026-08-27 15:25:00,5,best investment app..,0,18.15.1,True,0.1,positive
2026-08-27 15:24:00,5,"good👍 experience and knowledge, how to save our extra money 💰",0,18.15.1,True,0.03,positive
2026-08-27 15:23:00,1,"the worst app to exist ,auto exit does not work for intraday many times ,they keep the position till 3 30 and still charge for closing that position ...scammers",5,18.16.0,True,0.05,charges
2026-08-27 15:21:00,5,good,1,18.15.1,True,0.08,positive
2026-08-27 15:17:00,5,very good,0,18.16.0,True,0.17,positive
2026-08-27 15:10:00,5,good,0,18.8.1,True,0.08,positive
2026-08-27 15:08:00,5,Satisfied,0,18.15.1,True,0.12,positive
2026-08-27 14:56:00,5,Good,0,18.10.1,True,0.13,positive
2026-08-27 14:54:00,1,"not working properly,",0,,True,0.17,unthemed
2026-08-27 14:51:00,1,bad experience in groww lag chart price not correct in excute order,0,,True,0.03,"features,perf"
2026-08-27 14:49:00,5,trust,0,18.15.1,True,0.07,positive
2026-08-27 14:46:00,5,good,0,18.16.0,True,0.12,positive
2026-08-27 14:46:00,1,app open ker ke chat dekhne ke liye kafi time wghit karna perta hai enki service poor hai,0,18.15.1,True,0.13,unthemed
2026-08-27 14:43:00,5,good service 👍,0,18.16.0,True,0.18,positive
2026-08-27 14:38:00,5,Good 👍,0,18.16.0,True,0.07,positive
2026-08-27 14:36:00,4,best app of trading and stock,0,18.15.1,True,0.1,positive
2026-08-27 14:36:00,5,good,0,18.14.2,True,0.1,positive
2026-08-27 14:34:00,5,good,0,18.15.1,True,0.15,positive
2026-08-27 14:29:00,5,Best For Beginners And Easy Interface. Great I've Been Using 5 years.,1,18.12.1,True,0.03,positive
2026-08-27 14:22:00,5,thank you for your information and saport,0,18.10.1,True,0.07,positive
2026-08-27 14:20:00,5,3 years and still the best app in the market..easy navigation and simple ui. Hopefully we get US stocks soon.,3,18.16.0,True,0.1,positive
2026-08-27 14:15:00,5,nice oparativ,0,18.15.1,True,0.18,positive
2026-08-27 13:54:00,5,ok god,0,18.15.1,True,0.17,positive
2026-08-27 13:44:00,2,brokerage jada ho Gaya F&O me,1,18.15.1,True,0.15,"features,charges"
2026-08-27 13:40:00,5,"great app , easy to use",0,18.15.1,True,0.03,positive
2026-08-27 13:21:00,5,good for trading,0,18.15.1,True,0.08,positive
2026-08-27 13:08:00,5,Fantastic work 👍👏,0,18.14.2,True,0.12,positive
2026-08-27 12:59:00,5,very good,1,18.16.0,True,0.08,positive
2026-08-27 12:52:00,5,😊,0,18.16.0,True,0.2,positive
2026-08-27 12:49:00,5,very easy to use,0,18.13.2,True,0.07,positive
2026-08-27 12:44:00,5,best,0,18.15.1,True,0.15,positive
2026-08-27 12:34:00,1,baler app,0,18.16.0,True,0.13,unthemed
2026-08-27 12:34:00,5,Best platform,0,18.15.0,True,0.13,positive
2026-08-27 12:33:00,5,very good,0,18.15.1,True,0.15,positive
2026-08-27 12:33:00,5,good,0,18.16.0,True,0.17,positive
2026-08-27 12:32:00,5,good 💯,0,18.15.1,True,0.18,positive
2026-08-27 12:28:00,5,very nice app,0,18.13.2,True,0.05,positive
2026-08-27 12:26:00,5,excellent,0,18.15.1,True,0.08,positive
2026-08-27 12:22:00,5,good,0,18.8.1,True,0.07,positive
2026-08-27 12:21:00,5,good,0,18.15.1,True,0.08,positive
2026-08-27 12:15:00,4,upgraded version is good working,0,18.16.0,True,0.18,positive
2026-08-27 12:14:00,5,very good,0,18.15.1,True,0.22,positive
2026-08-27 12:00:00,4,Real time Data must be shown on the Application.,0,18.15.1,True,0.07,positive
2026-08-27 11:59:00,1,"Very disappointing experience with Groww. The charges are too high compared to other investment apps, especially when selling stocks. The deductions are not always easy to understand, and the overall charges feel excessive for small investors. I expected better transparency and lower charges. Please improve the pricing and make the charges more reasonable.",7,18.16.0,True,0.08,charges
2026-08-27 11:57:00,5,super,0,18.15.1,True,0.13,positive
2026-08-27 11:55:00,5,good,0,18.16.0,True,0.17,positive
2026-08-27 11:49:00,5,Nice,0,18.15.1,True,0.07,positive
2026-08-27 11:49:00,5,"Re: best UX Love the app. Best for beginners rather than Zerodha, Upstox. Main reason being no maintenance charges and better UI. But there's an issue for people who have been in the market for a long time. 1) No way for in depth research. For eg. Indicators don't work properly in the app. Need better UI for research in it.",90,18.15.1,True,0.07,positive
2026-08-27 11:47:00,5,good,0,18.15.1,True,0.1,positive
2026-08-27 11:47:00,5,ok,0,18.15.1,True,0.12,positive
2026-08-27 11:45:00,5,Excellent 👌,0,18.15.1,True,0.15,positive
2026-08-27 11:40:00,5,nice,0,18.16.0,True,0.03,positive
2026-08-27 11:20:00,5,great,0,18.14.2,True,0.1,positive
2026-08-27 11:20:00,5,Good,0,18.15.1,True,0.1,positive
2026-08-27 11:19:00,5,good app,0,18.16.0,True,0.12,positive
2026-08-27 11:18:00,5,this platform so easy good,0,18.16.0,True,0.15,positive
2026-08-27 11:13:00,5,good,0,18.15.1,True,0.03,positive
2026-08-27 11:08:00,5,good,0,18.15.1,True,0.12,positive
2026-08-27 11:06:00,5,good,0,18.15.1,True,0.17,positive
2026-08-27 11:05:00,1,i will never use this apk for investing again bcz this apk has very High dp charges and other charges if you are a small investor then this apk is not good for you.,0,18.15.1,True,0.18,charges
2026-08-27 11:01:00,3,show of IPO GMP IPO closing list minimum 100 piece show upcoming IPO list not a mandatory,0,17.95.2,True,0.05,features
2026-08-27 10:59:00,1,"for contact customer care waited more than 15min. then also not connected and tried 3 times. still not connected, oder delivered at 9:15 am with more than targetted price",2,18.15.1,True,0.08,support
2026-08-27 10:53:00,5,Very reliable and easy to trade excellent platform,1,18.15.1,True,0.18,positive
2026-08-27 10:52:00,1,excellent,0,18.15.1,True,0.22,unthemed
2026-08-27 10:51:00,5,good for all trading,0,18.15.1,True,0.03,positive
2026-08-27 10:48:00,5,please help,0,18.16.0,True,0.08,positive
2026-08-27 10:44:00,1,Best app for trading and investing...what I like the most is Quick option chain....what i hate the most is no VTT order like 5 paisa...and brokerage is also less in 5paisa..10rs per order... ugliest thing about groww is suppose if want to place the order at 400 which is 380 current price ...the order will trigger at 380...unlike 5paisa...i can place order at 400 even if the current price is 380...and will be triggered when it reaches 400....hope you people understand and update on this,56,18.16.0,True,0.15,"perf,charges"
2026-08-27 10:37:00,1,"Pathetic Customer Support ​Absolutely frustrating customer service experience. The IVR initially stated a 5-minute wait time, but I was kept on hold for over 20 minutes with zero progress and repetitive, unhelpful automated responses. For a financial investment platform where timely resolution is critical, this level of support is unacceptable. Extremely disappointed with Groww's service.",2,18.15.1,True,0.08,support
2026-08-27 10:33:00,5,excellent,1,18.14.2,True,0.15,positive
2026-08-27 10:31:00,5,Nice,1,18.16.0,True,0.18,positive
2026-08-27 10:29:00,5,tremendous,0,18.16.0,True,0.03,positive
2026-08-27 10:26:00,5,nice,0,18.14.1,True,0.08,positive
2026-08-27 10:14:00,5,👍 good,0,18.15.1,True,0.2,positive
2026-08-27 10:13:00,5,👍👍,0,18.15.1,True,0.03,positive
2026-08-27 10:11:00,4,good 👍👍,0,18.15.1,True,0.07,positive
2026-08-27 10:10:00,4,good,0,18.15.1,True,0.1,positive
2026-08-27 10:08:00,4,nice app,0,18.16.0,True,0.13,positive
2026-08-27 10:05:00,5,good app for trading,0,18.15.1,True,0.18,positive
2026-08-27 10:04:00,4,when I fill ipo it doesn't get fast approval on gpay,0,18.15.1,True,0.2,positive
2026-08-27 10:01:00,5,very good,0,18.15.1,True,0.05,positive
2026-08-27 10:00:00,1,there is no option to save chart in groww web ....please solve this problem .....otherwise I'll open an account on another app...,1,18.15.1,True,0.07,features
2026-08-27 10:00:00,2,Not able to install this app in my device other apps are installing perfectly,0,17.7,True,0.07,unthemed
2026-08-27 09:57:00,1,शेयर बेचने के 30 मिनट बाद पैसा आता है तब तक जो प्राइस पर ट्रेड लेना है वो छूट जाता है charges बहुत ज्यादा है मैने 10 लाख के शेयर खरीदे और वो बैलेंस नेगेटिव दिखा रहा अब उसके भी चार्ज मुझसे लिए जा रहे। भाई जब मेरे अकाउंट में पैसे है तो उसके खरीदे है मैने माइनस बैलेंस kyu दिखा रहे।,0,,True,0.13,charges
2026-08-27 09:56:00,5,structure to understand very easy for beginners too compare to other,1,18.15.1,True,0.15,positive
2026-08-27 09:55:00,1,poor,1,18.15.1,True,0.18,unthemed
2026-08-27 09:54:00,5,good,1,18.15.1,True,0.2,positive
2026-08-27 09:54:00,5,excellent 👍,1,18.15.1,True,0.2,positive
2026-08-27 09:53:00,5,Good for l,0,18.14.2,True,0.23,positive
2026-08-27 09:51:00,5,good 👍,0,18.15.1,True,0.03,positive
2026-08-27 09:48:00,4,good,0,18.15.1,True,0.08,positive
2026-08-27 09:47:00,5,v good,0,18.15.1,True,0.1,positive
2026-08-27 09:47:00,5,"all good , amazing",0,18.12.1,True,0.12,positive
2026-08-27 09:32:00,5,The user interface of the Groww app is very user-friendly. The interface is also very smooth and minimalistic. I like it a lot.,4,18.16.0,True,0.17,positive
2026-08-27 09:32:00,1,wrost app. i want to open demat but it the application automatic stopped and exit,0,18.15.1,True,0.17,unthemed
2026-08-27 09:31:00,5,super app,1,18.16.0,True,0.18,positive
2026-08-27 09:24:00,5,good,0,18.15.1,True,0.03,positive
2026-08-27 09:17:00,1,Today's activity ₹653.37 Stocks — ₹861.18 Delivery sell — +₹861.18 Blocked for charges — -₹207.81 Brokerage — -₹35.00 External charges & taxes — -₹172.81 This is an estimated value of charges for today's trading. Final charges will be deducted at day-end. Check the contract note for exact details. brokage charge hevy suggest another app groww app not god,2,18.15.1,True,0.15,"money,charges"
2026-08-27 09:17:00,5,Good સર્વિસ,0,18.15.1,True,0.15,positive
2026-08-27 09:14:00,4,good👍,0,18.14.2,True,0.22,positive
2026-08-27 09:13:00,4,good,0,18.16.0,True,0.03,positive
2026-08-27 09:12:00,4,Using Since 2021,0,18.15.0,True,0.05,positive
2026-08-27 09:12:00,1,good,0,18.16.0,True,0.05,unthemed
2026-08-27 09:11:00,5,good,0,18.15.1,True,0.08,positive
2026-08-27 09:10:00,5,good,0,18.15.1,True,0.1,positive
2026-08-27 09:09:00,5,nice,0,18.13.2,True,0.12,positive
2026-08-27 09:02:00,5,best app stock market 👍,0,18.15.1,True,0.03,positive
2026-08-27 09:01:00,5,App is good...please update market holidays on dashboard a day before...,3,18.16.0,True,0.05,positive
2026-08-27 08:50:00,5,best brokerage services,1,18.15.1,True,0.05,positive
2026-08-27 08:49:00,5,slow hai,1,18.16.0,True,-16363.72,positive
2026-08-27 08:43:00,5,good application 💯,0,18.15.1,True,0.17,positive
2026-08-27 08:37:00,5,ok,0,18.15.1,True,0.08,positive
2026-08-27 08:36:00,5,very useful,0,18.13.2,True,0.1,positive
2026-08-27 08:29:00,5,good,0,18.15.1,True,0.03,positive
2026-08-27 08:12:00,4,good,0,18.15.1,True,0.05,positive
2026-08-27 08:10:00,4,"best user friendly app for sure but now a days I am facing this issue of screen getting lagged means when I open the app ,the app gets opened i can see the dashboard and all but when I try to click it doesn't respond to any clicks ,by default it will be opened at stocks dashboard then when I try to click anything nothing works i can't move to another stocks.Its just the stocks page and over but the movements of Nifty at top I can see them ,it's not static .Touch it doesn't work.",5,18.15.1,True,0.08,positive
2026-08-27 08:10:00,5,nice,0,18.13.2,True,0.08,positive
2026-08-27 07:44:00,5,excellent,0,,True,0.15,positive
2026-08-27 07:07:00,5,very helpful,1,18.15.1,True,0.13,positive
2026-08-27 07:04:00,5,very easy to use for bigner....!!nice aap,1,18.15.1,True,0.18,positive
2026-08-27 06:55:00,5,super 😍,0,18.14.2,True,0.15,positive
2026-08-27 06:32:00,1,order process,1,18.15.1,True,0.17,unthemed
2026-08-27 06:07:00,5,Good,0,18.16.0,True,0.13,positive
2026-08-27 05:49:00,5,nice,1,18.15.1,True,0.07,positive
2026-08-27 03:54:00,5,good,0,18.14.2,True,0.17,positive
2026-08-27 00:42:00,1,why AI feature GR-1 ruled out not able to see the option now. Not sur about the charges also,1,18.16.0,True,0.18,charges
2026-08-27 00:29:00,5,good,1,18.15.1,True,0.03,positive
2026-08-27 00:25:00,5,good,0,18.14.1,True,0.1,positive
2026-08-27 00:20:00,5,good,0,18.15.1,True,0.1,positive
2026-08-26 23:58:00,5,Good app 😀👍,0,18.15.1,True,0.1,positive
2026-08-26 23:39:00,5,good,0,18.15.1,True,0.05,positive
2026-08-26 23:33:00,5,good,0,18.15.1,True,0.15,positive
2026-08-26 23:07:00,3,best interface,0,18.15.1,True,0.13,unthemed
2026-08-26 23:00:00,5,mast,0,18.15.1,True,0.07,positive
2026-08-26 22:56:00,5,excellent,0,18.15.1,True,0.13,positive
2026-08-26 22:48:00,4,super ..,0,,True,0.08,positive
2026-08-26 22:19:00,4,v.g,0,18.15.1,True,0.12,positive
2026-08-26 22:17:00,5,very good response,1,18.15.1,True,0.15,positive
2026-08-26 22:14:00,5,satisfactory,0,18.15.1,True,0.2,positive
2026-08-26 22:14:00,5,100% trough flatform 🫂🫡,0,18.14.2,True,0.22,positive
2026-08-26 22:00:00,2,chart 📈 open very slow 😔😔😔😔😔 my holding shirt other broker,0,,True,0.07,"features,perf"
2026-08-26 21:58:00,5,Super Groww,0,18.15.1,True,0.1,positive
2026-08-26 21:57:00,1,bakwas aap hai koyi acha dhnka ipo lagta hi nhi hai koyi kaam ka nhi hai ipo ke mamle m,0,18.15.1,True,0.12,features
2026-08-26 21:55:00,5,"please offer and update the Groww app & Groww Credit Personal loan offer enabled,this is my urgent request for you.every time and every month I have to pay before EMI and due payment. please update and do the needful urgently. Regards",0,18.15.1,True,0.17,positive
2026-08-26 21:49:00,5,nic to use,0,18.15.1,True,0.07,positive
2026-08-26 21:44:00,5,need to add one column volume in Greek group,0,18.15.1,True,0.15,positive
2026-08-26 21:38:00,4,good,0,18.14.1,True,0.07,positive
2026-08-26 21:36:00,4,best invest app...,0,18.15.1,True,0.1,positive
2026-08-26 21:24:00,5,very good app fore trading start now,0,18.15.1,True,0.03,positive
2026-08-26 21:10:00,5,good aap👍,0,18.15.1,True,0.08,positive
2026-08-26 20:55:00,5,this app is best,0,18.15.1,True,0.15,positive
2026-08-26 20:41:00,5,best,0,18.15.1,True,0.2,positive
2026-08-26 20:23:00,1,after update app become worst if u trying to back press automatic scalp option touch and trying to open trading view chart and open groww chart and there's no features like trading view chart,0,18.16.0,True,0.05,"features,perf"
2026-08-26 20:21:00,5,good app,0,18.15.1,True,0.08,positive
2026-08-26 20:05:00,1,new update sucks. the navigation buttons are auto hiding while Opening the charts in mobile creating a lot of irritation.,2,18.16.0,True,0.17,"features,perf"
2026-08-26 19:54:00,5,good,0,18.15.1,True,0.17,positive
2026-08-26 19:54:00,5,one of the best app,0,18.6.1,True,0.17,positive
2026-08-26 19:44:00,5,good,0,18.15.1,True,0.15,positive
2026-08-26 19:32:00,5,amazing,0,18.15.1,True,0.17,positive
2026-08-26 19:25:00,5,very nice 👍,0,18.15.1,True,0.1,positive
2026-08-26 19:23:00,5,best app,0,18.16.0,True,0.05,positive
2026-08-26 19:10:00,1,Day by Day getting worst.Application is cheating users in Entry and exit point.Exit will be performed before your SL point(Great fraud).please dont use their application. Always delayed in Trade Exit . Leads for potential loss.Even their stop loss exits in incorrect value. They have tactics. The worst thing is zero customer support .They will not pick your calls after long long wait time,2,18.15.1,True,-0.1,"support,features"
2026-08-26 19:09:00,3,please tax kam karo baki badiya he,1,18.15.1,True,-484.08,charges
2026-08-26 18:57:00,5,best,0,18.15.1,True,0.12,positive
2026-08-26 18:50:00,1,customer service thik nahi hai other app use karo all traders,0,18.15.1,True,0.05,unthemed
2026-08-26 18:47:00,5,BEST FOR THE TRADERS,0,18.15.0,True,0.1,positive
2026-08-26 18:47:00,4,Good application,0,18.15.1,True,0.1,positive
2026-08-26 18:32:00,5,Nice app,0,18.13.2,True,0.17,positive
2026-08-26 18:30:00,5,very good app,0,18.15.1,True,0.2,positive
2026-08-26 18:27:00,3,IN TABLET WHY THE APP DOESNT TURN IN HORIZONTAL DIRECTION.. PLEASE RESOLVE THIS.,0,18.16.0,True,0.07,unthemed
2026-08-26 17:38:00,5,great,0,18.15.1,True,0.07,positive
2026-08-26 17:36:00,5,buth achcha hai,0,18.14.1,True,0.1,positive
2026-08-26 17:26:00,5,super sir wonderful sir,0,18.15.1,True,0.08,positive
2026-08-26 17:12:00,5,extreme good to yous,0,18.15.1,True,0.05,positive
2026-08-26 17:06:00,5,ok,0,18.15.1,True,0.15,positive
2026-08-26 16:53:00,5,good,1,18.15.1,True,0.18,positive
2026-08-26 16:47:00,4,please add a shortcut for UPI scanner,1,18.16.0,True,0.1,positive
2026-08-26 16:43:00,5,good,0,18.15.1,True,0.17,positive
2026-08-26 16:37:00,2,Allow us to pause SIPs indefinitely. Currently you can skip 1 installment or cancel completely but I just want to pause for a few months.,4,18.16.0,True,-7850.73,unthemed
2026-08-26 16:34:00,5,good Job 👍👏🙏,0,18.14.2,True,0.13,positive
2026-08-26 16:33:00,5,Better future plan,1,18.15.1,True,0.15,positive
2026-08-26 16:33:00,5,good 💯,0,18.15.1,True,0.15,positive
2026-08-26 16:32:00,1,investment charges bay 1 share charg 5rupess cell 1 share charges 24.73 rupees totally loss money I requested all user please uninstall the app,0,,True,0.18,charges
2026-08-26 16:31:00,5,groww is very simple for sip and sheyar market,1,18.16.0,True,0.2,positive
2026-08-26 16:15:00,1,charges very High,0,18.15.1,True,0.27,charges
2026-08-26 16:13:00,1,it didn't work for me instant money withdrawal doesn't work properly i would prefer the other app.,0,18.15.1,True,0.03,money
2026-08-26 15:57:00,5,CLEAN AND USER FRIENDLY INTERFACE,0,18.15.1,True,0.12,positive
2026-08-26 15:49:00,5,good,0,18.14.2,True,0.07,positive
2026-08-26 15:45:00,5,wow,0,18.13.2,True,0.13,positive
2026-08-26 15:45:00,5,good job,1,18.15.1,True,0.13,positive
2026-08-26 15:29:00,5,it's working,1,18.14.1,True,0.03,positive
2026-08-26 15:22:00,5,best,1,18.15.1,True,0.07,positive
2026-08-26 15:16:00,5,Best app,1,18.16.0,True,0.17,positive
2026-08-26 15:11:00,5,good,1,18.13.2,True,0.07,positive
2026-08-26 15:06:00,5,good,1,18.15.1,True,0.15,positive
2026-08-26 14:50:00,5,life turns Best app,1,18.15.1,True,0.05,positive
2026-08-26 14:50:00,5,good,0,18.15.1,True,0.05,positive
2026-08-26 14:49:00,5,good,1,18.16.0,True,0.07,positive
2026-08-26 14:46:00,5,good,1,18.15.1,True,0.13,positive
2026-08-26 14:33:00,5,good,0,18.14.2,True,0.15,positive
2026-08-26 14:22:00,5,good,0,18.15.1,True,0.07,positive
2026-08-26 14:14:00,5,good,0,18.15.1,True,0.2,positive
2026-08-26 14:13:00,1,do not want to invest in regular plans of mutual funds,1,,True,0.03,unthemed
2026-08-26 14:08:00,5,good 👍,0,18.15.1,True,0.12,positive
2026-08-26 13:48:00,1,worst customer care service.... makes you wait so long that you cut the call yourself,0,,True,0.08,support
2026-08-26 13:26:00,1,not able to refresh external funds. tried multiple times,1,18.15.1,True,0.08,unthemed
2026-08-26 13:24:00,5,very nice and beautiful,0,18.15.1,True,0.03,positive
2026-08-26 13:14:00,5,excellent and orders,0,18.15.1,True,0.2,positive
2026-08-26 13:11:00,5,I have deposited right know I'm watching daily morning grow app,0,18.15.1,True,0.07,positive
2026-08-26 13:08:00,3,app features r good but font size is small to see numbers..not useful for trading.MF r Good but once SIP payment is delayed by evening immediately they charged my bank charged NACH bounce charges of 350 . previously thr was no such charges.y shud i pay extra to Bank for such service.so i immediately closed my demat account. customer service as usual not available in phone or social. longterm it's headache to maintain this app. though good MF recommendation but app service is pathetic,0,18.2.1,True,-152.88,"money,charges"
2026-08-26 13:08:00,5,best aap,1,18.16.0,True,0.12,positive
2026-08-26 12:52:00,5,❤️,1,18.15.1,True,0.2,positive
2026-08-26 12:40:00,5,Abe jae frofit karini kale kahibi,0,18.15.1,True,0.03,positive
2026-08-26 12:39:00,5,very good and easy to use,0,18.15.1,True,0.05,positive
2026-08-26 12:38:00,3,you guys while adding new features you take out other features. there used to be back button below while viewing chart but now there is buy button.. atleast have the back button for the convenience .. though no doubt the app is good,5,18.16.0,True,0.08,features
2026-08-26 12:33:00,5,nice,0,18.15.1,True,0.17,positive
2026-08-26 12:32:00,5,good,0,18.15.1,True,0.18,positive
2026-08-26 12:29:00,5,good app sadi simpal,1,18.15.1,True,0.03,positive
2026-08-26 12:13:00,5,good,0,18.15.1,True,0.03,positive
2026-08-26 12:12:00,5,Very Good experience,0,18.15.1,True,0.05,positive
2026-08-26 12:09:00,2,service is okay but high brokrage on fno,0,18.15.1,True,0.1,unthemed
2026-08-26 12:04:00,5,very safe and useful app,0,18.15.1,True,0.2,positive
2026-08-26 12:00:00,1,very bad app for trading..the price on screen gets reflected after so mamy second on graph.. many times it doesn't reflect even after refreshing.,1,18.15.1,True,0.07,unthemed
2026-08-26 11:59:00,5,One of the best trading app for trading.,0,18.15.1,True,0.08,positive
2026-08-26 11:42:00,1,"Already mail at team groww but still not showing charts in my holding, please fix this asap",8,18.15.1,True,-47.0,features
2026-08-26 11:32:00,5,Excellent 👌,0,18.15.1,True,0.17,positive
2026-08-26 11:31:00,5,good 👍😊,0,18.15.1,True,0.18,positive
2026-08-26 11:27:00,2,good 👍,0,18.15.1,True,0.07,unthemed
2026-08-26 11:19:00,5,supeeeeéeer 💥💯💯💯,0,18.15.1,True,0.12,positive
2026-08-26 11:15:00,5,amezing,0,18.15.1,True,0.18,positive
2026-08-26 11:13:00,5,nice,0,18.15.1,True,0.03,positive
2026-08-26 11:06:00,2,On scalping mode index chart does not work.,2,18.15.1,True,0.15,features
2026-08-26 11:02:00,5,nice,0,18.15.1,True,0.03,positive
2026-08-26 10:59:00,5,👍,0,18.14.2,True,0.08,positive
2026-08-26 10:58:00,1,It's taking too much to settle an account. Yesterday my trade is over and now I am unable to trade because my account is not settled. Very slow services. it's losses Grow also. I am thinking of changing the broker. There are so many brokers who given immediate trade. Thank you,4,18.15.1,True,0.1,perf
2026-08-26 10:54:00,5,good,0,18.13.2,True,0.18,positive
2026-08-26 10:53:00,5,omg,0,,True,0.2,positive
2026-08-26 10:50:00,5,good,0,18.15.1,True,0.05,positive
2026-08-26 10:50:00,1,worst- for their charges.,0,,True,0.05,charges
2026-08-26 10:47:00,4,good,0,18.14.2,True,0.1,positive
2026-08-26 10:43:00,5,"It is a very good app; it is very easy to use and provides detailed, in-depth information.",2,18.15.1,True,0.18,positive
2026-08-26 10:41:00,5,very good,0,18.14.1,True,0.22,positive
2026-08-26 10:41:00,5,platform is very nice,0,18.15.1,True,0.22,positive
2026-08-26 10:39:00,3,good,1,18.15.1,True,0.05,unthemed
2026-08-26 10:30:00,1,"regular days daily they blocked cash amount from grow it s worst experience ,why ,what was reason behind groww and also not withdrawal full amount they blocked money after T+1 one day settlement no one withdrawal full amount no response from customer care service.",10,18.15.1,True,-8255.42,"support,money"
2026-08-26 10:29:00,5,very good,0,18.15.1,True,0.03,positive
2026-08-26 10:27:00,5,nice 👍,1,18.16.0,True,0.07,positive
2026-08-26 10:24:00,5,this app is very good 😊,1,18.15.1,True,0.03,positive
2026-08-26 10:21:00,5,good 😊,1,,True,0.08,positive
2026-08-26 10:14:00,5,thins grow app,0,18.15.1,True,0.2,positive
2026-08-26 10:13:00,5,Nice,1,18.16.0,True,0.03,positive
2026-08-26 10:09:00,5,"user friendly app, nice",1,18.15.1,True,0.1,positive
2026-08-26 10:07:00,5,good,0,18.15.1,True,0.15,positive
2026-08-26 10:03:00,4,best of the stok market pletform,1,18.15.1,True,0.22,positive
2026-08-26 09:59:00,3,Data is not getting updated for Mutual Funds even after giving multiple authentication.,2,18.15.1,True,0.08,unthemed
2026-08-26 09:59:00,5,Nice,0,18.15.1,True,0.08,positive
2026-08-26 09:56:00,4,some basic features are missing like target p and l for basket order and also show complete information about the basket including charges and brokerage while making position,3,18.15.1,True,0.13,positive
2026-08-26 09:54:00,5,very good and very nice groww app,1,18.15.1,True,0.18,positive
2026-08-26 09:54:00,5,good 👍,0,18.15.1,True,0.18,positive
2026-08-26 09:51:00,5,Best,0,18.15.1,True,0.03,positive
2026-08-26 09:49:00,5,best for beginners,1,18.15.1,True,0.07,positive
2026-08-26 09:48:00,3,SL me support kar sakte hai,1,18.14.2,True,0.08,support
2026-08-26 09:45:00,5,good,1,18.15.1,True,0.15,positive
2026-08-26 09:42:00,1,my app is not working 😭😭 not open,0,,True,0.2,unthemed
2026-08-26 09:37:00,5,good,1,18.15.1,True,0.08,positive
2026-08-26 09:36:00,5,very good [NAME] trusted platform very very friendly. I am using it [NAME] very very satisfied. not any glitches very fast delivery,1,18.15.1,True,0.1,positive
2026-08-26 09:35:00,1,customer support not work properly ..not solve problem,0,18.15.1,True,0.12,support
2026-08-26 09:33:00,4,"it's good, as I'm new to this broker I can invest easily but still a little inconvenience while trying to make Intraday orders",1,18.15.1,True,0.17,positive
2026-08-26 09:28:00,5,good,0,18.15.1,True,0.05,positive
2026-08-26 09:26:00,2,good,0,18.15.1,True,0.08,unthemed
2026-08-26 09:24:00,5,good service 💯 carry on and groww more.,0,18.14.2,True,0.03,positive
2026-08-26 09:24:00,5,Good 😊,1,18.15.0,True,0.03,positive
2026-08-26 09:14:00,5,good,1,18.15.1,True,0.2,positive
2026-08-26 09:06:00,4,good,0,18.15.1,True,0.15,positive
2026-08-26 09:04:00,5,super 💯,1,18.16.0,True,0.18,positive
2026-08-26 08:53:00,5,best,0,18.13.2,True,0.18,positive
2026-08-26 08:44:00,5,"Smooth intraday trading experience. Fast, simple & reliable! 📈",1,18.16.0,True,0.15,positive
2026-08-26 08:34:00,5,good,0,18.14.2,True,0.13,positive
2026-08-26 08:33:00,4,ok,1,18.15.1,True,0.15,positive
2026-08-26 08:22:00,5,good,1,18.15.1,True,0.07,positive
2026-08-26 08:22:00,5,super experience,0,18.15.1,True,0.07,positive
2026-08-26 08:06:00,5,nice,0,18.15.1,True,0.15,positive
2026-08-26 07:53:00,5,Nice 👍,1,18.15.1,True,0.18,positive
2026-08-26 07:49:00,5,good,0,18.14.2,True,0.07,positive
2026-08-26 07:36:00,5,supar,0,18.15.1,True,0.1,positive
2026-08-26 07:32:00,5,good,0,18.14.2,True,0.17,positive
2026-08-26 07:07:00,5,good,0,18.12.1,True,0.13,positive
2026-08-26 07:05:00,4,"Fast execution smooth interface and charts brokerage same as industry standard mutual funds all one place good for scalper no lag even on pc Free amc customer service a bit slow.and miss the on chart trading, and little indepth analysis of stocks recommendation for swings based on internal data. Been with them last one year , Go for it guys.",2,,True,0.17,positive
2026-08-26 05:52:00,5,easy to use and faster,0,18.15.1,True,0.2,positive
2026-08-26 05:24:00,5,very supportive,0,18.15.1,True,0.03,positive
2026-08-26 05:15:00,1,bekar broker hai kabhi bhi ipo allot nhi hota,0,18.15.0,True,0.18,features
2026-08-26 03:43:00,1,444f4444 E3 h na ho paise khate hai 4 Mt to ka laga hi to laga deable h hi hai aap kaise khate hai hai aap t vvt ka 42f de do you have a Jana tohi hai aap t na 44f hai [NAME] h hii hii hii f o f de do aap froad u hi I will be gane gane gane khel f de dena f dena f ok I will send de dena bataiye please Hindi kka ki hi a k5a h hi to ki 444gadi hai 444fhai k o a ki 4hnhi 4h4ai i k2f hai hi a Aisahi k gr e na ho paise Garib aadamik ka Kisihi I ka Hai tumhara ka am hi nahi h na to de dena f de dena,0,,True,0.17,unthemed
2026-08-26 03:33:00,5,very good app,1,18.15.1,True,0.15,positive
2026-08-26 01:44:00,5,superb,0,18.13.2,True,0.15,positive
2026-08-26 01:36:00,5,good,0,18.14.2,True,0.1,positive
2026-08-26 01:27:00,5,good 👍,0,18.6.1,True,0.07,positive
2026-08-26 00:43:00,4,overall experience is not bad it is satisfactory but your trading charges and tariffs are very high as compared to other apps in market if grow want to stay in long run then bring down charges.. otherwise users will be switch for some cheaper option,5,18.15.1,True,0.17,positive
2026-08-26 00:32:00,5,good experience,0,18.14.1,True,0.17,positive
2026-08-26 00:05:00,4,"Hi Team, Could you confirm if you have visibility into our stop-loss and target orders, and whether this data is ever shared with third parties?",5,18.15.1,True,0.17,positive
2026-08-25 23:54:00,5,awesome 👍,0,18.15.1,True,0.17,positive
2026-08-25 23:49:00,5,good sarvice,0,18.15.1,True,0.07,positive
2026-08-25 23:48:00,5,future planing finances planing,0,18.13.2,True,0.08,positive
2026-08-25 23:48:00,4,Recommendation- option to sort sip by amount or custom arrange it,0,18.15.1,True,0.08,positive
2026-08-25 23:46:00,4,Good 👍,1,18.15.1,True,0.13,positive
2026-08-25 23:30:00,5,exlant,0,18.15.1,True,0.2,positive
2026-08-25 23:17:00,4,good,0,18.4.3,True,0.15,positive
2026-08-25 23:05:00,4,needs better customer care support,2,18.16.0,True,0.17,positive
2026-08-25 23:04:00,5,satisfied,0,18.15.1,True,0.18,positive
2026-08-25 23:01:00,5,good,0,18.15.1,True,0.05,positive
2026-08-25 22:51:00,5,jhakkas,0,18.13.2,True,0.03,positive
2026-08-25 22:10:00,5,nice end simple used aap,1,18.15.1,True,0.08,positive
2026-08-25 21:58:00,5,Good work,0,18.15.1,True,0.1,positive
2026-08-25 21:57:00,5,very good app,0,18.15.1,True,0.12,positive
2026-08-25 21:57:00,5,good,0,18.15.1,True,0.12,positive
2026-08-25 21:49:00,5,good 👍,1,18.15.1,True,0.07,positive
2026-08-25 21:49:00,5,It will be more usar friendly experience to place mutual fund tab on the top just next to holding.,9,18.15.1,True,0.07,positive
2026-08-25 21:23:00,5,ok,1,18.15.1,True,0.05,positive
2026-08-25 21:06:00,3,yaar seriously tumlog kya yaar sab sahi hai no account opening charges thik hai good brokerage charges for stocks vo bohat hai thik hai vo bhi thik hai app maintanence charges plus tumara profit obviously chaiye tumlogoko thik hai seh lenge humlog but main problem tumara refund process paise turant deposit ho jata hai lekin withdraw time itna natak Ek tho voh withdraw karne ka option gayab rehta hai after 24 hours something vo active ho jata badme withdraw karne ke time 2 din baad ayega paisa,0,18.16.0,True,0.15,"money,charges"
2026-08-25 20:55:00,5,💥,0,18.14.2,True,0.15,positive
2026-08-25 20:40:00,5,👍,0,,True,0.03,positive
2026-08-25 20:27:00,5,mast groww very best platform,1,18.15.1,True,0.07,positive
2026-08-25 20:19:00,5,good,0,18.15.1,True,0.12,positive
2026-08-25 20:13:00,1,"Dont use this app, I found that I applied for the ipo, but on nse site, it is not bided. this is something different i observed",0,,True,0.03,features
2026-08-25 20:02:00,5,very easy to understand,1,18.15.1,True,0.03,positive
2026-08-25 19:55:00,5,super ra irukku nalla irukka 👍🏻✅💯,1,,True,-71.85,positive
2026-08-25 19:52:00,5,very exillent service,0,18.15.1,True,0.2,positive
2026-08-25 19:33:00,5,good,0,18.15.1,True,0.15,positive
2026-08-25 19:32:00,5,very good,1,18.13.2,True,0.17,positive
2026-08-25 19:20:00,5,Nice and help full,0,18.15.1,True,0.1,positive
2026-08-25 19:11:00,5,super and great 👍,0,18.15.1,True,0.07,positive
2026-08-25 19:10:00,5,good app,0,,True,0.08,positive
2026-08-25 19:05:00,5,nice,0,,True,0.17,positive
2026-08-25 18:53:00,5,nice,0,18.15.1,True,0.18,positive
2026-08-25 18:51:00,5,nice,0,18.15.1,True,0.03,positive
2026-08-25 18:34:00,5,brilliant,0,18.15.1,True,0.13,positive
2026-08-25 18:32:00,5,very good App,0,18.15.1,True,0.17,positive
2026-08-25 18:23:00,5,very nice 💯,1,18.15.1,True,0.05,positive
2026-08-25 18:18:00,5,it's very good,0,18.15.1,True,0.13,positive
2026-08-25 17:21:00,5,ok I like the idea on the app,0,18.16.0,True,0.08,positive
2026-08-25 17:00:00,5,good,0,18.15.1,True,0.07,positive
2026-08-25 16:55:00,5,very good app and easy,0,18.15.1,True,0.15,positive
2026-08-25 16:35:00,4,good,1,18.15.1,True,0.12,positive
2026-08-25 16:13:00,1,very bad with groww customer service.,0,18.15.1,True,0.03,unthemed
2026-08-25 16:02:00,2,i can't login to my primary account,1,,True,0.03,money
2026-08-25 16:00:00,5,very good,0,18.6.1,True,0.07,positive
2026-08-25 15:57:00,5,ok,0,18.15.1,True,0.13,positive
2026-08-25 15:54:00,1,"Frustrating payment loop—money stays blocked but app says failed. Zero stars for payment reliability. Whether I use bank net banking, third-party UPI, or Groww UPI, it always shows a technical error/failure screen. However, my money gets blocked or deducted every time. What is the point of low brokerage if your payment service is this poor? Please fix this sync issue between the bank and your app.",7,18.15.1,True,0.18,"perf,charges"
2026-08-25 15:50:00,1,good,1,18.15.1,True,0.05,unthemed
2026-08-25 15:48:00,5,helpful to earn money,1,18.15.1,True,0.08,positive
2026-08-25 15:48:00,5,nice app,0,18.15.1,True,0.08,positive
2026-08-25 15:30:00,5,very good,0,18.15.1,True,0.2,positive
2026-08-25 15:25:00,1,sabse bekar aap hai ye last 30 min me graph ruk jata hai uske bad hm logo ko pata nhi chala pa rha hai ki kaise dekhe chart ko iski vajh se mera minus hua hai. so please is app ko apne mobile install na karain,1,18.13.2,True,0.02,features
2026-08-25 15:22:00,5,plz support grow app users....,1,18.15.1,True,0.07,positive
2026-08-25 15:19:00,1,day by day going fraud not following rules,0,18.15.1,True,0.12,unthemed
2026-08-25 15:18:00,5,excellent 👍,1,18.15.1,True,0.15,positive
2026-08-25 15:16:00,5,very good app,1,18.15.1,True,0.18,positive
2026-08-25 15:11:00,1,slow process,1,18.15.1,True,0.07,perf
2026-08-25 14:59:00,4,add one click delivery trade exit just like zerodha,0,18.15.1,True,0.08,positive
2026-08-25 14:54:00,5,"Awosome groww had lots of problems *Main issues people are facing:* - App not opening / login failed during market hours - showed ""We are facing temporary problem, please try again later"" - Orders getting rejected even with balance, Demat balance not showing.",2,18.15.1,True,0.17,positive
2026-08-25 14:53:00,5,good,0,18.15.1,True,0.18,positive
2026-08-25 14:52:00,1,this is a chiter very very harani India ko chhodu bananata hai,0,,True,0.22,unthemed
2026-08-25 14:43:00,5,good 👍,0,18.15.1,True,0.17,positive
2026-08-25 14:41:00,4,Good service,0,18.15.0,True,0.2,positive
2026-08-25 14:37:00,5,Nice ☺️,0,18.15.1,True,0.08,positive
2026-08-25 14:15:00,5,great,0,18.15.1,True,0.18,positive
2026-08-25 14:11:00,5,Great app with a simple and interactive user interface.,3,18.15.1,True,0.07,positive
2026-08-25 14:06:00,5,ver accurate app,1,18.15.1,True,0.15,positive
2026-08-25 14:03:00,5,Great,0,18.15.1,True,0.2,positive
2026-08-25 13:53:00,5,Easy to use,1,18.13.2,True,0.18,positive
2026-08-25 13:52:00,5,Nice working but some time Hanging,0,,True,0.2,positive
2026-08-25 13:50:00,5,good app,0,17.36,True,0.05,positive
2026-08-25 13:36:00,5,good,0,18.15.1,True,0.1,positive
2026-08-25 13:33:00,1,Unable to install the app,1,18.15.1,True,0.15,unthemed
2026-08-25 13:28:00,4,trusted,0,18.14.2,True,0.05,positive
2026-08-25 13:26:00,5,good 👍😊,0,18.13.2,True,0.08,positive
2026-08-25 13:15:00,5,Nice,0,18.13.2,True,0.18,positive
2026-08-25 13:11:00,1,"In logon ne mera 3,000 rupee broker me atkaya hua hai ye log na to mera F&O activate kr rahe hain aur na hi mera paisa withdrawal de rahe hain. aur customer care walon se connect hona chaho to 15min wait kro call connect hone ka 😭😭 mera 3000 pada hua hai mai kya kru na to usse trade kr paa raha hu na hi withdrawal kr paa raha hu aaj mummy se baat krne ke liye bole hain agr baat krne ke baad bhi nhi return krenge paisa to mai suiside laga lunga Aaj 😭",0,18.14.2,True,0.07,"support,features"
2026-08-25 13:10:00,1,"OFS cutoff time is 2pm, where in other platforms they provide till 3:30pm. very dissapointing and they are working on it.",0,,True,0.08,unthemed
2026-08-25 13:07:00,5,good,0,18.15.1,True,0.13,positive
2026-08-25 13:04:00,1,very slow stuck in an emergency situation plz improve this,0,,True,0.2,perf
2026-08-25 13:02:00,5,good app,0,18.15.1,True,0.03,positive
2026-08-25 13:01:00,1,"worst customer support ever!!!! gives fake assurance, but never delievers!!",0,,True,0.05,support
2026-08-25 12:48:00,5,best,0,18.15.1,True,0.08,positive
2026-08-25 12:43:00,1,brokerage charges are more than net profits earned,0,18.15.1,True,0.17,charges
2026-08-25 12:41:00,5,good for all investing app,0,18.9.0,True,0.2,positive
2026-08-25 12:37:00,5,good app for trading,0,18.15.1,True,0.08,positive
2026-08-25 12:37:00,5,👍,0,18.15.1,True,0.08,positive
2026-08-25 12:37:00,1,trading normal logo ke liye nhi hai agr aapka jivan thoda bhe achha chal rha hai to aap trading na kre kyuki treding ke aap na ji payege na mar payenge ye jua se km nhi hai me ek student tu mene trading ki or 65k gawaye hai isse ek din me profit 2 se 3k he ho skta hai max to max but lose jitna aap kr skte hai infact 20k to ek din me mera hua or hota he rehta hai lga hai aage chal kr cover kr lege but ye kabhi nhi hota or cover krne ke chakkar me or lose hota rehta hai hai isliye mt Krna,0,18.15.0,True,0.08,unthemed
2026-08-25 12:34:00,5,good,0,18.15.1,True,0.15,positive
2026-08-25 12:19:00,5,good app,0,18.15.1,True,0.12,positive
2026-08-25 12:15:00,5,good,0,18.15.1,True,0.18,positive
2026-08-25 12:15:00,4,👍 👍 👍 👍,0,18.15.1,True,0.18,positive
2026-08-25 12:14:00,1,charges is verry high many errors i delete groww 😏😏😏,0,18.15.1,True,0.22,charges
2026-08-25 12:11:00,5,it's an amazing app for stock market,0,18.15.1,True,0.07,positive
2026-08-25 12:06:00,5,nice,0,18.1.1,True,0.15,positive
2026-08-25 12:06:00,1,very worst service because after taking trade the premium is not getting updated as charts getting updated and very worst customer support,1,18.15.1,True,0.15,"support,features"
2026-08-25 12:01:00,5,good,0,18.15.1,True,0.05,positive
2026-08-25 11:56:00,5,good,0,18.15.1,True,0.13,positive
2026-08-25 11:52:00,5,thanks groww,0,18.15.1,True,0.22,positive
2026-08-25 11:46:00,5,Up date portfolio also,0,18.15.1,True,0.12,positive
2026-08-25 11:43:00,5,good Experience,0,18.15.1,True,0.17,positive
2026-08-25 11:43:00,2,", ok bfw no ss",0,18.13.2,True,0.17,unthemed
2026-08-25 11:36:00,5,put some videos of trading for public,0,18.15.1,True,0.1,positive
2026-08-25 11:35:00,5,nice,0,18.12.1,True,0.12,positive
2026-08-25 11:34:00,1,bad app har time tax or tax paisa nikalne jao to tax dalne jao to tax faltu ka app hain main 200 nikal ne geya 150rs tax cut liya,0,18.15.1,True,0.13,charges
2026-08-25 11:27:00,5,simple to use,0,18.15.1,True,0.07,positive
2026-08-25 11:25:00,5,trustable,0,18.15.1,True,0.1,positive
2026-08-25 11:22:00,5,बेस्ट,0,18.15.1,True,0.07,positive
2026-08-25 11:21:00,5,"Groww is a very good and user-friendly investment platform for investors. The app has a simple interface and makes it easy to invest in mutual funds, SIPs, stocks, ETFs and IPOs. I especially like the easy-to-use design, portfolio tracking and investment features. It is a good platform for both beginners and experienced investors who prefer to manage their investments themselves.",5,18.15.1,True,0.08,positive
2026-08-25 11:21:00,1,customer care not support,0,18.15.0,True,0.1,support
2026-08-25 11:14:00,5,Best,1,18.15.1,True,0.22,positive
2026-08-25 11:07:00,4,good,0,18.14.2,True,0.13,positive
2026-08-25 10:46:00,5,All seemless and smooth experience,0,18.15.1,True,0.12,positive
2026-08-25 10:45:00,5,good response 👍,0,18.15.1,True,0.13,positive
2026-08-25 10:41:00,5,very nice,0,18.14.1,True,0.2,positive
2026-08-25 10:41:00,5,very good,0,18.15.1,True,0.22,positive
2026-08-25 10:38:00,5,Good,0,18.15.1,True,0.07,positive
2026-08-25 10:34:00,4,improve charts and actual price data,1,18.15.1,True,0.13,positive
2026-08-25 10:34:00,5,ok,0,18.14.2,True,0.13,positive
2026-08-25 10:26:00,5,Excellent 👍,0,18.13.2,True,0.08,positive
2026-08-25 10:22:00,5,good,0,18.13.2,True,0.07,positive
2026-08-25 10:20:00,5,nice,0,18.15.1,True,0.1,positive
2026-08-25 10:19:00,5,good 👍,0,18.14.1,True,0.12,positive
2026-08-25 10:18:00,1,This app is getting worse day by day when I got few minor issues so I tried to contact customer care through chat but but even after waiting 15 minutes no one replied it keeps assigning to different different agents. will move my portfolio to other brokerage.,6,18.14.2,True,0.15,"support,charges"
2026-08-25 10:17:00,5,gud,0,18.15.1,True,0.17,positive
2026-08-25 10:12:00,4,Good,0,18.15.1,True,0.05,positive
2026-08-25 10:11:00,5,loss only loss 😭,0,18.15.1,True,0.07,positive
2026-08-25 10:01:00,5,good,0,18.15.1,True,0.05,positive
2026-08-25 09:57:00,1,Opening the future and options tab every time I open the app.,0,18.15.1,True,0.12,features
2026-08-25 09:57:00,5,nice,0,18.15.1,True,0.12,positive
2026-08-25 09:50:00,5,very good groww account,0,18.15.1,True,0.03,positive
2026-08-25 09:49:00,3,"dear groww app team my groww app is account has been showing on on-boarding is not allowed for close, Inactive and on boarded account so please help us.",0,,True,0.05,unthemed
2026-08-25 09:43:00,5,best app,1,18.14.1,True,0.15,positive
2026-08-25 09:40:00,5,nice app,0,18.15.1,True,0.02,positive
2026-08-25 09:31:00,5,best apps 👋,0,18.15.1,True,0.17,positive
2026-08-25 09:29:00,5,user freind,0,18.4.2,True,0.03,positive
2026-08-25 09:21:00,5,👍 hai good gjfdbjt kyt,0,18.12.1,True,0.08,positive
2026-08-25 09:20:00,5,exceptional,0,18.15.1,True,0.1,positive
2026-08-25 09:14:00,1,not even able to upload photo,0,18.15.1,True,0.2,unthemed
2026-08-25 09:13:00,4,great appp,0,18.15.1,True,0.03,positive
2026-08-25 09:13:00,5,super gemes,0,18.15.1,True,0.03,positive
2026-08-25 09:09:00,5,nice 👍,0,18.15.1,True,0.1,positive
2026-08-25 09:06:00,5,groww apps bahut acha he chalane me,0,18.15.1,True,0.17,positive
2026-08-25 09:04:00,5,good,0,,True,0.2,positive
2026-08-25 09:02:00,4,UI is simple and clutter free. Good one for the new investors,2,18.15.1,True,0.03,positive
2026-08-25 09:02:00,5,good,0,18.15.1,True,0.03,positive
2026-08-25 08:55:00,5,good,0,18.15.1,True,0.17,positive
2026-08-25 08:53:00,5,Easy To Use....Very Helpfull App...Thanks Groww App....For our Growth.....,1,18.15.1,True,0.2,positive
2026-08-25 08:51:00,1,charge varient h,1,18.15.1,True,0.03,charges
2026-08-25 08:42:00,5,excellent,0,18.15.1,True,0.18,positive
2026-08-25 08:40:00,5,love you🥰🙏❣️,0,18.15.1,True,0.03,positive
2026-08-25 08:25:00,5,Excellent,0,18.15.1,True,0.1,positive
2026-08-25 08:17:00,5,Love you too,1,18.15.1,True,0.15,positive
2026-08-25 08:09:00,5,"Pretty good, not bad at all",0,18.15.1,True,0.1,positive
2026-08-25 08:08:00,5,good experience,0,18.15.1,True,0.12,positive
2026-08-25 08:05:00,2,all services good bus brocarge to hight choosh onther option,4,18.15.1,True,0.17,unthemed
2026-08-25 07:53:00,5,very good👍,0,18.15.1,True,0.18,positive
2026-08-25 07:51:00,5,very good and best app,0,18.15.1,True,0.03,positive
2026-08-25 07:44:00,5,bahut badhiya hai agar samjha jaaye to Sari chijen Hain ismein trading ke liye,0,18.15.1,True,0.15,positive
2026-08-25 07:44:00,5,good 👍,0,18.15.1,True,0.15,positive
2026-08-25 07:43:00,5,"Grow is a good platform for new investor, it's interface is very friendly",1,18.15.1,True,0.18,positive
2026-08-25 07:24:00,4,good,0,18.15.0,True,0.03,positive
2026-08-25 07:20:00,5,good,0,18.14.2,True,0.1,positive
2026-08-25 07:08:00,5,gold 🪙,0,18.15.1,True,0.12,positive
2026-08-25 07:07:00,5,good,0,18.13.2,True,0.13,positive
2026-08-25 07:05:00,5,smooth ui,0,18.15.1,True,0.17,positive
2026-08-25 06:56:00,3,"When I trade in stocks (intraday) chart doesn't show current position (p&l) and haven't given option to set stoploss and target on the chart, like other broker apps (except f&o). This is the worst thing I felt. Please provide the feature set target, stoploss and current position(p&l) on chart (both groww chart and tradingview chart).",8,18.15.1,True,0.13,features
2026-08-25 06:47:00,5,nice,0,18.14.2,True,0.1,positive
2026-08-25 03:46:00,5,"Works smoothly, is easy to operate, best app for beginners.",2,18.15.1,True,0.12,positive
2026-08-25 01:33:00,5,very good simple fechas,1,18.15.1,True,0.15,positive
2026-08-25 01:24:00,5,Good experience,0,18.15.1,True,0.03,positive
2026-08-25 01:04:00,5,Great app for Mutual funds & stock trading,2,18.10.1,True,0.18,positive
2026-08-25 01:02:00,3,please include to add sl and tp in commodities section too overall the interface is good but just add this few to make it even more better,1,,True,0.03,unthemed
2026-08-25 00:37:00,5,excellent so far....,0,18.15.1,True,0.08,positive
2026-08-25 00:15:00,1,make the app tablet interface friendly,1,18.15.1,True,0.18,unthemed
2026-08-25 00:11:00,5,nice,0,18.15.1,True,0.07,positive
2026-08-24 22:54:00,5,"I've been using Groww for the last 3 years and overall I'm very satisfied with the app. One feature I really miss is the ability to set and adjust Target, Stop Loss, and Trailing Stop Loss directly on the chart. It would make trade management much faster and more convenient, especially for active traders. Hope Groww adds this feature soon!",5,18.15.1,True,0.17,positive
2026-08-24 22:48:00,5,good,0,18.15.1,True,0.08,positive
2026-08-24 22:41:00,5,very nice application used very well and very easy,1,18.15.1,True,0.2,positive
2026-08-24 22:40:00,5,GOOD,0,18.15.1,True,0.03,positive
2026-08-24 22:31:00,5,Nice app,0,18.14.2,True,0.18,positive
2026-08-24 22:26:00,5,good,0,18.14.2,True,0.08,positive
2026-08-24 22:16:00,4,good,0,18.15.1,True,0.17,positive
2026-08-24 22:06:00,5,GOOD FOR BEGINNERS,0,18.15.1,True,0.15,positive
2026-08-24 22:04:00,5,Groww interface is very good. Is it possible to give the option to block F&O for the day after trade as it will help in control overtrading. It will be very helpful to control trading.,2,18.15.1,True,0.18,positive
2026-08-24 21:55:00,5,Mujhe bhi Grow ke organization se judna h kaam Krna hai ❤️🙌🏻,0,18.15.1,True,0.15,positive
2026-08-24 21:46:00,5,nice,0,16.29,True,0.12,positive
2026-08-24 21:26:00,1,"Being a 5+ year user, I think it’s finally time to uninstall Groww. The customer support experience has become really disappointing. I’ve faced multiple issues with F&O, and whenever I try to contact support, getting connected over a call is almost impossible. Even with emails and chats, tickets are being closed without proper acknowledgement or resolution. And please don’t reply here asking me for my ticket details. Please check my portfolio and account history first. Anyone else facing the",2,18.15.1,True,0.08,"support,features"
2026-08-24 21:16:00,5,thank you grow,0,18.15.1,True,0.17,positive
2026-08-24 21:07:00,5,good 👍😊,0,18.15.1,True,0.13,positive
2026-08-24 20:57:00,5,nice,0,18.11.1,True,0.12,positive
2026-08-24 20:57:00,5,osm - new fitur,0,18.15.1,True,0.12,positive
2026-08-24 20:39:00,3,good for grow your life,0,18.15.1,True,0.05,unthemed
2026-08-24 20:38:00,5,nice,0,18.15.1,True,0.07,positive
2026-08-24 20:35:00,5,very best app,0,18.15.1,True,0.12,positive
2026-08-24 20:20:00,4,best of trading aap,0,18.10.1,True,0.1,positive
2026-08-24 20:19:00,5,good aap mai use krta hu,0,18.15.1,True,0.12,positive
2026-08-24 19:59:00,5,very good 👍,1,18.15.1,True,0.08,positive
2026-08-24 19:55:00,5,good,0,18.14.0,True,0.15,positive
2026-08-24 19:52:00,5,very nice,0,17.98.0,True,0.2,positive
2026-08-24 19:52:00,5,good app for trading,0,18.15.1,True,0.22,positive
2026-08-24 19:38:00,5,good one 👍,0,18.15.1,True,0.07,positive
2026-08-24 19:37:00,5,good,0,18.14.2,True,0.08,positive
2026-08-24 19:36:00,5,good,0,18.15.1,True,0.1,positive
2026-08-24 19:34:00,5,All good,0,18.15.1,True,0.15,positive
2026-08-24 19:14:00,5,good,0,18.14.2,True,0.2,positive
2026-08-24 19:08:00,1,"⭐ 1 Star Worst experience with Groww. IPO apply करने के बाद UPI Mandate Request तुरंत नहीं आती और इसी delay की वजह से मेरा IPO miss हो गया। Customer समय पर apply करे और system की देरी से IPO छूट जाए, इससे ज्यादा frustrating क्या हो सकता है? IPO Apply करते ही UPI Mandate Request तुरंत भेजनी चाहिए। Please fix this!",0,18.15.1,True,0.12,"features,money"
2026-08-24 19:07:00,1,"⭐ 1 स्टार बहुत ही खराब अनुभव। आईपीओ के लिए समय पर आवेदन करने के बाद भी यूपीआई भुगतान की अनुमति तुरंत नहीं आती। यह अनुमति कभी भी 24 घंटे के अंदर आती है। आईपीओ की समय-सीमा तय होती है, लेकिन अनुमति आने का कोई निश्चित समय नहीं है। इसी देरी के कारण मेरा एक अच्छा आईपीओ मेरे हाथ से निकल गया। जब ग्राहक समय पर आवेदन कर रहा है, तो फिर उसे आपकी प्रणाली की देरी की सजा क्यों मिले? आईपीओ के लिए आवेदन करते ही उसी समय यूपीआई अनुमति भेजी जानी चाहिए, ताकि ग्राहक तुरंत स्वीकृति देकर अपना आवेदन पूरा कर सके।",0,18.15.1,True,0.13,unthemed
2026-08-24 19:04:00,1,"⭐ 1 Star बहुत खराब अनुभव। IPO समय पर Apply करने के बाद UPI Mandate तुरंत नहीं आता, बल्कि कभी भी 24 घंटे के अंदर आता है। IPO जैसी time-sensitive चीज में यह delay बहुत बड़ी समस्या है। मेरी गलती नहीं थी, फिर भी UPI Mandate समय पर नहीं आने की वजह से मेरा एक अच्छा IPO हाथ से निकल गया। Groww को समझना चाहिए कि ग्राहक अपना पैसा और समय भरोसे से लगाता है। अगर आपकी system delay की वजह से उसका IPO miss हो जाए, तो उस नुकसान की जिम्मेदारी कौन लेगा? IPO Apply करते ही उसी समय UPI Mandate Request भेजनी चाहिए",0,18.9.0,True,0.18,"features,money"
2026-08-24 18:58:00,5,very good 👍,0,18.13.2,True,0.1,positive
2026-08-24 18:56:00,1,"⭐ 1 Star IPO Apply करने के बाद UPI Mandate Request तुरंत आनी चाहिए। अभी IPO select करके UPI ID डालने के बाद Mandate Request कभी भी 24 घंटे के अंदर आती है, जिससे काफी delay हो जाता है। मेरा सुझाव है कि जैसे ही कोई customer IPO Apply करे और UPI ID link करे, उसी समय तुरंत UPI Mandate Request भेजी जाए, ताकि customer उसी समय एक click में mandate accept करके IPO application complete कर सके। इस delay की वजह से मेरा एक अच्छा IPO apply नहीं हो पाया और मेरे हाथ से मौका निकल गया। कृपया UPI Mandate proc",0,18.15.1,True,0.13,"features,money"
2026-08-24 18:40:00,5,best app,0,18.13.2,True,0.03,positive
2026-08-24 18:08:00,5,best investment app like stock sip for beginners,0,18.13.2,True,0.12,positive
2026-08-24 18:04:00,1,bahut kharab sip ke liye 472 ka penalty marta hai 100 ki sip miss hua to aur koi reminder ya usko pement ka option bhi baad me deta hai,0,18.15.1,True,0.18,money
2026-08-24 17:51:00,5,very good 😊,0,18.15.1,True,0.03,positive
2026-08-24 17:39:00,5,best trading app,0,18.15.1,True,0.05,positive
2026-08-24 17:27:00,5,Awesome ui and UX,0,18.15.0,True,0.07,positive
2026-08-24 17:23:00,5,mast ek number,0,18.15.1,True,0.05,positive
2026-08-24 17:16:00,5,very nice app,0,18.14.2,True,0.17,positive
2026-08-24 17:14:00,5,best investment application,0,18.15.1,True,0.2,positive
2026-08-24 17:11:00,5,good,0,18.15.1,True,0.07,positive
2026-08-24 16:55:00,5,very nice network,0,18.15.1,True,0.15,positive
2026-08-24 16:53:00,5,verry good 💯💯💯💯,0,18.15.0,True,0.18,positive
2026-08-24 16:41:00,5,nice,1,,True,0.2,positive
2026-08-24 16:29:00,5,Good app,1,18.15.1,True,0.03,positive
2026-08-24 16:05:00,5,"fast order execution is required , put and call chart seen at same time ,pls do for this as early as possible",4,18.15.1,True,0.17,positive
2026-08-24 15:44:00,5,i love groww company,0,18.15.1,True,0.15,positive
2026-08-24 15:37:00,5,best in the universe,0,18.14.2,True,0.08,positive
2026-08-24 15:31:00,5,thanks groww,0,18.15.1,True,0.18,positive
2026-08-24 15:30:00,3,"App is OK. Need one support from you guys - could you please show the purchase price per share for each stock in the portfolio section? Since we enter the sell price per share when selling, having the purchase price per share displayed in the portfolio would make it easier to track the investment and compare it with the current/sell price.",4,18.15.1,True,0.2,support
2026-08-24 15:26:00,1,The reason behind giving it one star is today for intra day trade i purchased muthoot finance shares I was in good profit and market closes at 3:20 the rate i purchased was 3187.50 and I was on profit it squared it off automatically at 3189 and lowered my profit and the actual price of stock while it closed was 3199.80 so who is responsible for my loss u should give extra time to sell and why will u execute square off i appeal to all take out your investment from this app charges is high also.,6,18.15.1,True,0.08,charges
2026-08-24 15:23:00,1,very bad in install,0,18.15.1,True,0.05,unthemed
2026-08-24 15:16:00,5,very good,0,18.15.1,True,0.17,positive
2026-08-24 15:15:00,5,bitcoin bhi digya es apps pr,0,18.14.1,True,0.18,positive
2026-08-24 15:06:00,3,Trusted,0,18.15.1,True,0.15,unthemed
2026-08-24 15:01:00,5,best app from this apps i am learning a lot and lot to learn,0,18.15.1,True,0.05,positive
2026-08-24 15:01:00,5,good 👍,0,18.15.1,True,0.05,positive
2026-08-24 14:53:00,1,ipo payment status not proper reflect and customer call not answer please customer not use this app,0,18.15.1,True,0.18,"support,features"
2026-08-24 14:48:00,5,amazing,0,18.15.1,True,0.08,positive
2026-08-24 14:36:00,5,it's a good platform for beginners and its easy to understand 👍🏻,1,18.15.1,True,0.1,positive
2026-08-24 14:31:00,5,very nice,0,18.15.1,True,0.18,positive
2026-08-24 14:13:00,1,"I am extremely disappointed with this app. An amount of ₹100 was deducted from my account and shows up in my Demat wallet balance, but when I try to withdraw it, the withdrawable balance shows ₹0. To make matters worse, customer support has been completely unresponsive—I have been trying to reach an agent on call for over 30 minutes without success. Please fix these wallet and support issues immediately.",0,,True,0.03,"support,charges"
2026-08-24 14:08:00,1,"This app is trash, use lemon for scalping, I haven't place order but it has been placed by app and exit too without any user knowledge, they are fraud who don't even respect their customer, use some good app because you will never get good customer support back if you face any issue with app related to money, app has been consistently showing random order failure during option trading time, and now they want me to record the video for it. stupid",2,18.15.0,True,0.12,support
2026-08-24 14:07:00,4,easy maintain financial goal,0,18.15.1,True,0.13,positive
2026-08-24 14:05:00,5,अच्छा,1,18.11.1,True,0.18,positive
2026-08-24 14:05:00,1,"3rd class app, crazy and mad developers updating app unnecessarily in ever few days. I use other brokers also but they have better app and also they don't give updates like hell like this stupid app. I will definitely change and delete my account with this broker and will use another one. don't deserve even 1 star 0 star for groww",1,18.15.0,True,0.18,unthemed
2026-08-24 13:42:00,1,coustomer helpline service not good,0,18.15.1,True,0.18,unthemed
2026-08-24 13:35:00,5,💯good👍,1,18.14.2,True,0.12,positive
2026-08-24 13:29:00,5,good,1,18.14.2,True,0.03,positive
2026-08-24 13:25:00,5,very nice. use this app,0,18.9.0,True,0.1,positive
2026-08-24 13:23:00,5,Good,1,18.15.1,True,0.05,positive
2026-08-24 13:21:00,1,"Hi, Don't believe this kind of stock brokers, I have faced worst experience with this grow app. Actually I did not placed one order, but the order was executed today (24-08-2026). Here I don't have option to upload any files, Otherwise I will show you, what kind of game these brokers are playing.",0,,True,0.08,unthemed
2026-08-24 13:20:00,5,good 👍😊,1,18.15.1,True,0.12,positive
2026-08-24 13:19:00,5,so Best investment application for like ❤️,0,,True,0.13,positive
2026-08-24 13:18:00,5,good,0,18.15.1,True,0.15,positive
2026-08-24 13:14:00,5,Good,0,18.5.0,True,0.23,positive
2026-08-24 13:14:00,1,I can't log in the app. it's struck in allow permission page. I gave all permission but it didn't went through. worst customer AI service,0,,True,0.23,unthemed
2026-08-24 13:12:00,4,user friendly,0,18.15.1,True,0.05,positive
2026-08-24 13:08:00,5,nice,0,18.15.1,True,0.12,positive
2026-08-24 13:04:00,5,great app,0,18.15.1,True,0.18,positive
2026-08-24 13:04:00,5,super hai,0,18.15.1,True,0.2,positive
2026-08-24 13:02:00,4,👍,0,18.14.1,True,0.03,positive
2026-08-24 12:59:00,5,aek nambar,0,18.14.2,True,0.08,positive
2026-08-24 12:56:00,5,good,0,18.15.1,True,0.15,positive
2026-08-24 12:37:00,1,"Be careful!! This app shows a lower Avg buying price from the price you actually bought at, under your Holdings section, in Delivery orders. It thereby encourages you to sell at a lower price or less margin. This way u loose net money in the sale, since sell when price is lower too, but Groww makes money on brokerages. Effectively u are losing money. Since most Groww users are not exactly regular traders, we dont keep track of the exact price we bought, and Groww cheats its customers this way!!",5,18.15.1,True,0.08,unthemed
2026-08-24 12:35:00,5,Good service,0,18.15.1,True,0.12,positive
2026-08-24 12:34:00,3,"Gboard ক্লিপবোর্ডে স্বাগতম, 1সিসিসিসিসিসিজিসিসিসি করতে এবং মুছ থাকুন। আনপিন করা ক্লিপ ১ ঘণ্টা পরে থাওকুনফেলা হবে।এটি পিন করতে ক্লিপটি টাচ করে ধরে থাকুন। আনপিন করা ক্লিপ ১ ঘণ্টা পরে মুছে ফেলা হবে।Gboard ক্লিপবোর্ডে স্বাগতম, আপনার কপি করা হিউঘি8উই টেক্সট এখানে সেভ করা হবে।",0,17.98.0,True,0.15,unthemed
2026-08-24 12:26:00,4,good,0,18.15.1,True,0.08,positive
2026-08-24 12:25:00,5,Awasome,0,18.15.1,True,0.1,positive
2026-08-24 12:18:00,5,nice,0,18.15.0,True,0.13,positive
2026-08-24 12:17:00,5,super,0,18.14.2,True,0.15,positive
2026-08-24 12:09:00,5,good Money saver,0,18.15.1,True,0.1,positive
2026-08-24 12:04:00,5,good 👍,0,18.13.2,True,0.18,positive
2026-08-24 12:04:00,5,nice app,0,18.15.1,True,0.18,positive
2026-08-24 11:59:00,5,awesome,0,18.15.1,True,0.08,positive
2026-08-24 11:56:00,1,worst thing that you guys did was to remove the search history now you guys display only the last 5 stocks i searched for also to find the watchlist is hell lot of steps how will I remember was I last searched for like 10-15 stocks ago. PLEASE BRING BACK SEARCH HISTORY,3,18.13.2,True,0.13,unthemed
2026-08-24 11:49:00,5,ok but GST High,1,18.15.1,True,0.07,positive
2026-08-24 11:46:00,5,very good,0,18.15.0,True,0.12,positive
2026-08-24 11:45:00,5,ok,0,18.15.1,True,0.13,positive
2026-08-24 11:42:00,5,good,0,18.15.1,True,0.2,positive
2026-08-24 11:41:00,5,good 😊,0,18.15.1,True,0.22,positive
2026-08-24 11:38:00,5,good,0,18.15.1,True,0.07,positive
2026-08-24 11:38:00,3,"I am getting the option to ""Add Family"" in the profile section.",0,18.15.1,True,0.07,unthemed
2026-08-24 11:37:00,5,good,0,18.15.1,True,0.08,positive
2026-08-24 11:36:00,1,The Broker eats all F&O profits not suitable for Retail F&O.,0,,True,0.12,features
2026-08-24 11:31:00,3,charges jyda lgte he,0,18.4.3,True,0.2,charges
2026-08-24 11:30:00,1,"another 1 star, have applied for multiple IPOs but haven't received for upi request for any of those from last 3 hours this app silently deducting brokerage charge even if the transaction is unsuccessful. people need to pay attention on this. why it forcefully asking to approve autopay if I don't want to, for sip installments?",8,18.15.1,True,0.22,"money,charges"
2026-08-24 11:25:00,5,best,0,18.15.1,True,0.1,positive
2026-08-24 11:16:00,5,good,0,18.15.1,True,0.17,positive
2026-08-24 11:14:00,5,go on,0,18.15.1,True,0.2,positive
2026-08-24 11:13:00,5,dhan app k jaise volume chart v so karne ki koshish kare please,0,18.15.0,True,0.03,positive
2026-08-24 10:59:00,4,good,0,18.15.1,True,0.08,positive
2026-08-24 10:58:00,1,I can't log in the app. it's stuck in the allow permission page. I contacted a customer service representative. he is a waste fellow. he didn't help and he didn't know about the app. time waste. now installing zerodha app,0,18.15.1,True,0.1,perf
2026-08-24 10:54:00,1,"Call support very bad, I did 10 minutes call, did not pic my call.",0,17.99.1,True,0.17,support
2026-08-24 10:44:00,5,👍,0,18.15.1,True,0.15,positive
2026-08-24 10:42:00,5,nice,0,18.15.1,True,0.18,positive
2026-08-24 10:31:00,5,excellent,1,18.15.1,True,0.18,positive
2026-08-24 10:15:00,5,best Aap,0,18.15.1,True,0.18,positive
2026-08-24 10:15:00,5,"wow...great for me & very easy to use ,fast [NAME] secure.",1,18.15.0,True,0.18,positive
2026-08-24 10:12:00,1,customer care survice is too much worst. they can't help a little to customer,0,18.15.1,True,0.05,support
2026-08-24 10:12:00,5,very Nice Groww platform,0,18.15.1,True,0.05,positive
2026-08-24 10:10:00,1,"This is a completely useless application. If you apply for IPO, the status does not get updated and if you trade, you cannot get entry first and then if you take entry, you cannot exit the trade, And gives time for OFS only till 2 o'clock.",5,18.15.1,True,0.1,features
2026-08-24 10:10:00,4,nice,0,18.14.2,True,0.1,positive
2026-08-24 10:08:00,5,ABSOLUTELY ONE OF THE BEST INTERMEDIARY APP FOR INVESTMENT.,0,18.13.2,True,0.13,positive
2026-08-24 10:02:00,5,super easy and good,0,18.15.1,True,0.03,positive
2026-08-24 09:58:00,1,customer support is worst long waiting time and no resolution i found,0,18.15.1,True,0.1,support
2026-08-24 09:55:00,5,Good platform but you have to use Brain 🧠,0,18.15.1,True,0.15,positive
2026-08-24 09:50:00,5,very good,0,18.15.1,True,0.05,positive
2026-08-24 09:48:00,5,good 👍,0,18.15.1,True,0.08,positive
2026-08-24 09:44:00,5,easy to use,0,18.15.1,True,0.15,positive
2026-08-24 09:35:00,5,good,0,18.15.1,True,0.12,positive
2026-08-24 09:32:00,5,Good 👍,0,16.71,True,0.17,positive
2026-08-24 09:28:00,1,groww account customer support is very bad,0,,True,0.05,support
2026-08-24 09:22:00,5,good,0,18.15.1,True,0.07,positive
2026-08-24 09:21:00,2,kitne update lgte h,1,,True,0.08,perf
2026-08-24 09:19:00,5,good,0,18.15.1,True,0.12,positive
2026-08-24 09:19:00,5,good 👍,0,18.15.1,True,0.13,positive
2026-08-24 09:15:00,5,superb,0,18.15.1,True,0.22,positive
2026-08-24 09:13:00,5,excellent,0,18.15.1,True,0.03,positive
2026-08-24 09:13:00,3,mast,0,18.15.1,True,0.03,unthemed
2026-08-24 09:09:00,5,good,0,18.15.1,True,0.1,positive
2026-08-24 08:56:00,5,Nice,0,18.15.1,True,0.13,positive
2026-08-24 08:54:00,4,ok,0,18.15.1,True,0.17,positive
2026-08-24 08:52:00,5,nive work,0,18.15.1,True,0.22,positive
2026-08-24 08:43:00,5,good,0,18.15.1,True,0.17,positive
2026-08-24 08:27:00,5,💯👍,1,18.15.1,True,0.07,positive
2026-08-24 07:54:00,5,good,0,18.15.1,True,0.17,positive
2026-08-24 07:50:00,5,nice 👍🙂,0,18.14.2,True,0.05,positive
2026-08-24 07:23:00,5,Excellent,0,18.14.2,True,0.05,positive
2026-08-24 07:16:00,5,Stocks to Mutual funds everything working fine,0,18.15.1,True,0.17,positive
2026-08-24 07:10:00,5,Good app for beginners and learners,0,18.15.1,True,0.08,positive
2026-08-24 07:07:00,4,top,0,18.13.2,True,0.13,positive
2026-08-24 06:15:00,5,it's good feeling to use this app 🙂,0,,True,0.18,positive
2026-08-24 06:02:00,5,best zero aMC,0,18.15.1,True,0.03,positive
2026-08-24 05:56:00,5,good,0,18.13.2,True,0.13,positive
2026-08-24 05:20:00,5,best,0,18.15.1,True,0.1,positive
2026-08-24 03:59:00,4,good,0,18.14.2,True,0.08,positive
2026-08-24 03:38:00,5,very nice service,0,18.15.1,True,0.07,positive
2026-08-24 03:16:00,5,grow is best,0,17.12,True,0.17,positive
2026-08-24 02:48:00,5,Good Service,0,18.15.1,True,0.08,positive
2026-08-24 02:10:00,5,Nice,0,18.15.1,True,0.08,positive
2026-08-24 00:30:00,5,खुप छान ऐप आहे,0,18.13.2,True,0.2,positive
2026-08-24 00:25:00,1,"customer care is not responding, while creating , setup account accidentally I selected some wrong options so I left the from the complete setup and, reset the process, from that till not open app from 2days . it showing your journey reset in progress 😒",4,18.15.1,True,0.1,"support,features"
2026-08-24 00:13:00,5,Good 👍,0,18.14.1,True,0.03,positive
2026-08-24 00:10:00,3,Just need step up SIP calculator,0,18.15.1,True,0.08,money
2026-08-23 23:42:00,5,Great,0,18.15.1,True,0.18,positive
2026-08-23 23:42:00,5,Excellent,0,18.15.1,True,0.18,positive
2026-08-23 23:32:00,5,Great full,0,18.15.1,True,0.17,positive
2026-08-23 22:52:00,1,poor service very bad service profit 100 rs 20 to tax and 40 brockarage and after that some hidden charges profit 0 loss 100 %,0,18.15.1,True,0.2,charges
2026-08-23 22:30:00,5,good,0,18.14.2,True,0.2,positive
2026-08-23 22:24:00,5,🤗 good 👍,0,18.15.1,True,0.03,positive
2026-08-23 22:00:00,5,good,0,18.15.1,True,0.07,positive
2026-08-23 21:50:00,5,good,0,,True,0.05,positive
2026-08-23 21:43:00,5,App is Good,0,18.15.1,True,0.17,positive
2026-08-23 21:17:00,5,❤️‍🩹,0,18.15.1,True,0.15,positive
2026-08-23 21:14:00,4,good,0,18.15.1,True,0.2,positive
2026-08-23 21:07:00,5,excellent,0,18.15.1,True,0.13,positive
2026-08-23 20:29:00,5,nice trading app,0,18.15.1,True,0.03,positive
2026-08-23 20:11:00,5,very nice good service,0,18.15.1,True,0.07,positive
2026-08-23 20:11:00,5,wow,0,18.15.1,True,0.07,positive
2026-08-23 20:09:00,5,nice growth,0,18.15.1,True,0.1,positive
2026-08-23 19:53:00,5,Good,0,18.6.1,True,0.18,positive
2026-08-23 19:51:00,5,good,0,18.15.1,True,0.03,positive
2026-08-23 19:16:00,5,Groww जैसा कोई नहीं,0,18.15.1,True,0.17,positive
2026-08-23 19:07:00,5,good,0,18.15.1,True,0.13,positive
2026-08-23 19:02:00,5,good,0,18.13.2,True,0.03,positive
2026-08-23 19:00:00,5,good,0,18.13.2,True,0.07,positive
2026-08-23 18:59:00,5,best,0,18.15.1,True,0.08,positive
2026-08-23 18:39:00,5,best service,0,18.9.0,True,0.05,positive
2026-08-23 17:44:00,5,best,1,18.13.2,True,0.15,positive
2026-08-23 17:36:00,4,very easy and safly,0,18.15.1,True,0.1,positive
2026-08-23 17:36:00,5,nice chart 📉📈 and opsan chain ⛓️‍💥 bat high brocreg,0,18.15.1,True,0.12,positive
2026-08-23 17:33:00,5,good,0,18.15.1,True,0.17,positive
2026-08-23 17:27:00,5,Good interface & very fastest service,2,18.15.1,True,0.07,positive
2026-08-23 17:12:00,4,very good,0,18.13.2,True,0.05,positive
2026-08-23 17:11:00,4,"I have been using the Groww app and so far my experience has been really good. The app has a clean and simple interface, which makes it easy to navigate even for beginners. Finding stocks, mutual funds and other investment options is quite convenient. I also like how the information is presented in a simple and understandable way. Overall, Groww is a user-friendly platform with a smooth experience, and I would recommend it to anyone who wants an easy-to-use investment app.",7,18.11.1,True,0.07,positive
2026-08-23 17:05:00,5,it's good,0,18.14.0,True,0.17,positive
2026-08-23 17:04:00,5,Good,0,18.15.1,True,0.2,positive
2026-08-23 17:03:00,5,thank you groww,0,18.15.1,True,0.22,positive
2026-08-23 17:02:00,5,nice app,0,18.15.1,True,0.03,positive
2026-08-23 16:56:00,1,"Worst App, The Kyc takes lot of days worst experience",0,18.13.2,True,0.13,money
2026-08-23 16:16:00,5,good 👍,0,18.13.2,True,0.17,positive
2026-08-23 16:10:00,5,mast investment app h,0,18.13.2,True,0.08,positive
2026-08-23 15:37:00,4,nice app,1,18.14.2,True,0.08,positive
2026-08-23 15:12:00,5,Good,0,18.14.2,True,0.05,positive
2026-08-23 15:10:00,5,Pls Open Us Stocks Trade And Investment,0,18.15.0,True,0.08,positive
2026-08-23 14:57:00,1,bohot charges he grow me 😵‍💫😕😟,0,18.14.1,True,0.12,charges
2026-08-23 14:39:00,5,Nice,0,18.15.1,True,0.05,positive
2026-08-23 14:30:00,5,super,0,18.14.1,True,0.2,positive
2026-08-23 14:29:00,5,good,0,18.15.1,True,0.03,positive
2026-08-23 14:04:00,5,amazing 😍,0,18.15.1,True,0.18,positive
2026-08-23 13:45:00,5,very good,0,18.5.0,True,0.13,positive
2026-08-23 13:35:00,5,One Of The Best Trading Platform In the Industries of Share Market !,0,18.15.0,True,0.12,positive
2026-08-23 13:27:00,1,pathetic app auto installing itself through YouTube ads. just pathetic.,0,,True,-0.57,unthemed
2026-08-23 13:07:00,5,good aap starting best,0,18.15.1,True,0.13,positive
2026-08-23 12:55:00,5,so kool।app bro,0,18.15.1,True,0.15,positive
2026-08-23 12:53:00,5,Extremely easy to use. Very user friendly interface.,2,18.15.1,True,0.18,positive
2026-08-23 12:52:00,5,good,0,,True,0.2,positive
2026-08-23 12:33:00,5,good aapp,0,18.13.2,True,0.15,positive
2026-08-23 12:27:00,5,Bahut achha,0,18.15.1,True,0.07,positive
2026-08-23 12:23:00,5,5 star,0,18.15.1,True,0.05,positive
2026-08-23 12:15:00,5,best performance,0,18.15.1,True,0.18,positive
2026-08-23 12:07:00,5,nice,1,18.15.1,True,0.13,positive
2026-08-23 11:59:00,5,good,0,18.15.1,True,0.08,positive
2026-08-23 11:47:00,5,best one,0,,True,0.1,positive
2026-08-23 11:45:00,5,very useful and easy plateform,1,18.13.2,True,0.13,positive
2026-08-23 11:13:00,5,good application and easily drive,1,18.15.1,True,0.03,positive
2026-08-23 11:10:00,1,not able to operating app its not getting open after permissions stage keep crashing in loading loop.,1,18.15.1,True,0.08,perf
2026-08-23 11:07:00,5,best,0,18.14.2,True,0.13,positive
2026-08-23 10:53:00,5,good,0,18.15.1,True,0.18,positive
2026-08-23 10:40:00,1,bad brokrage tax very high sahi best ap h isse,0,,True,0.03,charges
2026-08-23 09:55:00,5,only sip best,0,18.15.1,True,0.15,positive
2026-08-23 09:51:00,5,best bank application,0,,True,0.03,positive
2026-08-23 09:47:00,5,good,0,18.15.1,True,0.1,positive
2026-08-23 09:43:00,4,good,0,18.14.2,True,0.17,positive
2026-08-23 09:33:00,5,"Feedback: Groww app ka interface simple aur user-friendly hai, lekin trading experience ko aur better banaya ja sakta hai. Intraday traders ke liye order execution speed, real-time price updates aur chart performance ko aur improve karna chahiye. Brokerage aur other charges ka complete breakup order place karne se pehle clearly dikhaya jaye to users ke liye transparency aur badhegi. Saath hi, stop-loss, target aur advanced order options ko aur easy aur fast banaya jaye. Overall Groww ek achha",0,18.15.0,True,0.15,positive
2026-08-23 09:32:00,5,best,0,18.15.0,True,0.17,positive
2026-08-23 09:00:00,5,nice che,0,,True,0.07,positive
2026-08-23 08:54:00,5,nice app,0,18.15.1,True,0.17,positive
2026-08-23 08:35:00,5,🤑,0,18.15.1,True,0.12,positive
2026-08-23 08:15:00,5,Good and simple investing app,0,18.14.1,True,0.18,positive
2026-08-23 08:11:00,5,nice,0,18.12.1,True,0.07,positive
2026-08-23 08:02:00,5,Good,0,18.15.1,True,0.03,positive
2026-08-23 07:49:00,5,I Love you Grow... I wish you keep Growing and so grows our future...,0,18.15.1,True,-187.3,positive
2026-08-23 07:21:00,5,good,1,18.13.2,True,0.08,positive
2026-08-23 07:04:00,5,good,0,18.15.1,True,0.18,positive
2026-08-23 06:51:00,5,good,1,18.13.2,True,0.03,positive
2026-08-23 06:48:00,5,good,0,18.15.1,True,0.08,positive
2026-08-23 06:17:00,5,Best,0,18.15.1,True,0.15,positive
2026-08-23 06:16:00,5,super,0,18.15.1,True,0.17,positive
2026-08-23 05:12:00,5,nice,0,18.15.1,True,0.05,positive
2026-08-23 04:49:00,5,good platform,0,18.15.1,True,0.07,positive
2026-08-23 03:47:00,4,Best,0,18.15.1,True,0.1,positive
2026-08-23 03:28:00,5,groww app good experience all funds excellent app thank you 💓 grow app,0,18.15.1,True,0.05,positive
2026-08-23 01:45:00,5,Good Platform for investment,0,18.14.1,True,0.13,positive
2026-08-23 01:41:00,5,good,0,18.15.1,True,0.2,positive
2026-08-23 01:11:00,5,good 👍,0,18.15.1,True,0.07,positive
2026-08-23 00:34:00,5,bast aap,0,18.15.1,True,0.13,positive
2026-08-23 00:29:00,1,Not running in my device,1,,True,0.03,unthemed
2026-08-23 00:25:00,5,investment most app,0,18.15.1,True,0.1,positive
2026-08-23 00:20:00,5,super,0,,True,0.1,positive
2026-08-22 23:41:00,5,good,0,18.9.0,True,0.2,positive
2026-08-22 23:32:00,5,good,0,18.15.1,True,0.17,positive
2026-08-22 23:27:00,5,ok,0,18.15.1,True,0.07,positive
2026-08-22 23:27:00,5,exlent service in Groww app 👌👌👌👌👌👌,0,18.15.1,True,0.07,positive
2026-08-22 23:26:00,5,best app,0,18.15.1,True,0.08,positive
2026-08-22 23:02:00,4,very easy to use app,0,18.15.1,True,0.03,positive
2026-08-22 22:56:00,5,good 😊,0,18.14.2,True,0.13,positive
2026-08-22 22:33:00,5,nice app,0,18.13.2,True,0.15,positive
2026-08-22 22:12:00,5,nice app,0,18.15.1,True,0.05,positive
2026-08-22 22:09:00,5,Best App,0,,True,0.1,positive
2026-08-22 22:05:00,5,good,0,18.15.1,True,0.18,positive
2026-08-22 22:00:00,5,nice,0,18.15.1,True,0.07,positive
2026-08-22 21:58:00,5,good app,0,18.15.1,True,0.1,positive
2026-08-22 21:57:00,5,Groww stock is good market stock invester.,0,18.15.1,True,0.12,positive
2026-08-22 21:52:00,5,good app,0,,True,0.22,positive
2026-08-22 21:38:00,5,good,0,18.15.1,True,0.07,positive
2026-08-22 21:32:00,1,Broker charge bahut jyada Karta Hai update karna chahie jald se jald Manmani cut raha hai,0,18.15.1,True,0.17,"perf,charges"
2026-08-22 21:13:00,1,"Main Groww app se bahut zyada disappointed hu. Pichle 15 din se mujhe 2 badi technical problems ho rahi hain, lekin support team ki taraf se koi help nahi mil rahi: Commodity Trading Problem: Commodity trading activity kaam nahi kar rahi hai aur baar-baar ""No account found"" bolta hai. IPO Payment Fail: IPO apply karne par jab bhi UPI PIN dalta hu, toh payment nahi hota aur fail ho jata hai.Maine Groww chat support aur call team se kafi baar baat ki, par wo koi help nahi karte.",0,17.95.2,True,0.03,"support,features"
2026-08-22 21:09:00,5,👍 Good,0,18.15.1,True,0.1,positive
2026-08-22 20:30:00,5,good,0,18.15.1,True,0.2,positive
2026-08-22 20:29:00,5,Best' experience,0,18.13.2,True,0.03,positive
2026-08-22 20:24:00,5,good,0,18.15.1,True,0.03,positive
2026-08-22 20:09:00,5,nice🤩🤩,0,,True,0.1,positive
2026-08-22 20:08:00,5,very easy and usefull app to trade.,3,18.15.1,True,0.12,positive
2026-08-22 19:45:00,5,good,0,18.14.2,True,0.13,positive
2026-08-22 19:39:00,5,Good,0,18.15.1,True,0.05,positive
2026-08-22 19:34:00,5,v good,0,18.15.1,True,0.13,positive
2026-08-22 19:23:00,1,"please update your indicator. if you don't update your indicator, i will find another broker for trading. Your indicator is not so advanced for trading.",4,18.15.1,True,0.05,"features,perf"
2026-08-22 18:59:00,3,lekin humko kuchh nahin mila,0,18.15.1,True,0.08,unthemed
2026-08-22 18:49:00,5,very nice 🙂,0,,True,0.07,positive
2026-08-22 18:08:00,5,nice 👍,0,18.15.1,True,0.12,positive
2026-08-22 17:50:00,4,good,0,18.15.1,True,0.05,positive
2026-08-22 17:48:00,5,excellent 👍👍👍👌👌👌👌,0,18.15.1,True,0.08,positive
2026-08-22 17:44:00,5,Good 👍,0,18.15.0,True,0.17,positive
2026-08-22 17:35:00,5,good 👍,1,18.15.1,True,0.12,positive
2026-08-22 16:54:00,5,nice,0,18.15.1,True,0.17,positive
2026-08-22 16:47:00,5,very good app amazing support app,0,18.15.1,True,0.1,positive
2026-08-22 16:40:00,5,good,1,18.13.2,True,0.03,positive
2026-08-22 16:33:00,5,good,0,18.15.1,True,0.15,positive
2026-08-22 16:27:00,5,Good,0,18.14.2,True,0.07,positive
2026-08-22 16:09:00,5,very good👍,1,18.15.1,True,0.1,positive
2026-08-22 16:04:00,5,"great app so far. I've been using it for the past few years and it's the best investment app for me till now. the only thing where I waste my time in the app is that everytime I have to see my notifications of target price reached, I have to go out of the app and come back again to chect the next notification. earlier it was very convenient to see all the notifications consecutively without going out from the app. so it would be good if you can kindly bring back that option again. 🙏",3,18.15.1,True,-14.0,positive
2026-08-22 15:49:00,1,App shows permission issue even after allowing permission,1,18.15.1,True,0.07,unthemed
2026-08-22 15:42:00,5,Happy,0,18.15.1,True,0.18,positive
2026-08-22 15:07:00,5,simple use,0,18.13.2,True,0.13,positive
2026-08-22 15:00:00,5,osm,0,18.15.1,True,0.07,positive
2026-08-22 14:25:00,5,super 👌👌👌,1,18.14.0,True,0.28,positive
2026-08-22 14:22:00,5,nice platform,1,18.14.1,True,0.07,positive
2026-08-22 14:16:00,5,nice,0,16.13,True,0.17,positive
2026-08-22 14:15:00,5,best app for investment,0,18.15.1,True,0.18,positive
2026-08-22 14:12:00,5,outstanding 😊,0,18.14.2,True,0.05,positive
2026-08-22 14:03:00,4,very nice,0,18.14.1,True,0.2,positive
2026-08-22 14:03:00,5,nice,1,18.15.1,True,0.2,positive
2026-08-22 13:56:00,5,very nice information and the best investment platform.,1,18.15.1,True,0.13,positive
2026-08-22 13:36:00,4,best' group aap,0,18.12.1,True,0.1,positive
2026-08-22 13:21:00,5,great,0,18.14.2,True,0.08,positive
2026-08-22 13:20:00,5,best app,0,18.13.2,True,0.1,positive
2026-08-22 13:10:00,5,good 👍,0,18.15.1,True,0.08,positive
2026-08-22 13:03:00,5,very good Withdrawal,0,18.15.0,True,0.2,positive
2026-08-22 12:50:00,4,best app for Traders,1,18.15.1,True,0.05,positive
2026-08-22 12:24:00,5,saral che,0,18.14.2,True,0.03,positive
2026-08-22 12:21:00,5,bahut achha app hai mashallah jazakallah shukriya nice,1,18.15.1,True,-12446.57,positive
2026-08-22 12:18:00,5,excellent,1,18.15.1,True,0.13,positive
2026-08-22 12:15:00,5,super 😘😘,0,,True,0.18,positive
2026-08-22 12:14:00,5,good to work in and simple to use,2,18.14.2,True,0.22,positive
2026-08-22 11:52:00,5,superb and also do gesture as did earlier like grow tea shirt,0,,True,0.2,positive
2026-08-22 11:44:00,5,excellent,1,18.15.1,True,0.15,positive
2026-08-22 11:40:00,5,best,0,18.15.1,True,0.03,positive
2026-08-22 11:33:00,4,🤚🏻 nicee!,0,18.15.1,True,0.15,positive
2026-08-22 11:25:00,5,Happy,1,18.15.1,True,0.1,positive
2026-08-22 11:21:00,5,good,1,18.15.1,True,0.08,positive
2026-08-22 11:21:00,5,no.1 digital platform,1,18.13.2,True,0.08,positive
2026-08-22 11:19:00,5,mast hai groww,0,18.15.1,True,0.12,positive
2026-08-22 11:16:00,5,good,0,18.13.2,True,0.18,positive
2026-08-22 11:06:00,5,Nice app grow,1,18.15.1,True,0.15,positive
2026-08-22 10:49:00,5,good,0,18.15.1,True,0.07,positive
2026-08-22 10:48:00,5,nice,0,18.15.1,True,0.08,positive
2026-08-22 10:34:00,5,good,0,18.15.1,True,0.13,positive
2026-08-22 10:34:00,5,The best,0,18.13.2,True,0.13,positive
2026-08-22 10:31:00,5,zabardast,0,18.15.1,True,0.18,positive
2026-08-22 10:18:00,5,very 👍 good,1,18.15.1,True,0.13,positive
2026-08-22 10:15:00,5,good,1,18.15.1,True,0.18,positive
2026-08-22 10:09:00,5,good for saving,0,18.14.1,True,0.1,positive
2026-08-22 10:05:00,5,best app application ficture and options and IPO,1,18.15.1,True,0.17,positive
2026-08-22 10:03:00,5,good 👍,0,18.15.1,True,0.2,positive
2026-08-22 09:54:00,5,good,0,18.15.1,True,0.17,positive
2026-08-22 09:51:00,4,excellent,0,18.15.1,True,0.03,positive
2026-08-22 09:51:00,5,soo good 👍,0,18.13.2,True,0.03,positive
2026-08-22 09:43:00,5,batter understood and easy,0,18.15.0,True,0.17,positive
2026-08-22 09:35:00,5,good,0,18.15.1,True,0.12,positive
2026-08-22 09:32:00,5,best,0,18.13.2,True,0.17,positive
2026-08-22 09:26:00,5,good,1,18.15.1,True,0.08,positive
2026-08-22 09:23:00,5,"easy interface, detailed analysis of companies and many more.",3,18.15.1,True,0.05,positive
2026-08-22 09:17:00,5,nice application join all frends,0,18.15.1,True,0.15,positive
2026-08-22 09:07:00,5,Good,1,18.15.1,True,0.13,positive
2026-08-22 08:53:00,1,good,1,18.13.2,True,0.18,unthemed
2026-08-22 08:43:00,5,"⭐⭐⭐⭐⭐ Great app for investing! The interface is simple, smooth, and easy to understand. Very convenient for managing investments.",0,,True,0.15,positive
2026-08-22 08:43:00,5,it is risky,0,18.15.0,True,0.15,positive
2026-08-22 08:40:00,5,Excellent,0,18.15.1,True,0.03,positive
2026-08-22 08:40:00,5,best,0,18.15.1,True,0.03,positive
2026-08-22 08:37:00,5,good information simple application,0,18.14.2,True,0.08,positive
2026-08-22 08:36:00,5,good,0,18.14.2,True,0.12,positive
2026-08-22 08:23:00,5,good for me service,0,18.15.1,True,0.05,positive
2026-08-22 08:05:00,5,best trading platform 12 lakh rupya banaen profit 10000 se profit,0,,True,0.17,positive
2026-08-22 08:01:00,5,best,0,18.15.1,True,0.05,positive
2026-08-22 07:54:00,4,"nice experience with this app very nice app, very smooth to use,very fast processing.orders so fast process.",3,18.15.1,True,0.17,positive
2026-08-22 07:47:00,5,good,0,18.15.1,True,0.1,positive
2026-08-22 07:31:00,5,good app,0,18.13.2,True,0.18,positive
2026-08-22 07:28:00,5,good 👍,1,18.14.2,True,0.05,positive
2026-08-22 07:25:00,5,very nice app,0,18.15.1,True,0.1,positive
2026-08-22 07:21:00,5,v good investment app,0,18.14.1,True,0.08,positive
2026-08-22 07:19:00,5,Nice,0,,True,0.12,positive
2026-08-22 07:04:00,5,good,0,18.15.1,True,0.18,positive
2026-08-22 06:35:00,5,very good 👍😊,0,18.15.1,True,0.12,positive
2026-08-22 06:32:00,5,nice,0,18.15.1,True,0.17,positive
2026-08-22 06:26:00,1,verry bad,0,18.15.1,True,0.08,unthemed
2026-08-22 06:11:00,5,good,0,18.15.1,True,0.07,positive
2026-08-22 05:49:00,5,very good app,0,18.15.1,True,0.07,positive
2026-08-22 04:21:00,5,excellent,0,18.15.1,True,0.08,positive
2026-08-22 01:31:00,5,all good,0,18.14.2,True,0.18,positive
2026-08-22 01:28:00,5,good,1,18.15.1,True,0.05,positive
2026-08-22 00:21:00,5,ok,0,18.15.1,True,0.08,positive
2026-08-21 23:17:00,5,Superb App,0,18.13.2,True,0.15,positive
2026-08-21 23:09:00,5,best app,0,18.13.2,True,0.1,positive
2026-08-21 22:45:00,4,good but brokerage jada lene lge,0,18.15.1,True,0.13,positive
2026-08-21 22:41:00,5,ok,0,18.15.0,True,0.2,positive
2026-08-21 22:08:00,5,good,0,18.14.0,True,0.12,positive
2026-08-21 21:59:00,5,best choice,0,17.88,True,0.08,positive
2026-08-21 21:43:00,5,vari good,0,18.15.1,True,0.17,positive
2026-08-21 21:41:00,1,worst app for trading.,0,18.11.1,True,0.2,unthemed
2026-08-21 21:35:00,5,"Really nice, Using this app from last 5 years",0,18.15.1,True,0.12,positive
2026-08-21 21:21:00,5,good,0,18.15.1,True,0.08,positive
2026-08-21 21:10:00,5,😍😍,0,18.15.1,True,0.08,positive
2026-08-21 21:05:00,5,good,0,18.15.1,True,0.17,positive
2026-08-21 21:04:00,5,good,0,18.14.2,True,0.18,positive
2026-08-21 21:02:00,5,excellent 👌,1,18.15.1,True,0.03,positive
2026-08-21 21:01:00,3,brokrage very hard,0,18.15.0,True,0.05,unthemed
2026-08-21 20:55:00,1,It's froud aps u can't fund transfer to other bank SBI security is best aps.....,0,,True,0.15,unthemed
2026-08-21 20:44:00,5,overall nice to view stock intraday charges,0,18.13.2,True,0.15,positive
2026-08-21 20:19:00,1,after SIP canceled still take charge for SIP bounce.,0,18.14.2,True,0.12,"money,charges"
2026-08-21 20:10:00,5,ok,0,18.15.1,True,0.08,positive
2026-08-21 20:05:00,5,ok,0,18.15.1,True,0.17,positive
2026-08-21 19:52:00,5,nice app,0,18.14.2,True,0.2,positive
2026-08-21 19:47:00,1,never use this let payment,1,18.15.1,True,0.1,unthemed
2026-08-21 19:45:00,5,best,0,18.15.1,True,0.13,positive
2026-08-21 19:21:00,5,Best,0,18.15.0,True,0.08,positive
2026-08-21 19:14:00,5,Excellent,0,18.15.1,True,0.2,positive
2026-08-21 19:03:00,5,good,0,18.7.1,True,0.2,positive
2026-08-21 18:54:00,1,I'll give 5 star when they introduce heatmap.....,0,18.15.0,True,0.17,unthemed
2026-08-21 18:47:00,4,Excellent,0,18.11.1,True,0.1,positive
2026-08-21 18:34:00,1,improve customer care,0,18.15.0,True,0.13,support
2026-08-21 18:30:00,4,good,0,18.14.2,True,0.2,positive
2026-08-21 18:04:00,5,good,1,18.15.0,True,0.18,positive
2026-08-21 18:03:00,5,good,0,18.15.1,True,0.2,positive
2026-08-21 18:00:00,1,worst,0,18.15.1,True,0.07,unthemed
2026-08-21 17:17:00,5,Nice app,1,18.15.1,True,0.15,positive
2026-08-21 17:07:00,5,ok,0,18.14.1,True,0.13,positive
2026-08-21 16:43:00,5,best app and must try to invest our money easy to return,0,18.15.1,True,0.17,positive
2026-08-21 16:30:00,5,very easy to use,0,18.15.1,True,0.2,positive
2026-08-21 16:19:00,5,best sandar,0,,True,0.12,positive
2026-08-21 16:15:00,5,good,0,18.15.1,True,0.18,positive
2026-08-21 16:14:00,5,it is very superb experience and it is very clear and easy to trade,0,18.15.1,True,0.2,positive
2026-08-21 16:14:00,5,super,0,18.6.1,True,0.22,positive
2026-08-21 16:14:00,5,good service and happiness,0,18.15.0,True,0.22,positive
2026-08-21 16:08:00,5,Good,1,18.15.1,True,0.12,positive
2026-08-21 15:46:00,5,so easy to handle and good experience,0,18.14.2,True,0.12,positive
2026-08-21 15:34:00,5,Good,0,18.15.1,True,0.13,positive
2026-08-21 15:33:00,1,ghatiya app sabse bhadiya zerodha zerodha groww bhool ke bhi download mat kar lena pachtaoge,0,18.15.1,True,0.15,unthemed
2026-08-21 15:27:00,5,very good,1,18.15.1,True,0.07,positive
2026-08-21 15:20:00,5,it's very usefull and very good app it's better to grow business,1,18.14.1,True,0.1,positive
2026-08-21 15:09:00,5,okkkkkkkkkkkkkkkk,0,18.14.2,True,0.1,positive
2026-08-21 15:06:00,5,very nice,0,18.15.1,True,0.15,positive
2026-08-21 15:05:00,5,Best 👌 👍 May try for better results,0,18.7.1,True,0.17,positive
2026-08-21 15:04:00,1,"शुरुआत करने वालों के लिए Groww ऐप ठीक है क्योंकि इसमें फ्री में डीमैट अकाउंट खुल जाता है और ऐप इस्तेमाल करने में आसान है। लेकिन मैंने अपने Groww और Zerodha अकाउंट की तुलना की है, और मुझे कई मामलों में इंट्राडे ट्रेडिंग के लिए Zerodha की ब्रोकरेज कम लगी। अगर आप रोज़ या बार-बार शेयर खरीदते और बेचते हैं, तो यह छोटा-सा चार्ज समय के साथ बड़ा खर्च बन सकता है। इसलिए सिर्फ फ्री अकाउंट ओपनिंग देखकर अकाउंट मत खोलिए। पहले सभी चार्ज अच्छी तरह तुलना करें।",1,18.15.1,True,0.2,unthemed
2026-08-21 14:52:00,5,good,0,18.15.0,True,0.2,positive
2026-08-21 14:51:00,5,good,0,18.15.1,True,0.03,positive
2026-08-21 14:49:00,5,very nice app 👍,1,18.15.1,True,0.07,positive
2026-08-21 14:40:00,5,best,0,18.14.2,True,0.03,positive
2026-08-21 14:40:00,5,Great platform even for beginners to invest in stock market,0,18.14.2,True,0.03,positive
2026-08-21 14:30:00,5,good,0,18.15.1,True,0.2,positive
2026-08-21 14:29:00,5,good,0,18.14.2,True,0.03,positive
2026-08-21 14:20:00,3,nice one,0,18.15.0,True,0.1,unthemed
2026-08-21 14:07:00,1,poor customer support,0,,True,0.13,support
2026-08-21 14:00:00,5,बेस्ट aap. easy to use coustomer care सपोर्टींग well,2,18.14.2,True,0.07,positive
2026-08-21 13:59:00,5,very good Groww app,0,18.15.0,True,0.08,positive
2026-08-21 13:49:00,5,join with groww app excellent support,0,18.15.0,True,0.07,positive
2026-08-21 13:41:00,5,super easy user interface,0,18.15.1,True,0.2,positive
2026-08-21 13:41:00,5,Good app for trading and investment,2,18.15.1,True,-114.25,positive
2026-08-21 13:36:00,5,good 👍🏻,0,18.15.1,True,0.1,positive
2026-08-21 13:16:00,5,good 👍,0,18.14.2,True,0.17,positive
2026-08-21 13:02:00,1,very bad castomar service,0,18.15.1,True,0.03,unthemed
2026-08-21 12:45:00,5,Best,0,18.15.1,True,0.13,positive
2026-08-21 12:44:00,1,Redeemed portfolio still showing after 1 month. Worst response from Groww support team. Not fixing it.,0,18.15.1,True,-0.03,support
2026-08-21 12:39:00,5,good app,0,18.15.1,True,0.05,positive
2026-08-21 12:34:00,5,good,0,18.15.1,True,0.13,positive
2026-08-21 12:33:00,5,very good,0,18.14.2,True,0.17,positive
2026-08-21 12:10:00,1,bahut bekar hai bilkul safot nai karta brokarge fee to anginat lagata hai kbhi 100 to kabhi 200rs to kabhi 70rs itne kamte nai utne to brokerge fee barni fad rahi hai,0,18.15.1,True,0.08,charges
2026-08-21 12:10:00,5,best,0,18.15.0,True,0.08,positive
2026-08-21 12:01:00,4,hi. I am facing some kind of techonical Error in adding money to GROWW from my saving account. ... Facing problem from last 8/9 days.,1,18.15.1,True,0.05,positive
2026-08-21 11:56:00,5,nice,0,18.14.1,True,0.13,positive
2026-08-21 11:53:00,5,one of the best discount broker ever had in india,0,,True,0.18,positive
2026-08-21 11:51:00,5,in 4 years its gud experience with this app,0,18.14.2,True,0.03,positive
2026-08-21 11:47:00,5,good 👍,0,18.12.1,True,0.1,positive
2026-08-21 11:40:00,5,nice,0,18.15.1,True,0.03,positive
2026-08-21 11:39:00,5,good,0,18.9.0,True,0.05,positive
2026-08-21 11:38:00,5,best of luck using this groww app,0,18.14.2,True,0.07,positive
2026-08-21 11:37:00,5,Good,0,18.14.2,True,0.1,positive
2026-08-21 11:33:00,4,best,0,18.15.0,True,0.17,positive
2026-08-21 11:32:00,5,good,0,18.15.0,True,0.18,positive
2026-08-21 11:30:00,5,great,0,18.13.2,True,0.23,positive
2026-08-21 11:22:00,5,good to handle,0,18.14.1,True,0.07,positive
2026-08-21 11:19:00,5,fantastic platform for New traders,0,18.14.1,True,0.12,positive
2026-08-21 11:15:00,5,niftybees candle chart not open please do something,0,18.15.0,True,-89.0,positive
2026-08-21 11:10:00,5,fantastic,0,,True,0.08,positive
2026-08-21 11:09:00,5,nice,0,18.15.1,True,0.1,positive
2026-08-21 10:58:00,5,good 👍😊 happy,0,18.15.1,True,0.1,positive
2026-08-21 10:41:00,5,very good groww,0,18.13.2,True,0.2,positive
2026-08-21 10:39:00,5,good,0,18.15.1,True,0.05,positive
2026-08-21 10:37:00,1,pathentic customer service. on chat no reply/ no resolution/ no response. if you call some agent delete call and not callback. few persons answer call.,6,18.15.1,True,0.08,support
2026-08-21 10:36:00,1,switching to lemonn app ..as the brokerage is very high and the interface has become laggy and doesn't work in the critical times.,1,,True,0.1,charges
2026-08-21 10:35:00,5,good,0,18.15.0,True,0.13,positive
2026-08-21 10:33:00,5,best,0,18.13.2,True,0.17,positive
2026-08-21 10:32:00,5,nice,0,18.15.1,True,0.18,positive
2026-08-21 10:27:00,5,very nice 👍 easy operating,1,18.15.0,True,0.07,positive
2026-08-21 10:25:00,4,Good work.,1,18.15.1,True,0.1,positive
2026-08-21 10:20:00,5,best,1,18.15.0,True,0.1,positive
2026-08-21 10:18:00,1,main kahana chahta hun isase bada app kabhi bhi aapane dekha nahin hoga kyunki iska support system jo hai na bahut hota Hai aur yah Jo aapka app hai na yah aapko badhiya se kuchh samajh mein samajhne ke liye bhi nahin hoga kyunki yah app Apne Marji se chalta hai aapko koi bhi download nahin Karega,0,18.15.1,True,0.13,support
2026-08-21 10:16:00,3,very nice 🙂,0,18.14.1,True,0.17,unthemed
2026-08-21 10:13:00,5,good 👍,0,18.15.0,True,0.03,positive
2026-08-21 10:10:00,5,பயன்படுத்துவது எளிமையாக உள்ளது,0,18.15.0,True,0.08,positive
2026-08-21 10:10:00,1,not working in my phone after allow permission button page not proceeding,0,18.15.1,True,0.08,unthemed
2026-08-21 10:09:00,5,Excellent app,0,18.15.1,True,0.12,positive
2026-08-21 10:09:00,5,Superb,0,18.15.1,True,0.12,positive
2026-08-21 10:03:00,5,good aap,1,18.15.0,True,0.22,positive
2026-08-21 10:02:00,1,App is good but its take very high charge in buy and sell two times take charges,0,18.15.1,True,0.03,charges
2026-08-21 09:59:00,5,very nice,0,18.15.1,True,0.08,positive
2026-08-21 09:56:00,5,just wow easy and fast,0,18.15.0,True,0.13,positive
2026-08-21 09:55:00,5,amazing,1,18.15.1,True,0.17,positive
2026-08-21 09:52:00,4,good,0,18.15.0,True,0.22,positive
2026-08-21 09:49:00,5,good,0,18.15.1,True,0.07,positive
2026-08-21 09:45:00,5,👍,0,18.15.1,True,0.13,positive
2026-08-21 09:45:00,5,nise,0,18.13.2,True,0.13,positive
2026-08-21 09:45:00,5,good 👍,0,18.15.1,True,0.15,positive
2026-08-21 09:40:00,5,inter face good,0,18.15.1,True,0.03,positive
2026-08-21 09:39:00,5,Good,0,18.14.1,True,0.05,positive
2026-08-21 09:36:00,5,v good,0,,True,0.1,positive
2026-08-21 09:34:00,5,friendly and good for first time trading,0,18.15.1,True,0.15,positive
2026-08-21 09:27:00,5,good experience,0,18.15.1,True,0.07,positive
2026-08-21 09:27:00,1,Add payment doesn't work it shows unexpected error since 1 week and the customer support doesn't even bother to help they don't respond untill we get frustrated and then when we leave due to no response these guys are closing chat,4,18.15.1,True,0.07,"support,perf"
2026-08-21 09:26:00,5,good,0,18.15.0,True,0.08,positive
2026-08-21 09:24:00,1,bad application..option premium not open in different time fream,1,18.15.1,True,0.03,unthemed
2026-08-21 09:20:00,5,good,0,18.15.0,True,0.1,positive
2026-08-21 09:19:00,5,very good app,0,18.14.2,True,0.12,positive
2026-08-21 09:17:00,5,Nice,0,18.15.0,True,0.17,positive
2026-08-21 09:16:00,5,good,0,18.15.1,True,0.18,positive
2026-08-21 09:13:00,5,best brocking app 👍,0,18.15.1,True,0.03,positive
2026-08-21 09:09:00,5,good 👍,0,18.13.2,True,0.1,positive
2026-08-21 09:04:00,5,excellent app,0,18.15.1,True,0.18,positive
2026-08-21 09:01:00,5,I like this app and easy to trade And trading view also have there I'm happy😊😁😀,1,18.14.0,True,0.05,positive
2026-08-21 08:59:00,5,okay,0,18.15.1,True,0.08,positive
2026-08-21 08:56:00,5,good,0,18.15.1,True,0.15,positive
2026-08-21 08:53:00,5,is the best app,0,18.14.2,True,0.2,positive
2026-08-21 08:52:00,1,Sell karne ke time panding me chela jata hai ore sell nahi fir lose hone ke baad sell hota hai kya kare ! Aaj Banas 132 ka sell Kiya ore our sab etc etc share bt sell he na Howe Abe Monday ko ore kimant lose honga. . iska koi solution do company ko buy karna chaiye groww ko customer police hai customer happiness is everything . Me our mare 32 Firends use kar rahe hai unme se 25 ko esa huwa fir sab dusre application ko use karenge .. i Hadley request you iska koi solution lao jaldi 🙏,0,18.15.1,True,0.22,unthemed
2026-08-21 08:46:00,5,good,0,18.15.1,True,0.12,positive
2026-08-21 08:30:00,5,best app for India 🇮🇳,0,18.15.1,True,0.2,positive
2026-08-21 08:16:00,5,good 👍,0,18.14.1,True,0.17,positive
2026-08-21 08:09:00,5,thank you,0,,True,0.1,positive
2026-08-21 08:07:00,5,easy trading flatform and more options for smart investment overall good app,2,18.15.1,True,0.13,positive
2026-08-21 08:02:00,5,Easy to process,0,18.15.0,True,0.03,positive
2026-08-21 08:00:00,5,Good 👍,0,18.15.1,True,0.07,positive
2026-08-21 07:58:00,4,nice,0,18.0.0,True,0.1,positive
2026-08-21 07:56:00,2,all parmition age jata nahi,1,18.15.1,True,0.15,unthemed
2026-08-21 07:55:00,5,good,0,18.15.1,True,0.17,positive
2026-08-21 07:54:00,5,Best investment app,1,18.15.1,True,0.18,positive
2026-08-21 07:53:00,1,"After recent update, This app is not showing correct MF balances and not working as expected.",3,18.15.1,True,0.0,perf
2026-08-21 07:52:00,5,Overall Good.,0,18.15.1,True,0.23,positive
2026-08-21 07:51:00,5,very good,0,18.15.1,True,0.03,positive
2026-08-21 07:49:00,5,good,0,18.15.1,True,0.07,positive
2026-08-21 07:45:00,5,Good 👍,0,18.15.1,True,0.15,positive
2026-08-21 07:33:00,5,very nice,1,18.15.1,True,0.15,positive
2026-08-21 07:31:00,5,excellent app,0,18.15.0,True,0.18,positive
2026-08-21 07:28:00,5,good 😊,0,18.15.0,True,0.05,positive
2026-08-21 07:06:00,5,Good Application,0,18.15.1,True,0.15,positive
2026-08-21 06:57:00,1,super,0,18.15.0,True,0.12,unthemed
2026-08-21 06:47:00,4,nice apps,0,18.15.1,True,0.1,positive
2026-08-21 06:45:00,5,good tool for new investor,0,,True,0.13,positive
2026-08-21 06:45:00,5,good,0,18.15.1,True,0.13,positive
2026-08-21 06:24:00,5,Thank,0,18.14.2,True,0.03,positive
2026-08-21 06:07:00,1,Demet account do not open . why? ans __groww demet close option not available in app and very unusefull link send by groww and without permission many of mail send but closeing of demet are not available....,0,,True,0.13,unthemed
2026-08-21 05:15:00,5,very good 👍👍😊😊,0,18.15.1,True,0.18,positive
2026-08-21 04:53:00,5,very easy bying selling,0,18.15.0,True,0.18,positive
2026-08-21 03:33:00,5,super apps,0,18.15.1,True,0.15,positive
2026-08-21 03:06:00,5,👍 good,0,18.15.1,True,-36.03,positive
2026-08-21 02:11:00,5,It's Too Good 😊 Essay to Use,0,18.15.1,True,0.07,positive
2026-08-21 01:43:00,5,very nice,0,18.15.1,True,0.17,positive
2026-08-21 01:42:00,5,excellent 👌,0,18.14.1,True,0.18,positive
2026-08-21 01:36:00,1,"Very worst app, i joined via Attapoll app. This app devoloper offered joining reward, but they did not credited promised reward. I submitted proof in [NAME] form. They said me Groww team not approved your reward. it's mean Groww team is cheated me. Really disappointed, very very shame on you Groww team.",2,18.13.2,True,0.1,unthemed
2026-08-21 01:13:00,1,"Worst ever experience, you guys are thieves i mistakenly chose the MF prime plan, now I can't revert back to Classic plan. no OTP is coming, either in sms or mail",2,18.15.1,True,0.03,money
2026-08-21 01:06:00,5,super 😍,0,18.15.1,True,0.15,positive
2026-08-21 00:53:00,1,I am getting a discrepancy in my funds amount . When I cross checked with amc website I found the amount is much higher on AMC websites . Customer care doesn't respond to my calls nor the chat option is working.,0,18.15.1,True,0.18,"support,charges"
2026-08-21 00:35:00,1,I don't see referral option in my groww app. Why is it? Says update the app and it shows groww app is upto date.,0,18.15.1,True,-3.7,perf
2026-08-21 00:00:00,5,good app,0,,True,0.07,positive
2026-08-20 23:56:00,5,good,0,18.14.0,True,0.13,positive
2026-08-20 23:52:00,1,I am writing to bring to your attention a technical issue I am facing with chart pricing on your platform. legging chart note fast app very slow uploading chart I am use best Wi-Fi jio wifi and airtel WiFi but your chart is very slow loading,0,,True,0.2,"features,perf"
2026-08-20 23:51:00,5,good response,0,18.15.1,True,0.03,positive
2026-08-20 23:18:00,5,good 👍👍 aap,0,18.15.1,True,0.13,positive
2026-08-20 23:11:00,5,excellent,0,18.15.1,True,0.07,positive
2026-08-20 23:00:00,5,supup growwwww,0,18.15.1,True,0.07,positive
2026-08-20 22:46:00,5,Nice 👍👍,0,18.15.1,True,0.12,positive
2026-08-20 22:46:00,5,groww is easy to use with a good interface,2,18.14.2,True,0.12,positive
2026-08-20 22:39:00,5,good,0,18.15.0,True,0.05,positive
2026-08-20 22:36:00,5,good,0,18.15.0,True,0.1,positive
2026-08-20 22:35:00,5,nice app,0,18.15.1,True,0.12,positive
2026-08-20 22:30:00,5,📈📉,0,,True,0.02,positive
2026-08-20 22:28:00,5,excellent,0,18.15.1,True,0.05,positive
2026-08-20 22:26:00,5,it is best for trading,0,18.15.1,True,0.1,positive
2026-08-20 22:22:00,5,good,0,18.15.1,True,0.07,positive
2026-08-20 21:37:00,5,ok,0,18.15.1,True,0.08,positive
2026-08-20 21:30:00,5,Best trading app,0,18.10.1,True,0.2,positive
2026-08-20 21:20:00,2,I am trying since yesterday but I can't go through new issue,3,18.15.1,True,0.1,unthemed
2026-08-20 21:13:00,5,bast app,0,,True,0.03,positive
2026-08-20 21:09:00,5,nice,0,18.15.0,True,0.1,positive
2026-08-20 20:46:00,5,love you,0,18.15.0,True,0.12,positive
2026-08-20 20:42:00,5,ok,0,18.14.1,True,0.18,positive
2026-08-20 20:22:00,5,very good,0,18.14.1,True,0.07,positive
2026-08-20 19:57:00,5,good 👍,0,18.15.1,True,0.12,positive
2026-08-20 19:43:00,5,it's amazing,0,18.14.2,True,0.17,positive
2026-08-20 19:36:00,5,very good app,0,18.15.1,True,0.1,positive
2026-08-20 19:36:00,5,eassy way all over broker apps,0,18.15.1,True,0.1,positive
2026-08-20 19:33:00,4,good,0,18.14.2,True,0.15,positive
2026-08-20 19:29:00,5,"it's very easy to use and understand the all trading details and you can easily invest, sale & purchase your share as well as mutual funds. and most important thing is to pay your SIP without skipping",5,18.15.1,True,0.03,positive
2026-08-20 19:21:00,5,very good 💯😊,0,18.15.1,True,0.08,positive
2026-08-20 19:10:00,5,iam growing financially....,0,18.15.1,True,-16012.37,positive
2026-08-20 19:07:00,5,good 💯,0,18.14.2,True,0.13,positive
2026-08-20 18:59:00,5,awesome,0,18.15.0,True,0.08,positive
2026-08-20 18:39:00,1,"As per the ads thinking that the app is user friendly, started using groww app & its been 3 months. I have been using zerodha for the last 5-6 years. I found zerodha is more user friendly than the groww app. I place the order ""limit"" option but execute with the ""market"" option & incur me the losses. I faced this issue twice in the last 3 months. Not just this problem, there are many more issues in UI wise. I use paytm money & zerodha as well. I recommend any other app than this worst GROWW app.",10,18.15.1,True,0.05,features
2026-08-20 18:29:00,4,in scaling mode we not able to use trading view chart,4,18.15.1,True,0.03,positive
2026-08-20 18:26:00,4,best app for withdrawal and fast process 👍🏻,0,18.15.1,True,0.08,positive
2026-08-20 18:13:00,5,excellent service sir 👍 please,0,18.15.1,True,0.03,positive
2026-08-20 18:11:00,5,best,0,18.15.1,True,0.07,positive
2026-08-20 17:58:00,5,Good place to invest,0,18.15.0,True,-10704.27,positive
2026-08-20 17:56:00,5,ok,0,18.15.0,True,0.13,positive
2026-08-20 17:54:00,5,good app to use,0,18.15.1,True,0.17,positive
2026-08-20 17:53:00,5,good,0,18.13.2,True,0.18,positive
2026-08-20 17:41:00,5,good 👍,0,18.15.1,True,0.2,positive
2026-08-20 17:38:00,3,प्रीमियम चार्ट पर पोजिशन शो नही करता चार्ट पर ही SL लगाने और TP का ऑप्शन भी होना चाहिए दूसरे सब ब्रोकर में आता है,0,18.15.1,True,0.07,unthemed
2026-08-20 17:37:00,5,good,0,18.13.2,True,0.08,positive
2026-08-20 17:33:00,5,good app,0,,True,0.15,positive
2026-08-20 17:28:00,1,"useless app. web portal and customer care sont access the same database. new user onboarding experience is pathetic. even after successful kyc completion, their systems don't reflect what was done on website. a platform that can't even handle new customer onboarding right, not sure has the capability to handle trading and financial transactions right",0,,True,0.05,"support,money"
2026-08-20 17:12:00,5,super,1,18.15.1,True,0.05,positive
2026-08-20 16:52:00,4,best,0,18.15.1,True,0.2,positive
2026-08-20 16:46:00,5,super,0,18.14.1,True,0.12,positive
2026-08-20 16:43:00,5,Best application,0,18.15.1,True,0.17,positive
2026-08-20 16:32:00,5,good,0,18.15.0,True,0.17,positive
2026-08-20 15:50:00,1,verry 😔 bad,0,18.15.0,True,0.05,unthemed
2026-08-20 15:46:00,4,Good & well maintained,1,18.15.1,True,0.12,positive
2026-08-20 15:42:00,5,good 👍😊,0,18.15.1,True,0.2,positive
2026-08-20 15:42:00,5,very good app,0,,True,0.2,positive
2026-08-20 15:28:00,5,better,1,,True,0.05,positive
2026-08-20 15:21:00,5,Best demat account,1,18.15.1,True,0.08,positive
2026-08-20 15:19:00,4,Lot of options well arranged for ease of selection and execution.,3,18.13.2,True,0.12,positive
2026-08-20 15:18:00,5,"hmm good platform to invest in and it's interface is easy to use,",0,18.13.2,True,0.13,positive
2026-08-20 15:12:00,5,🙌🏼,0,18.15.0,True,0.05,positive
2026-08-20 15:01:00,5,super,0,18.15.1,True,0.05,positive
2026-08-20 14:56:00,5,super,1,18.15.1,True,0.13,positive
2026-08-20 14:54:00,5,very good,0,18.14.2,True,0.17,positive
2026-08-20 14:52:00,5,good,0,18.14.2,True,0.22,positive
2026-08-20 14:49:00,5,ok,0,18.10.1,True,0.07,positive
2026-08-20 14:48:00,5,best,0,18.15.0,True,0.08,positive
2026-08-20 14:45:00,5,Good 👍,0,18.14.2,True,0.15,positive
2026-08-20 14:44:00,5,good,1,18.14.2,True,0.17,positive
2026-08-20 14:42:00,5,nice 👍 🙂,0,18.15.0,True,0.2,positive
2026-08-20 14:42:00,5,op😀,0,18.15.1,True,0.22,positive
2026-08-20 14:35:00,5,good,0,18.15.1,True,0.12,positive
2026-08-20 14:17:00,3,"Overall a Good experience, it's has improved alot now. But should add ""Return Value - Total & Days change"" just as it's available in Moneycontrol portfolio section alongwith %change. thanks 👍🏼",78,18.15.1,True,0.15,unthemed
2026-08-20 14:13:00,5,vary good service,0,18.5.0,True,0.03,positive
2026-08-20 14:08:00,4,good,0,18.14.2,True,0.12,positive
2026-08-20 13:55:00,3,very nice 👍👍,0,18.13.2,True,0.15,unthemed
2026-08-20 13:44:00,5,good,0,18.15.0,True,0.15,positive
2026-08-20 13:33:00,5,good💯,0,18.15.1,True,0.15,positive
2026-08-20 13:31:00,5,good,0,18.14.1,True,0.18,positive
2026-08-20 13:27:00,5,very user friendly,1,18.15.1,True,0.07,positive
2026-08-20 13:25:00,5,excellent,0,18.15.1,True,0.1,positive
2026-08-20 13:15:00,5,nice user friendly. but in mf break down investment needs.,0,18.15.1,True,0.18,positive
2026-08-20 13:05:00,5,great for beginners 💯,0,18.14.2,True,0.17,positive
2026-08-20 13:03:00,4,good,0,18.15.1,True,0.22,positive
2026-08-20 13:00:00,5,this app is very nice and good experience in the world the All,0,,True,0.07,positive
2026-08-20 12:57:00,5,awesome,0,18.15.0,True,0.12,positive
2026-08-20 12:52:00,5,super,0,18.15.0,True,0.2,positive
2026-08-20 12:48:00,4,good 👍👍👍,1,18.15.1,True,0.08,positive
2026-08-20 12:42:00,5,supar,0,18.15.1,True,0.18,positive
2026-08-20 12:40:00,4,good,0,18.14.1,True,0.03,positive
2026-08-20 12:40:00,5,super,0,18.15.1,True,0.03,positive
2026-08-20 12:37:00,5,fantastic,0,18.14.1,True,0.08,positive
2026-08-20 12:37:00,3,Unwanted notifications. Order sometimes switches to bse automatically. Now showing other unwanted stocks in holdings page.,15,18.12.1,True,-15980.38,unthemed
2026-08-20 12:35:00,5,very user-friendly,0,18.15.0,True,0.13,positive
2026-08-20 12:33:00,5,good,0,17.27,True,0.17,positive
2026-08-20 12:32:00,5,nc app,0,18.14.2,True,0.18,positive
2026-08-20 12:31:00,1,"chor company hai,,, worse app,,swip your hard earned money",0,18.15.0,True,0.22,unthemed
2026-08-20 12:31:00,5,best platform for investment,1,18.15.1,True,0.22,positive
2026-08-20 12:30:00,5,good,0,18.15.1,True,0.25,positive
2026-08-20 12:29:00,1,"worst aap for trading, when buying it always busy higher and while selling it always sells lower than market. it has happened with me like 8-10 times.",1,18.14.2,True,-0.23,unthemed
2026-08-20 12:27:00,5,good,0,18.15.1,True,0.07,positive
2026-08-20 12:21:00,2,charge is high,0,18.14.2,True,0.08,charges
2026-08-20 12:20:00,5,best,0,18.15.1,True,0.1,positive
2026-08-20 12:18:00,5,Best,0,18.15.1,True,0.13,positive
2026-08-20 12:14:00,5,"please add chart me camarilla 5,6, Leval indicator-condition alert add kro",1,18.15.1,True,-8037.33,positive
2026-08-20 12:13:00,5,"Proud to have it 😊, excellent app👍🏻",0,18.14.2,True,0.03,positive
2026-08-20 12:05:00,5,super,0,18.15.0,True,0.18,positive
2026-08-20 11:52:00,4,"I downloaded the Groww app and completed the registration process. However, when I reached the “Allow Permissions” step, I allowed all the required permissions, but after that, the app is not opening or proceeding further. It is stuck on the “Allow Permissions” screen, and I am unable to continue the process.",9,18.15.1,True,0.2,positive
2026-08-20 11:50:00,5,very good,0,18.12.1,True,0.05,positive
2026-08-20 11:32:00,5,good,0,18.15.1,True,0.17,positive
2026-08-20 11:31:00,5,very good,0,18.15.1,True,0.18,positive
2026-08-20 11:24:00,4,good good,0,18.14.2,True,0.12,positive
2026-08-20 11:22:00,5,good,0,18.14.2,True,0.07,positive
2026-08-20 11:13:00,1,after update app lag,1,18.15.1,True,0.03,perf
2026-08-20 11:13:00,1,good,0,18.15.1,True,0.03,unthemed
2026-08-20 11:09:00,5,i love 😘,0,18.15.1,True,0.1,positive
2026-08-20 11:06:00,5,best,0,18.14.2,True,0.17,positive
2026-08-20 11:01:00,5,nice,0,18.15.0,True,0.05,positive
2026-08-20 10:59:00,5,good app,0,18.15.1,True,0.08,positive
2026-08-20 10:56:00,5,good service,0,18.15.1,True,0.13,positive
2026-08-20 10:51:00,5,excellent,0,18.14.2,True,0.03,positive
2026-08-20 10:50:00,4,is forex trading available on Groww? I tried for Dow but it's asking me to login again through email/google. Is this how it was intended to be?,0,,True,0.05,positive
2026-08-20 10:47:00,5,good app,0,18.15.1,True,0.12,positive
2026-08-20 10:45:00,5,helpful app,0,18.15.0,True,0.15,positive
2026-08-20 10:43:00,5,good app for invastar,0,18.15.1,True,0.18,positive
2026-08-20 10:43:00,5,best trading app for every trader. I sugges to every trader can use this app without hesitation.,0,,True,0.2,positive
2026-08-20 10:41:00,5,good 👍,0,18.15.1,True,0.23,positive
2026-08-20 10:36:00,5,I was a newbie in share market groww helped to open demat account in minutes. user experience is such a great even for new user.,1,,True,0.1,positive
2026-08-20 10:32:00,5,Very good app,0,18.15.1,True,0.17,positive
2026-08-20 10:30:00,5,ട uper ❤️,1,18.15.1,True,0.2,positive
2026-08-20 10:23:00,5,very nice app groww trading es app per ek aam insan bhi sip ya ipo ya investment ker sakta hai,0,18.14.2,True,0.05,positive
2026-08-20 10:17:00,1,Why do you update this app every day? You should improve the Play Store update process and release updates at least once a month.,3,18.15.1,True,0.15,perf
2026-08-20 10:12:00,2,"I modified the order [ID]-4 times , but it didn't work.Finally I placed at market price , which usually place at more high price, need to fix this issue.Prop firm get benefit by this, small margin, and we retail trader loss money , because of this kind of issues.",3,,True,0.05,unthemed
2026-08-20 10:10:00,5,good work,0,18.15.0,True,0.08,positive
2026-08-20 10:09:00,5,awesome,0,18.15.1,True,0.1,positive
2026-08-20 10:00:00,5,good,0,18.15.1,True,0.07,positive
2026-08-20 09:52:00,5,very nice service,0,18.14.2,True,0.2,positive
2026-08-20 09:40:00,4,good app,0,18.15.1,True,0.03,positive
2026-08-20 09:36:00,5,very nice,0,18.13.2,True,0.1,positive
2026-08-20 09:31:00,5,good.,0,18.15.0,True,0.18,positive
2026-08-20 09:17:00,5,nice,1,18.15.1,True,0.15,positive
2026-08-20 09:16:00,5,superb app,0,18.15.1,True,0.17,positive
2026-08-20 09:14:00,5,excellent trading aap,0,18.15.0,True,0.2,positive
2026-08-20 09:07:00,5,very good,0,18.15.1,True,0.13,positive
2026-08-20 09:07:00,5,very nice,1,18.15.1,True,0.13,positive
2026-08-20 09:03:00,2,[NAME] mujhe sikhana hai,1,18.15.1,True,0.22,unthemed
2026-08-20 09:00:00,5,Best app for trading,0,18.14.2,True,0.07,positive
2026-08-20 08:50:00,4,nice,0,18.15.0,True,0.05,positive
2026-08-20 08:46:00,5,good,0,18.13.2,True,0.12,positive
2026-08-20 08:45:00,5,"Groww ऐप निवेश और ट्रेडिंग के लिए बहुत अच्छा और आसान प्लेटफॉर्म है। इसका इंटरफेस सरल है और शेयर, म्यूचुअल फंड आदि की जानकारी आसानी से मिल जाती है। नए निवेशकों के लिए भी इसे समझना काफी आसान है। कुल मिलाकर मेरा अनुभव बहुत अच्छा रहा है।",0,18.13.2,True,-20.5,positive
2026-08-20 08:30:00,5,Nice एप्लीकेशन फोर ट्रेडिंग,1,18.15.1,True,0.2,positive
2026-08-20 08:30:00,5,best app,0,18.15.1,True,0.2,positive
2026-08-20 08:21:00,5,[NAME] very good a,1,18.15.1,True,0.08,positive
2026-08-20 08:13:00,5,"मेरी Limitation — Honestly: IssueDetailNo intraday volume splitमुझे पूरे दिन का total volume मिलता हैNo ""same-time"" comparison10 AM का avg volume अलग calculate नहीं होताNo rolling avg feed10/20-day avg same-time volume का data नहींPre-market = 0Market खुलने से पहले कोई volume नहीं ye GR1 KI WORDING HAI ISKO SOUGHT KARO vase GR1 IS THE BEST FOR ME",0,17.97.2,True,0.03,positive
2026-08-20 08:12:00,5,excellent experience with you.,1,18.15.1,True,0.05,positive
2026-08-20 08:05:00,1,"Giving 1 star just because I tried a lot to skip my sips for a month and it shows it can be done 2 days before sip date, but even before 2 days it doesn't work. I recently got operated on my knee and I'm not able to go for work due to which I'm facing financial issues and just need one month to get back on track and so tried to skip one installment but the useless feature doesn't work. So I urge users to think before you install this app, as in emergency groww won't help you at all.",8,18.15.1,True,0.17,money
2026-08-20 08:05:00,5,very good platform all broking and wealth product,0,18.15.0,True,0.18,positive
2026-08-20 08:03:00,1,"I called the helpline number regarding a problem. They kept me waiting for 5–10 minutes, but still no one answered my call.",0,18.15.1,True,0.22,support
2026-08-20 07:54:00,5,nice 👍,0,18.15.1,True,0.17,positive
2026-08-20 07:52:00,3,good,0,18.13.2,True,0.2,unthemed
2026-08-20 07:47:00,5,good,0,18.15.1,True,0.1,positive
2026-08-20 07:40:00,5,nice,0,18.15.1,True,0.03,positive
2026-08-20 07:27:00,5,great,0,18.14.1,True,0.07,positive
2026-08-20 07:19:00,1,with latest update app not working properly. app getting froze when I open charts of etf but for stocks working.international indices are not getting opened.,3,18.15.0,True,0.12,"features,perf"
2026-08-20 07:16:00,5,good,0,18.15.1,True,0.17,positive
2026-08-20 07:15:00,5,nice,0,18.11.1,True,0.18,positive
2026-08-20 07:13:00,1,fake fraud,0,,True,0.03,unthemed
2026-08-20 06:56:00,1,"very High brokerage charges 1 F&O ORDER Pe ₹71, 20+20+31 not recommended",1,18.15.1,True,0.13,"features,charges"
2026-08-20 06:40:00,5,great,0,18.15.0,True,0.03,positive
2026-08-20 05:03:00,5,उत्कृष्ट,0,18.14.1,True,0.2,positive
2026-08-20 04:50:00,5,Very good,0,18.2.1,True,0.05,positive
2026-08-20 04:37:00,1,"Enable Login Otp option - via Email also @ not only via mobile otp . Most sims ( networks) are not allowing otp if recharge expired and we are forced to recharge - and such times we are facing problem to login to groww on new devices. Other Apps like Dhann, Upstox etc providing both Mobile + Gmail Login otps too. Only Groww is troubling without any customer friendly improvement. If this continues - will close all groww accounts. #Enable_Emailid_Login_Otp's_On_Groww read again",22,18.15.1,True,-0.37,"support,money"
2026-08-20 02:48:00,5,need more filters or ai tools in built,0,18.14.2,True,0.08,positive
2026-08-20 02:41:00,5,supper,0,18.15.1,True,0.2,positive
2026-08-20 01:50:00,5,very nice application,0,18.15.0,True,0.05,positive
2026-08-20 01:26:00,5,👍 ok🏦🏦🏦🏦🙏🙏👍❤️❤️❤️❤️❤️❤️,0,18.15.1,True,0.08,positive
2026-08-20 01:07:00,5,nice,0,18.15.1,True,0.13,positive
2026-08-20 00:57:00,5,"EAST OR WEST , GROWW IS BEST OF BEST",1,18.15.1,True,0.12,positive
2026-08-20 00:43:00,5,good proses,0,18.14.2,True,0.17,positive
2026-08-20 00:39:00,5,good,0,18.15.1,True,0.05,positive
2026-08-19 23:51:00,5,good,0,18.14.2,True,0.03,positive
2026-08-19 23:31:00,5,nice app,0,18.12.1,True,0.18,positive
2026-08-19 23:26:00,4,good,0,18.14.2,True,0.08,positive
2026-08-19 23:26:00,4,good,1,18.15.1,True,0.08,positive
2026-08-19 23:01:00,5,ok,0,18.15.1,True,0.05,positive
2026-08-19 22:19:00,5,next level,0,18.15.1,True,0.12,positive
2026-08-19 22:17:00,5,Excellent,0,18.5.0,True,0.15,positive
2026-08-19 22:13:00,5,nice 👍👍👍👍👍👍👍👍👍,0,,True,0.03,positive
2026-08-19 22:07:00,5,good,0,18.15.0,True,0.13,positive
2026-08-19 21:56:00,5,good,0,18.14.2,True,0.13,positive
2026-08-19 21:48:00,5,good,0,18.13.2,True,0.08,positive
2026-08-19 21:43:00,5,ok,0,18.14.1,True,0.17,positive
2026-08-19 21:37:00,5,nice app,0,18.15.0,True,0.08,positive
2026-08-19 21:36:00,5,good,0,18.14.1,True,0.1,positive
2026-08-19 21:35:00,5,how can i link family account,0,17.12,True,0.12,positive
2026-08-19 21:22:00,4,good 👍,0,18.15.0,True,0.07,positive
2026-08-19 21:20:00,4,good,1,18.15.1,True,0.1,positive
2026-08-19 21:18:00,1,mera stock lal q hai,1,18.15.1,True,0.13,unthemed
2026-08-19 21:15:00,5,good,1,18.15.1,True,0.2,positive
2026-08-19 21:06:00,5,good 😊,0,18.13.2,True,0.15,positive
2026-08-19 21:04:00,5,good,0,18.13.2,True,0.18,positive
2026-08-19 21:03:00,5,very easy to invest,1,18.15.1,True,0.2,positive
2026-08-19 20:55:00,5,good,0,18.15.0,True,0.15,positive
2026-08-19 20:41:00,5,best👍,0,18.15.0,True,0.2,positive
2026-08-19 20:36:00,3,ok,1,18.15.1,True,0.1,unthemed
2026-08-19 20:35:00,5,good job 👍,0,18.15.0,True,0.12,positive
2026-08-19 20:23:00,5,brilliant,0,18.15.1,True,0.05,positive
2026-08-19 20:13:00,5,very useful and helpful app,2,18.15.1,True,0.03,positive
2026-08-19 20:04:00,5,good,0,18.14.1,True,0.18,positive
2026-08-19 19:56:00,5,good,0,18.15.0,True,0.13,positive
2026-08-19 19:48:00,5,good,0,,True,0.08,positive
2026-08-19 19:41:00,5,good,0,18.15.0,True,0.2,positive
2026-08-19 19:05:00,5,❤️,0,18.15.0,True,0.17,positive
2026-08-19 17:56:00,3,ok,1,18.15.1,True,0.13,unthemed
2026-08-19 17:54:00,5,Good and helpful,0,18.11.1,True,0.17,positive
2026-08-19 17:41:00,5,nice 👍,1,18.15.1,True,0.2,positive
2026-08-19 17:37:00,5,so very user friendly. infos and updates are useful.,3,18.15.1,True,0.08,positive
2026-08-19 17:34:00,4,"I m lay man,67years old,retired डायरेक्टर from Ministry,Govt of India, Very satisfied to the services provided by Groww Team, I don't know anything about stock, share etc, a very little amount from pension,I'm investing through this honest platform,",1,18.15.1,True,0.13,positive
2026-08-19 17:33:00,5,nice 👍👍👍👍,0,18.15.1,True,0.15,positive
2026-08-19 17:19:00,5,great,0,18.15.1,True,0.12,positive
2026-08-19 17:17:00,5,good,0,18.14.1,True,0.15,positive
2026-08-19 17:04:00,5,Very good. Very dependable.,0,18.15.0,True,0.18,positive
2026-08-19 16:48:00,1,Hb ka,0,,True,0.08,unthemed
2026-08-19 16:44:00,4,good,0,18.13.2,True,0.15,positive
2026-08-19 16:41:00,4,very good,0,18.15.0,True,0.2,positive
2026-08-19 16:41:00,5,I am having nice experience,0,18.15.1,True,0.22,positive
2026-08-19 16:39:00,5,very good,0,18.14.2,True,0.05,positive
2026-08-19 16:36:00,5,A+,1,18.15.1,True,0.1,positive
2026-08-19 16:35:00,5,very good,0,18.14.2,True,0.12,positive
2026-08-19 16:29:00,5,its very useful and helpful to save and increase your personal pocket money and feature investment plane,1,18.15.0,True,0.03,positive
2026-08-19 16:17:00,5,ok,0,18.15.1,True,0.15,positive
2026-08-19 16:07:00,5,best,0,18.14.2,True,0.13,positive
2026-08-19 15:53:00,5,User friendly app.,1,18.15.1,True,0.18,positive
2026-08-19 15:38:00,5,best app in world 🌎,0,,True,0.07,positive
2026-08-19 15:31:00,5,good,1,18.15.1,True,0.18,positive
2026-08-19 15:30:00,4,easy to use,0,18.15.0,True,0.2,positive
2026-08-19 15:26:00,5,good,0,18.15.0,True,0.08,positive
2026-08-19 15:24:00,5,excellent,0,18.15.1,True,0.03,positive
2026-08-19 15:11:00,5,😊 good,0,18.14.2,True,0.07,positive
2026-08-19 15:06:00,1,Very very bad not working properly and Bank nifty ka details not clear 74000 I am losses in 2024 to 2026 and not updated properly very very bad and God aplication angle one,1,18.15.1,True,-15960.7,unthemed
2026-08-19 15:03:00,5,best app,1,18.15.1,True,0.2,positive
2026-08-19 14:47:00,4,excellent experience,0,18.15.0,True,0.1,positive
2026-08-19 14:41:00,5,nice 👍🙂 best compared to others,0,18.14.2,True,0.2,positive
2026-08-19 14:33:00,4,good 👍,0,18.15.0,True,0.15,positive
2026-08-19 14:28:00,1,"Dear groww, Worst app always i have profit for 2500 but app was automatically refreshing get stuck my loss happen due to groww app I want to raise complain groww",3,18.15.1,True,0.05,perf
2026-08-19 14:27:00,5,good,0,18.13.2,True,0.07,positive
2026-08-19 14:21:00,5,good,0,18.15.1,True,0.08,positive
2026-08-19 14:13:00,5,good,0,18.15.1,True,0.03,positive
2026-08-19 14:09:00,4,very good service based application,1,18.15.1,True,0.1,positive
2026-08-19 13:58:00,5,not bad not good,0,18.15.0,True,0.1,positive
2026-08-19 13:56:00,5,very good,0,18.13.2,True,0.13,positive
2026-08-19 13:50:00,5,best app,0,18.15.1,True,0.05,positive
2026-08-19 13:43:00,5,great application,1,18.15.0,True,0.17,positive
2026-08-19 13:42:00,4,good👍,1,18.15.1,True,0.18,positive
2026-08-19 13:37:00,1,2 minute in hell,0,,True,0.08,unthemed
2026-08-19 13:36:00,5,please add equity Intraday with ai assistant,0,18.12.1,True,0.1,positive
2026-08-19 13:30:00,1,no customer support,0,18.15.1,True,0.22,support
2026-08-19 13:28:00,5,good,0,18.13.2,True,0.05,positive
2026-08-19 13:22:00,5,nice App working,0,18.15.0,True,0.07,positive
2026-08-19 13:12:00,1,good app,0,18.12.1,True,0.05,unthemed
2026-08-19 13:09:00,5,so beautiful 😍,0,18.15.0,True,0.1,positive
2026-08-19 13:07:00,5,very fast and easy to use for beginners and so many options are available for advanced people,5,18.15.1,True,0.13,positive
2026-08-19 13:07:00,5,best broker,0,18.15.1,True,0.15,positive
2026-08-19 13:00:00,5,good,0,18.15.1,True,0.07,positive
2026-08-19 12:55:00,5,good app,0,18.14.2,True,0.15,positive
2026-08-19 12:54:00,5,Good app,0,18.14.2,True,0.18,positive
2026-08-19 12:46:00,5,Very good,0,18.15.1,True,0.12,positive
2026-08-19 12:44:00,1,New version getting stuck after a few scrolls.,1,,True,0.15,perf
2026-08-19 12:36:00,1,bugs in chart,0,18.12.1,True,0.1,features
2026-08-19 12:24:00,5,Good App for stock trade and investment,2,18.15.1,True,0.03,positive
2026-08-19 12:22:00,5,It is simple and good.0,0,18.4.2,True,0.07,positive
2026-08-19 12:19:00,5,good,0,18.10.1,True,0.13,positive
2026-08-19 12:12:00,5,gud,1,18.15.1,True,0.05,positive
2026-08-19 12:07:00,5,"Good experience,",0,18.15.0,True,0.13,positive
2026-08-19 12:00:00,1,just a epic waste of time ..one chat with customer support is being reassigned to 5 people ..are you guys joking,0,18.15.0,True,0.07,support
2026-08-19 11:56:00,1,i raised my complaint against account deactivation customer support told they will resolve the issue within 2 days it has been 3 days since the issue of deactivation has remain the same now i would suggest avoid this app so that you dont have any inconvenience in future. Also the customer support is not having the conplete knowledge about the issue raised.,6,18.15.1,True,0.13,support
2026-08-19 11:56:00,1,"your customer support is such a waste a single conversation of three lines is being continued for one hour with four person reassigning each other to solve the problem ..you guys are a waste of time people should not trust you with money , with such a customer support.",0,,True,0.13,support
2026-08-19 11:55:00,5,very good grow app,0,18.10.1,True,0.17,positive
2026-08-19 11:51:00,2,Bonds interface is too difficult to understand . I can't even view my portfolio,2,18.15.1,True,0.03,unthemed
2026-08-19 11:47:00,1,never use this rubbish app for option trading one of the wrost broker and very bad customer support they will completey ignore you even 1 star is bad for this broker.,4,18.15.0,True,0.1,support
2026-08-19 11:45:00,5,good work,1,18.15.1,True,0.13,positive
2026-08-19 11:42:00,5,good,0,18.15.0,True,0.2,positive
2026-08-19 11:40:00,5,i like aap,0,18.14.2,True,0.03,positive
2026-08-19 11:36:00,5,very good,1,18.9.0,True,0.1,positive
2026-08-19 11:34:00,5,good,0,18.15.1,True,-188.32,positive
2026-08-19 11:32:00,5,nice app but take high charges,0,18.15.0,True,0.17,positive
2026-08-19 11:31:00,5,good app,0,18.15.0,True,0.2,positive
2026-08-19 11:14:00,4,"easy to operate, gives information 👌",0,18.15.0,True,0.2,positive
2026-08-19 11:12:00,5,v excellent,1,18.12.1,True,0.05,positive
2026-08-19 11:08:00,5,Good,0,18.15.1,True,0.12,positive
2026-08-19 11:05:00,5,awesome,0,18.15.1,True,0.18,positive
2026-08-19 11:03:00,5,very good 👍,1,18.15.1,True,0.22,positive
2026-08-19 10:46:00,1,boring aap,0,,True,0.12,unthemed
2026-08-19 10:45:00,5,good,0,18.15.1,True,0.13,positive
2026-08-19 10:41:00,5,best,0,18.14.2,True,0.2,positive
2026-08-19 10:37:00,5,good,0,18.8.1,True,0.08,positive
2026-08-19 10:36:00,5,Verygood,0,18.15.0,True,0.1,positive
2026-08-19 10:35:00,5,very good 👍,0,18.15.0,True,0.12,positive
2026-08-19 10:30:00,5,good 👍😊,0,18.14.2,True,0.22,positive
2026-08-19 10:25:00,5,Appreciate,0,18.14.2,True,0.1,positive
2026-08-19 10:20:00,1,"Very bad experience. Too many hidden charges.... interphase is Good. But Not for intraday or small investors. Stop loss , Target price won't work when you need it. It stops working or won't be executed if the user volume is too high",9,18.15.1,True,-40.9,"features,charges"
2026-08-19 10:19:00,5,very good,0,18.14.2,True,0.12,positive
2026-08-19 10:04:00,4,tym ni kr rhi hu to vat,0,17.9,True,0.18,positive
2026-08-19 10:02:00,5,good for help,0,18.14.2,True,0.03,positive
2026-08-19 10:00:00,1,brokerage charges very high 🙁👎,1,18.15.1,True,0.07,charges
2026-08-19 09:54:00,5,it's good,0,18.14.2,True,0.18,positive
2026-08-19 09:44:00,5,good,0,18.15.0,True,0.15,positive
2026-08-19 09:41:00,5,good,0,18.13.2,True,0.2,positive
2026-08-19 09:40:00,5,good,0,18.13.2,True,0.03,positive
2026-08-19 09:39:00,5,my uco bank money transfer,0,18.15.0,True,0.05,positive
2026-08-19 09:34:00,5,best,0,,True,0.13,positive
2026-08-19 09:23:00,5,good,0,18.14.0,True,0.05,positive
2026-08-19 09:22:00,5,super,0,18.15.0,True,0.07,positive
2026-08-19 09:19:00,5,ok,0,18.12.1,True,0.13,positive
2026-08-19 09:14:00,4,good,0,18.15.0,True,0.22,positive
2026-08-19 09:09:00,4,good,0,18.15.0,True,0.1,positive
2026-08-19 09:03:00,5,good 👍,0,18.14.1,True,0.2,positive
2026-08-19 09:03:00,5,good app and best trending app,0,18.15.0,True,0.22,positive
2026-08-19 09:02:00,5,good,2,18.15.1,True,0.03,positive
2026-08-19 08:59:00,5,very good,0,18.15.0,True,0.08,positive
2026-08-19 08:55:00,5,nice,0,18.14.2,True,0.15,positive
2026-08-19 08:47:00,1,[NAME] very nice aap fno trading &intraday trading good for market analysis,0,18.14.2,True,0.1,unthemed
2026-08-19 08:37:00,5,I like Groww trading app,0,18.15.0,True,0.08,positive
2026-08-19 08:36:00,5,vary good 😊,0,18.13.2,True,0.1,positive
2026-08-19 08:33:00,5,nice fund,0,18.15.1,True,0.15,positive
2026-08-19 08:32:00,4,exit karne mein time leta hai,0,,True,0.18,positive
2026-08-19 08:26:00,4,y Bhaut acha aap hai maine phle choice broking [NAME] ka use karta tha o bahut frod aap hai usko Koi mat karna Bhai logo,0,18.15.0,True,0.08,positive
2026-08-19 08:18:00,5,😎,0,,True,0.13,positive
2026-08-19 08:00:00,5,good apps and very helpful.,1,18.13.2,True,0.07,positive
2026-08-19 07:58:00,5,good,0,18.14.2,True,0.1,positive
2026-08-19 07:48:00,5,good,0,18.15.1,True,0.08,positive
2026-08-19 07:14:00,1,please provide daily and weekly sip option..also swp and stp options are missing,2,18.15.1,True,0.2,"features,money"
2026-08-19 07:03:00,5,very nice,0,18.15.0,True,0.2,positive
2026-08-19 06:48:00,5,best groww app Best fichar I love 💕 groww India,0,18.12.1,True,0.08,positive
2026-08-19 06:34:00,5,good,0,18.15.1,True,0.13,positive
2026-08-19 06:33:00,4,easily apply and more help full..,0,18.14.2,True,0.15,positive
2026-08-19 06:31:00,5,super,0,18.15.0,True,0.2,positive
2026-08-19 06:20:00,5,good 😊,0,18.13.2,True,0.1,positive
2026-08-19 03:38:00,5,"good experience, very nice application for support system in income",0,18.14.2,True,0.07,positive
2026-08-19 01:53:00,5,very good,0,18.13.2,True,0.18,positive
2026-08-19 01:23:00,5,better service,0,18.15.0,True,0.05,positive
2026-08-19 01:23:00,5,Do introduce gift stock options in the app,0,18.15.1,True,0.05,positive
2026-08-19 00:57:00,5,Good 👍🏻,0,18.13.2,True,0.12,positive
2026-08-19 00:19:00,5,good 😊,0,18.15.0,True,0.12,positive
2026-08-19 00:05:00,5,groww is tha best performers india today,0,18.13.2,True,0.17,positive
2026-08-18 23:58:00,5,nice,0,18.14.2,True,0.1,positive
2026-08-18 23:46:00,1,Every 2 days the app needs to be updated. what happened with the app? I don't understand why so many times the app needs to be updated.,0,,True,0.12,unthemed
2026-08-18 23:45:00,5,nice trading app,0,18.15.1,True,0.13,positive
2026-08-18 23:36:00,1,they are idiot my pnl of fno is not showing i mailed them called them and they are not fixing this pathetic app,0,,True,0.1,unthemed
2026-08-18 23:32:00,5,good,0,18.14.1,True,0.18,positive
2026-08-18 23:22:00,1,what a worst customer service in grow I tried to call and tried in chat. Nobody solved my issues,1,18.15.1,True,0.07,support
2026-08-18 23:10:00,5,good,0,18.15.1,True,0.08,positive
2026-08-18 23:02:00,5,nice,0,18.13.2,True,0.03,positive
2026-08-18 22:54:00,4,"Excellent app. User friendly. Add max returns option along with 1Y, 3Y and 5Y in sorting of returns",4,18.15.1,True,0.17,positive
2026-08-18 22:50:00,5,very nice 👍,0,18.14.2,True,0.05,positive
2026-08-18 22:41:00,5,nice 👍,1,18.15.1,True,0.2,positive
2026-08-18 22:37:00,4,please add a detailed view in the portfolio.,0,18.15.0,True,0.08,positive
2026-08-18 22:18:00,5,very nys,0,18.15.1,True,0.13,positive
2026-08-18 22:17:00,5,Good project,0,18.15.1,True,0.15,positive
2026-08-18 22:09:00,5,ok,0,18.15.0,True,0.1,positive
2026-08-18 22:02:00,2,Good but charges high,1,18.15.0,True,0.03,charges
2026-08-18 22:02:00,1,How to Start SWP from Groww app in my ongoing MF?,0,18.14.2,True,0.03,unthemed
2026-08-18 21:59:00,5,"Easy for beginners , good ui , very responsive great experience",1,18.15.0,True,0.08,positive
2026-08-18 21:56:00,5,Good,0,18.15.1,True,0.15,positive
2026-08-18 21:19:00,5,Good,0,,True,0.12,positive
2026-08-18 21:18:00,5,"Complete trading app, mutual fund, f&o, stocks, and very fast and smooth app, fast execute, intraday trading best, market analysis [NAME] app Groww",3,18.14.2,True,0.13,positive
2026-08-18 20:39:00,1,ye app download hi nhi ho rha Or phn m se automatic ht gya,0,,True,0.05,unthemed
2026-08-18 20:21:00,5,good,0,18.15.0,True,0.08,positive
2026-08-18 20:09:00,5,good,0,18.14.2,True,0.1,positive
2026-08-18 20:08:00,1,account delete is not possible 😔,0,18.14.1,True,0.12,unthemed
2026-08-18 20:01:00,5,awesome,0,18.15.0,True,0.05,positive
2026-08-18 19:55:00,5,app working is good but brokarage is highly,0,18.14.2,True,0.15,positive
2026-08-18 19:46:00,5,😊,0,18.15.0,True,0.12,positive
2026-08-18 19:40:00,5,app thik h lekin trading me jo charges/fee tax lagta h vo thoda kam hona chahiye.,1,18.13.2,True,-794.78,positive
2026-08-18 19:40:00,5,good,0,18.14.2,True,0.03,positive
2026-08-18 19:39:00,4,Ye update ke badh bahut problem hota hai,1,18.15.1,True,0.05,positive
2026-08-18 19:23:00,5,better,0,18.12.1,True,0.05,positive
2026-08-18 19:21:00,5,great,0,18.15.0,True,-32.65,positive
2026-08-18 19:14:00,5,v nice and smooth,0,18.15.0,True,0.2,positive
2026-08-18 19:10:00,5,achaa h,0,18.13.2,True,0.08,positive
2026-08-18 19:06:00,2,"I don't like the loan app segment. Anyone who wants to enter the stock market doesn't need to take a loan, so I think this loan segment is useless.This icon is lying there like a useless wart, it is of no use, please remove it from here.For those who need a loan, there is a separate app for them, they can download it from there.",8,18.15.1,True,0.15,unthemed
2026-08-18 19:02:00,5,nice,0,18.14.1,True,0.03,positive
2026-08-18 18:40:00,5,Mast,0,18.13.2,True,0.03,positive
2026-08-18 18:32:00,5,very good,0,18.15.0,True,0.17,positive
2026-08-18 18:08:00,5,Just try to more user friendly,0,18.15.0,True,0.12,positive
2026-08-18 18:01:00,5,excellent,1,18.15.1,True,0.05,positive
2026-08-18 18:00:00,4,good and secure,0,18.14.2,True,0.07,positive
2026-08-18 17:50:00,5,cool,0,18.14.2,True,0.05,positive
2026-08-18 17:48:00,4,beginner ke liye sabse best hai bahut simple hai,0,,True,0.08,positive
2026-08-18 17:46:00,5,Excellent app for makin investment... if 10 stars ⭐ available . I give 10/10 stars to this app... thank you groww & your team for making investment simple .,2,18.14.2,True,0.12,positive
2026-08-18 17:43:00,4,👍,0,18.15.0,True,0.18,positive
2026-08-18 17:05:00,5,best for investing,1,18.15.1,True,0.17,positive
2026-08-18 16:57:00,5,My Go-to Investing App. Secure and Smooth.,0,18.14.0,True,0.12,positive
2026-08-18 16:44:00,5,fix problems likha aa raha hai not download this app,0,16.68,True,-0.03,positive
2026-08-18 16:28:00,1,bad 😞,1,18.12.1,True,0.05,unthemed
2026-08-18 16:26:00,5,Such a good app,1,,True,0.08,positive
2026-08-18 16:26:00,5,very very,0,18.15.0,True,0.08,positive
2026-08-18 16:12:00,1,good,0,18.14.2,True,0.05,unthemed
2026-08-18 16:00:00,5,nice,1,18.15.0,True,0.07,positive
2026-08-18 15:59:00,5,👍,1,18.14.2,True,0.08,positive
2026-08-18 15:44:00,5,good,1,18.15.0,True,0.15,positive
2026-08-18 15:33:00,5,👍,1,18.14.2,True,0.15,positive
2026-08-18 15:32:00,5,go ahead,0,18.8.1,True,0.17,positive
2026-08-18 15:26:00,5,nice app,1,18.14.1,True,0.08,positive
2026-08-18 15:23:00,5,Thank,0,18.14.2,True,0.05,positive
2026-08-18 15:23:00,5,very good but very high charges,0,18.13.2,True,0.05,positive
2026-08-18 15:14:00,5,good app,0,18.14.2,True,0.2,positive
2026-08-18 15:09:00,1,सुपर,0,,True,0.1,unthemed
2026-08-18 15:08:00,5,good aap,0,18.14.1,True,0.12,positive
2026-08-18 15:02:00,1,"Your app gets stuck far too often at the time of trade execution, and even after setting a profit/loss limit, the order does not get executed automatically. I have incurred losses so many times because of this issue, especially while trying to book profits, that I am extremely frustrated. At this point, I honestly feel like approaching the Consumer court.",7,18.14.2,True,0.03,"features,perf"
2026-08-18 15:01:00,5,One of the best applications for investment.,0,18.15.0,True,0.05,positive
2026-08-18 14:47:00,5,useful,0,,True,0.1,positive
2026-08-18 14:43:00,5,it is more useful to us,0,18.13.2,True,0.17,positive
2026-08-18 14:24:00,5,nice 🙂,0,18.14.2,True,0.03,positive
2026-08-18 14:23:00,2,very bed expenses,0,18.15.0,True,0.05,unthemed
2026-08-18 14:11:00,5,nise,0,18.14.1,True,0.07,positive
2026-08-18 14:02:00,5,love it,1,18.14.1,True,0.03,positive
2026-08-18 13:54:00,4,nice 👍,0,18.15.0,True,0.17,positive
2026-08-18 13:54:00,5,good,1,18.14.1,True,0.17,positive
2026-08-18 13:50:00,5,good 👍,0,18.14.2,True,0.05,positive
2026-08-18 13:49:00,4,Good for new investors...,0,18.11.1,True,0.07,positive
2026-08-18 13:34:00,5,I want to use the newly added switch option. Please enable/upgrade ASAP.,0,18.15.0,True,0.13,positive
2026-08-18 13:25:00,5,very good,0,18.14.2,True,0.1,positive
2026-08-18 13:24:00,5,good,0,18.14.2,True,0.03,positive
2026-08-18 13:11:00,5,interface quite easy to understand things,1,18.15.0,True,0.07,positive
2026-08-18 13:11:00,5,Awesome groww application for Money 💸 profit,0,18.14.2,True,0.07,positive
2026-08-18 13:03:00,1,This app is not transparent about the funds you store.,1,18.14.2,True,0.2,unthemed
2026-08-18 13:00:00,5,Easy to use and charges are also less than other.,1,18.13.2,True,0.07,positive
2026-08-18 13:00:00,5,aal is well ❤️‍🩹,0,18.14.2,True,0.07,positive
2026-08-18 12:59:00,5,All good,0,18.14.2,True,0.08,positive
2026-08-18 12:38:00,5,best app for my trading journey,1,18.15.0,True,0.07,positive
2026-08-18 12:33:00,5,good 👍,0,18.14.2,True,0.15,positive
2026-08-18 12:22:00,5,"excellent app, very good service 👍",0,18.15.0,True,0.07,positive
2026-08-18 12:22:00,5,"Grow is best platform for Stocks and SIP, mutual funds.",0,,True,0.07,positive
2026-08-18 12:20:00,5,nice 👍,0,18.15.0,True,0.1,positive
2026-08-18 12:19:00,5,good 👍🏻,0,18.14.2,True,0.13,positive
2026-08-18 12:14:00,5,Your updates are all good. Suggestion: Provide Volume incator in all index charts.,13,18.15.0,True,-10719.98,positive
2026-08-18 12:10:00,5,user friendly app with a good interface.,2,18.14.2,True,0.08,positive
2026-08-18 12:09:00,5,superb,0,18.14.1,True,0.1,positive
2026-08-18 12:08:00,5,so easy,0,18.14.2,True,0.12,positive
2026-08-18 12:08:00,2,Dil he,1,18.15.0,True,0.13,unthemed
2026-08-18 12:06:00,5,good application 👍,0,18.15.0,True,0.17,positive
2026-08-18 12:05:00,5,"The cleanest investing experience!"" Groww ऐप की सबसे अच्छी बात इसका यूजर-फ्रेंडली डिज़ाइन और ट्रांसपेरेंसी है। इसमें SIP मैनेज करना, Stocks में ट्रेड करना और चार्जेस देखना बहुत ट्रांसपेरेंट है। Customer Care सपोर्ट भी काफी अच्छा है। Highly recommended! 👍✨",1,18.15.0,True,-0.02,positive
2026-08-18 12:03:00,5,it good,0,18.15.0,True,0.22,positive
2026-08-18 11:54:00,5,good,0,18.14.2,True,0.17,positive
2026-08-18 11:42:00,5,good response 👍,0,18.15.0,True,0.18,positive
2026-08-18 11:38:00,5,good for trading,0,18.14.1,True,0.07,positive
2026-08-18 11:32:00,5,good,0,18.11.1,True,0.17,positive
2026-08-18 11:18:00,1,why Goldbees and SilverBees Chart not Open .....Worst app.... Zerodha Best.,0,,True,0.13,features
2026-08-18 11:15:00,5,nice 👍,0,18.6.1,True,0.18,positive
2026-08-18 11:09:00,1,good but charge jyda hai,0,18.15.0,True,0.1,charges
2026-08-18 11:09:00,5,good 😊,0,18.15.0,True,0.1,positive
2026-08-18 11:02:00,5,good,0,18.15.0,True,0.03,positive
2026-08-18 10:53:00,1,worst experience with this... I'll stop using it soon.,0,18.15.0,True,0.18,unthemed
2026-08-18 10:53:00,4,It's best treading platFrome,0,18.15.0,True,0.2,positive
2026-08-18 10:52:00,5,very nice learning experience,0,18.14.2,True,0.22,positive
2026-08-18 10:50:00,5,good👍🏻,0,18.14.2,True,0.05,positive
2026-08-18 10:44:00,5,good,0,18.14.2,True,0.15,positive
2026-08-18 10:30:00,5,very good out standing performance 👍,0,18.15.0,True,0.2,positive
2026-08-18 10:29:00,5,good,0,18.14.2,True,0.03,positive
2026-08-18 10:17:00,5,Too much wait time to talk to customer care,0,18.14.2,True,-0.03,positive
2026-08-18 10:16:00,5,very easy and nicely using,0,18.15.0,True,0.17,positive
2026-08-18 10:15:00,5,"easy to use and reliable, trustable.",0,18.15.0,True,0.18,positive
2026-08-18 10:09:00,5,bahut acha aap h,0,18.14.2,True,0.1,positive
2026-08-18 10:06:00,5,"excellent, but seems like little bit glitches or late refresh in the daily changes of prices in portfolio",0,18.14.2,True,0.17,positive
2026-08-18 10:06:00,5,very nice work,0,18.15.0,True,0.17,positive
2026-08-18 10:03:00,5,ok,0,18.15.0,True,0.22,positive
2026-08-18 09:55:00,3,supar,0,18.14.1,True,0.15,unthemed
2026-08-18 09:55:00,5,good,0,18.15.0,True,0.15,positive
2026-08-18 09:50:00,5,good,0,18.15.0,True,0.05,positive
2026-08-18 09:50:00,3,nice,0,18.14.2,True,0.05,unthemed
2026-08-18 09:48:00,5,best investing app,0,18.15.0,True,0.1,positive
2026-08-18 09:47:00,3,problam in front size very smal and. can read news in hindi ..,0,,True,-166.35,unthemed
2026-08-18 09:47:00,3,keep simple and big like before. dont do these UI changes frequently.,2,18.14.1,True,0.12,unthemed
2026-08-18 09:45:00,5,nice,0,18.11.1,True,0.15,positive
2026-08-18 09:43:00,5,"easy to use ,safe accurate,fast ⏩",0,18.15.0,True,0.2,positive
2026-08-18 09:42:00,5,good,0,18.15.0,True,0.22,positive
2026-08-18 09:41:00,5,good,0,18.15.0,True,0.23,positive
2026-08-18 09:39:00,4,Grow with new innovation,0,18.14.0,True,0.05,positive
2026-08-18 09:37:00,3,some glitches are there in charts when we open chart and check candle it shows correctly and when we go back and open charts then check candle it some when some where again we repeat it then it shows correctly please fix this problem,2,18.15.0,True,0.08,features
2026-08-18 09:29:00,5,best,0,18.15.0,True,0.03,positive
2026-08-18 09:25:00,5,awesome 😎,0,18.15.0,True,0.1,positive
2026-08-18 09:25:00,5,good,0,18.15.0,True,0.1,positive
2026-08-18 09:23:00,5,good,0,18.15.0,True,0.05,positive
2026-08-18 09:22:00,1,They don't exicutive the order properly,0,18.15.0,True,0.07,unthemed
2026-08-18 09:21:00,5,all best,0,18.15.0,True,0.08,positive
2026-08-18 09:13:00,1,"editing charges are unnecessary, example nomine name, dob etc",0,18.15.0,True,0.03,charges
2026-08-18 09:12:00,5,trusted,0,18.15.0,True,0.05,positive
2026-08-18 09:12:00,4,excellent,0,18.14.2,True,0.05,positive
2026-08-18 09:00:00,5,nice,0,18.13.2,True,0.07,positive
2026-08-18 08:58:00,5,nice,0,18.15.0,True,0.1,positive
2026-08-18 08:51:00,5,Good,0,18.15.0,True,0.03,positive
2026-08-18 08:48:00,5,good,0,18.14.2,True,0.08,positive
2026-08-18 08:40:00,5,very excellent application fast&secure thanks Groww,0,18.15.0,True,0.03,positive
2026-08-18 08:17:00,5,very easy to use,0,18.15.0,True,0.15,positive
2026-08-18 08:09:00,4,like,0,18.15.0,True,0.1,positive
2026-08-18 08:08:00,5,good 👍,0,18.13.2,True,0.12,positive
2026-08-18 08:03:00,5,Good,0,18.15.0,True,0.2,positive
2026-08-18 07:46:00,5,very Nice app🤩,0,18.15.0,True,0.12,positive
2026-08-18 07:31:00,5,owsam app,0,18.15.0,True,0.18,positive
2026-08-18 07:17:00,5,best app,0,18.14.2,True,0.15,positive
2026-08-18 07:16:00,5,nice,0,18.15.0,True,0.17,positive
2026-08-18 07:16:00,5,Good analytics,0,18.15.0,True,0.17,positive
2026-08-18 07:05:00,4,veri vandar full app,0,18.15.0,True,0.17,positive
2026-08-18 07:03:00,5,bahut achcha bahut behtar hai,0,,True,0.2,positive
2026-08-18 06:45:00,5,good,0,18.15.0,True,0.13,positive
2026-08-18 06:45:00,5,good,0,18.14.2,True,0.13,positive
2026-08-18 06:34:00,2,No option to add bookmarks of desirable IPOs,1,18.14.2,True,0.13,unthemed
2026-08-18 05:59:00,5,पहली बार IPO लगने पर थैंक्स,0,18.14.2,True,0.08,positive
2026-08-18 05:19:00,5,good,1,18.11.1,True,0.12,positive
2026-08-18 04:28:00,5,good,0,18.14.2,True,0.05,positive
2026-08-18 03:24:00,5,nice broker aap,0,18.13.2,True,0.03,positive
2026-08-18 02:57:00,5,Excellent,0,18.14.2,True,0.12,positive
2026-08-18 01:51:00,5,good,0,18.15.0,True,0.03,positive
2026-08-18 01:41:00,5,Great 🪄,0,18.14.2,True,0.2,positive
2026-08-18 01:19:00,5,please unfreeaze my groww account please help me Gmail pr no sms aa rha hai . unfreeze karne ka sms nahin a raha hai email please help me,0,18.14.2,True,0.12,positive
2026-08-18 01:18:00,5,nice app 👍,0,18.15.0,True,0.13,positive
2026-08-18 00:54:00,5,good,0,18.15.0,True,0.17,positive
2026-08-18 00:44:00,5,good,0,18.14.1,True,0.15,positive
2026-08-18 00:09:00,4,not work to In dubai this app. I'm dubai now,0,18.15.0,True,0.1,positive
2026-08-18 00:06:00,4,nice,1,18.14.2,True,0.15,positive
2026-08-18 00:01:00,1,automatic share gayab ho jate hai worthless app,1,18.15.0,True,0.05,unthemed
2026-08-17 23:50:00,5,very good 👍,0,18.12.1,True,0.05,positive
2026-08-17 23:37:00,4,Big loot company,0,,True,0.08,positive
2026-08-17 23:31:00,5,good,0,15.71,True,0.18,positive
2026-08-17 23:17:00,5,thankq,0,18.14.2,True,0.15,positive
2026-08-17 23:08:00,5,🌟,0,18.15.0,True,0.12,positive
2026-08-17 22:49:00,5,very good,0,18.14.2,True,0.07,positive
2026-08-17 22:38:00,5,ok,0,18.14.1,True,0.07,positive
2026-08-17 22:38:00,5,very safe app and this is good app,0,18.13.2,True,0.07,positive
2026-08-17 22:21:00,4,I changed my review after using this app for more than 7 years. Now it's almost completed. One thing to suggest is that please add all indicators which are available in the trading view. or give access to the punch order directly from the trading view.,11,18.15.0,True,0.08,positive
2026-08-17 22:17:00,5,good,0,18.10.1,True,0.15,positive
2026-08-17 22:17:00,5,great app,0,18.14.2,True,0.15,positive
2026-08-17 22:17:00,5,best app,0,18.15.0,True,0.17,positive
2026-08-17 22:16:00,5,👍,0,18.14.2,True,0.18,positive
2026-08-17 22:10:00,5,good,0,18.14.2,True,0.08,positive
2026-08-17 22:09:00,3,ai asking not showing also in ai query rsi is showing 1 day old data it should be live data,0,18.15.0,True,-0.08,unthemed
2026-08-17 21:58:00,5,thrust my 🧬 life,0,18.15.0,True,-0.27,positive
2026-08-17 21:47:00,5,good,0,18.13.2,True,0.1,positive
2026-08-17 21:40:00,5,good,0,18.13.2,True,0.03,positive
2026-08-17 21:09:00,5,good,0,18.15.0,True,0.1,positive
2026-08-17 20:41:00,5,👍good,0,18.15.0,True,0.2,positive
2026-08-17 20:38:00,5,good,0,18.14.2,True,0.07,positive
2026-08-17 20:24:00,5,nice 👍,0,18.15.0,True,0.03,positive
2026-08-17 20:20:00,2,super,1,18.14.2,True,0.1,unthemed
2026-08-17 20:14:00,5,very good 👍,0,18.13.2,True,0.2,positive
2026-08-17 20:08:00,1,"Nowadays there are more flaw happening in the app. no proper response over phone. the person who is attending the phone call is telling the same thing without any solutions. If the margin is less, auto square off should be informed atleast 12 to 24 hours. when we are in loss the autosquare pulls all the premium. when I called the support team, it is like that only. no one replies properly in emails or over calls. i have been using this platform for more than 5 years. I never recommend this app.",4,18.14.2,True,0.12,support
2026-08-17 20:08:00,5,good app,0,18.15.0,True,0.12,positive
2026-08-17 19:57:00,5,best app,1,18.13.2,True,0.12,positive
2026-08-17 19:44:00,5,👍. Good,1,18.15.0,True,0.15,positive
2026-08-17 19:27:00,5,nice work,0,18.13.2,True,0.07,positive
2026-08-17 19:14:00,5,nice,0,18.15.0,True,0.2,positive
2026-08-17 19:07:00,2,nise,1,18.15.0,True,0.13,unthemed
2026-08-17 19:00:00,5,100% successful,0,18.14.2,True,0.07,positive
2026-08-17 18:57:00,4,nice,1,18.15.0,True,0.12,positive
2026-08-17 18:55:00,1,please please delite the groww app and delete your account withdrawal problems please delite the application,0,,True,0.15,money
2026-08-17 18:52:00,5,😊,0,18.15.0,True,0.22,positive
2026-08-17 18:47:00,4,good,0,18.15.0,True,0.1,positive
2026-08-17 18:40:00,1,bekar bekar Hai third grade sale scammer Hai sabke sab ismein koi bhi apna Paisa invest mat karna,0,18.15.0,True,0.03,unthemed
2026-08-17 18:26:00,5,Excellent Service,0,18.14.2,True,0.08,positive
2026-08-17 18:22:00,5,Good Groww,0,18.15.0,True,0.07,positive
2026-08-17 18:04:00,5,good,0,18.8.1,True,0.18,positive
2026-08-17 17:58:00,3,ADD UPI QR in home tab,0,18.14.2,True,0.1,money
2026-08-17 17:56:00,5,very better trading,0,,True,0.13,positive
2026-08-17 17:45:00,5,very comfortable for using,0,18.14.2,True,0.13,positive
2026-08-17 17:36:00,5,very good 👍👍,0,18.14.2,True,0.1,positive
2026-08-17 17:35:00,5,good,0,18.15.0,True,0.12,positive
2026-08-17 17:35:00,3,It would be beneficial to have a landscape view available for tablets.,0,18.15.0,True,0.12,unthemed
2026-08-17 17:26:00,5,good,0,18.14.2,True,0.08,positive
2026-08-17 17:05:00,5,good,0,18.14.2,True,0.17,positive
2026-08-17 16:54:00,5,good,0,18.15.0,True,0.17,positive
2026-08-17 16:48:00,5,good,0,18.14.1,True,0.08,positive
2026-08-17 16:41:00,5,super,0,18.15.0,True,0.2,positive
2026-08-17 16:40:00,5,wow,0,18.14.2,True,0.03,positive
2026-08-17 16:34:00,5,best earnings platform by stock market 😎,0,18.15.0,True,0.13,positive
2026-08-17 16:15:00,1,very disturbed,0,18.15.0,True,0.18,unthemed
2026-08-17 16:11:00,5,so cool,0,18.15.0,True,0.07,positive
2026-08-17 15:59:00,1,ye aap bhot slow chal rha tha mera loss ho gya ess app ki bjha se.,0,18.15.0,True,0.08,perf
2026-08-17 15:56:00,5,grow sathhi,0,18.13.2,True,0.13,positive
2026-08-17 15:53:00,5,excellent app other app. really no. 1 app,0,18.14.2,True,0.18,positive
2026-08-17 15:51:00,5,good,0,18.13.2,True,0.03,positive
2026-08-17 15:47:00,5,"With respect to speed and UI, I find this app gives a more smooth trading experience than others.",1,18.14.2,True,0.1,positive
2026-08-17 15:43:00,5,good,0,18.15.0,True,0.18,positive
2026-08-17 15:33:00,4,very good 👍,0,18.14.2,True,0.15,positive
2026-08-17 15:27:00,5,very smooth and active service.,0,18.15.0,True,0.07,positive
2026-08-17 15:24:00,5,so easy .,0,18.14.2,True,0.03,positive
2026-08-17 15:23:00,1,The quality of app is decreasing day by day . Why is there no feature of gifting shares,0,18.15.0,True,0.05,unthemed
2026-08-17 15:22:00,5,good 👍,0,18.15.0,True,0.07,positive
2026-08-17 15:16:00,5,Thank you 🙏,0,,True,0.18,positive
2026-08-17 15:04:00,5,good,0,18.13.2,True,0.18,positive
2026-08-17 15:03:00,5,nice app,0,18.13.2,True,0.2,positive
2026-08-17 14:52:00,5,good👍,0,18.12.1,True,0.2,positive
2026-08-17 14:42:00,5,good,0,18.14.0,True,0.18,positive
2026-08-17 14:40:00,5,great app,0,,True,0.03,positive
2026-08-17 14:27:00,5,ok,0,18.15.0,True,0.07,positive
2026-08-17 14:25:00,5,nice,0,18.15.0,True,0.1,positive
2026-08-17 14:06:00,1,"after latest update app is not functioning properly, its became slow and low response",0,18.15.0,True,0.15,perf
2026-08-17 13:55:00,5,Super,0,18.15.0,True,0.15,positive
2026-08-17 13:48:00,5,nice app,0,18.14.2,True,0.08,positive
2026-08-17 13:38:00,5,😊👍,0,18.8.1,True,0.07,positive
2026-08-17 13:35:00,5,good,0,18.14.2,True,0.12,positive
2026-08-17 13:27:00,5,it's very good app.,0,18.14.2,True,0.07,positive
2026-08-17 13:25:00,5,good,0,18.15.0,True,0.1,positive
2026-08-17 13:23:00,1,👎,1,18.14.2,True,0.05,unthemed
2026-08-17 13:21:00,5,good💯😊,0,18.13.2,True,0.08,positive
2026-08-17 13:17:00,1,poor customer care. no call receive or massage. last two days my mutual fund transaction was canceled but i try to inform why my transaction canceled ? the customer service zero not received any call or message,0,18.14.2,True,0.15,support
2026-08-17 13:15:00,5,very nice.,0,,True,0.2,positive
2026-08-17 13:01:00,5,Good,0,18.15.0,True,0.05,positive
2026-08-17 13:01:00,5,friendly aap,0,18.14.2,True,0.05,positive
2026-08-17 12:59:00,5,good,0,18.11.1,True,0.08,positive
2026-08-17 12:57:00,5,good,0,18.14.2,True,0.13,positive
2026-08-17 12:53:00,5,good 👍,0,18.15.0,True,0.2,positive
2026-08-17 12:49:00,1,charges are high compare to other broker,0,18.15.0,True,0.07,charges
2026-08-17 12:48:00,5,good,0,18.10.1,True,0.08,positive
2026-08-17 12:42:00,5,gives correct knowledge,0,18.15.0,True,0.18,positive
2026-08-17 12:40:00,3,charges more i personally feel,0,18.14.2,True,0.03,charges
2026-08-17 12:29:00,5,good interface I like so 👍,0,18.15.0,True,0.03,positive
2026-08-17 12:19:00,5,its work well and try it...,0,18.14.2,True,0.12,positive
2026-08-17 12:18:00,5,nice,0,18.15.0,True,0.13,positive
2026-08-17 12:10:00,5,amazing apps for trading money,0,18.14.2,True,0.08,positive
2026-08-17 11:57:00,1,firstly lookes all good and profitable but going on get looses every time. when u invest it get Down and when u sell after it get raised . Don't trust .,1,,True,0.12,unthemed
2026-08-17 11:45:00,5,good,0,18.14.2,True,0.13,positive
2026-08-17 11:40:00,5,v good,0,18.14.2,True,0.03,positive
2026-08-17 11:37:00,1,They will give people a lot of profit at first and then they will rob people of all their money by giving wrong signals.,1,18.15.0,True,-7609.73,unthemed
2026-08-17 11:36:00,5,best app,0,18.14.2,True,0.1,positive
2026-08-17 11:35:00,5,nice,0,18.15.0,True,0.12,positive
2026-08-17 11:24:00,5,best,0,18.15.0,True,0.03,positive
2026-08-17 11:20:00,5,good,0,18.14.2,True,0.1,positive
2026-08-17 11:17:00,4,nice app,0,18.14.2,True,0.15,positive
2026-08-17 11:17:00,5,best app,0,18.15.0,True,0.17,positive
2026-08-17 11:06:00,5,Number 1,0,18.14.2,True,0.15,positive
2026-08-17 10:59:00,5,एक्सलेंट service,0,18.14.2,True,0.08,positive
2026-08-17 10:58:00,5,good luck 🤞,0,18.14.2,True,0.1,positive
2026-08-17 10:57:00,5,nice 👍,0,18.13.2,True,0.13,positive
2026-08-17 10:54:00,5,good,0,18.14.2,True,0.18,positive
2026-08-17 10:47:00,2,Good,0,18.13.2,True,0.1,unthemed
2026-08-17 10:46:00,2,app me multi account login krne par switch account work nhi kr rha hai.,2,18.15.0,True,0.12,money
2026-08-17 10:42:00,5,गुड एंड स्मार्ट एप,0,18.15.0,True,0.18,positive
2026-08-17 10:33:00,5,best app,0,18.15.0,True,0.15,positive
2026-08-17 10:31:00,5,good,0,18.14.2,True,0.18,positive
2026-08-17 10:31:00,5,This app very easy to use,0,18.14.2,True,0.2,positive
2026-08-17 10:30:00,5,best in progress income,1,18.14.2,True,0.22,positive
2026-08-17 10:25:00,5,good,0,18.15.0,True,0.1,positive
2026-08-17 10:16:00,5,waah esey to use in traeds and F&O,0,18.14.2,True,0.17,positive
2026-08-17 10:07:00,5,good,1,18.13.2,True,0.13,positive
2026-08-17 09:58:00,1,Hidden charges,0,18.13.2,True,0.1,charges
2026-08-17 09:51:00,5,excellent,0,18.14.2,True,0.03,positive
2026-08-17 09:39:00,5,good app,0,18.14.2,True,0.05,positive
2026-08-17 09:36:00,4,average,0,18.12.1,True,0.1,positive
2026-08-17 09:36:00,5,really good service,0,18.14.1,True,0.1,positive
2026-08-17 09:35:00,5,nice app,0,18.14.2,True,0.13,positive
2026-08-17 09:32:00,5,wonderful work,1,18.15.0,True,0.18,positive
2026-08-17 09:31:00,5,ok,0,,True,0.2,positive
2026-08-17 09:27:00,1,not good for F&O,0,18.14.2,True,0.07,features
2026-08-17 09:26:00,5,nice,0,18.14.1,True,0.08,positive
2026-08-17 09:23:00,5,Only thing is that you can improve on user interface in mobile app. Otherwise experience is good,3,18.15.0,True,0.05,positive
2026-08-17 09:21:00,5,good,0,,True,0.08,positive
2026-08-17 09:21:00,5,best app for trending,0,18.14.2,True,0.08,positive
2026-08-17 09:18:00,5,best,0,18.15.0,True,0.15,positive
2026-08-17 09:18:00,5,good,0,18.14.2,True,0.15,positive
2026-08-17 09:14:00,5,very good,0,18.14.2,True,0.22,positive
2026-08-17 09:09:00,5,Very nice App,0,18.15.0,True,0.1,positive
2026-08-17 09:08:00,5,Nice,0,18.15.0,True,0.12,positive
2026-08-17 09:07:00,5,fast withdrawal bahut badhiya,0,18.14.2,True,0.13,positive
2026-08-17 09:06:00,5,good experience,0,18.14.2,True,0.17,positive
2026-08-17 09:00:00,4,Good Platform,0,18.14.2,True,0.07,positive
2026-08-17 08:45:00,5,very good 👍🤝,0,18.15.0,True,0.13,positive
2026-08-17 08:31:00,5,Best app for a share and mutual fund..,1,18.14.2,True,0.18,positive
2026-08-17 08:21:00,5,good 👍 apps,0,,True,0.08,positive
2026-08-17 08:04:00,4,Best 👌,0,18.14.2,True,0.18,positive
2026-08-17 07:59:00,5,good,0,18.14.2,True,0.08,positive
2026-08-17 07:57:00,4,nice app for trading,0,18.15.0,True,0.12,positive
2026-08-17 07:53:00,5,very nice app,0,18.15.0,True,0.2,positive
2026-08-17 07:49:00,1,bed app,0,18.14.2,True,0.07,unthemed
2026-08-17 07:47:00,5,👍,0,18.13.2,True,0.1,positive
2026-08-17 07:45:00,2,how to execute algo trading is not made understood in a layman language. In the application itself there must be good ideas for buy and sell both for cash as well as FNO market.,3,18.14.2,True,0.13,unthemed
2026-08-17 07:28:00,5,excellent service,0,18.14.2,True,0.05,positive
2026-08-17 07:27:00,5,Best Trading Features App,0,,True,0.07,positive
2026-08-17 07:21:00,4,good,0,,True,0.08,positive
2026-08-17 07:16:00,5,very good,0,18.14.2,True,0.17,positive
2026-08-17 07:03:00,1,High brokrage for F&O,1,18.15.0,True,0.2,features
2026-08-17 06:52:00,5,good 👍,0,18.15.0,True,0.2,positive
2026-08-17 06:42:00,5,very good,0,18.14.2,True,0.18,positive
2026-08-17 05:56:00,5,good,0,18.14.1,True,0.13,positive
2026-08-17 05:19:00,5,super 👌,0,18.14.2,True,0.12,positive
2026-08-17 04:37:00,5,very good,0,18.14.2,True,0.08,positive
2026-08-17 03:12:00,5,good,0,18.14.1,True,0.05,positive
2026-08-17 00:40:00,5,good 👍,0,18.15.0,True,-172.42,positive
2026-08-17 00:02:00,5,good 👍,0,18.15.0,True,0.03,positive
2026-08-16 23:54:00,5,beter than other aaps,0,18.14.2,True,0.17,positive
2026-08-16 23:52:00,5,Excellent p,0,18.14.1,True,0.2,positive
2026-08-16 23:43:00,5,good,0,18.14.2,True,0.17,positive
2026-08-16 23:27:00,5,wonderfull app.,0,18.14.2,True,0.07,positive
2026-08-16 23:18:00,5,good,0,18.14.2,True,0.13,positive
2026-08-16 22:49:00,5,return data for good,0,18.13.2,True,0.07,positive
2026-08-16 22:48:00,4,it's very good platform to invest money 💰 thanks groww application,0,17.88,True,0.08,positive
2026-08-16 22:44:00,5,nice 👍,0,18.14.2,True,0.15,positive
2026-08-16 22:36:00,5,very nice,0,,True,0.1,positive
2026-08-16 22:34:00,5,so beautiful,0,18.14.1,True,0.13,positive
2026-08-16 22:30:00,5,good,0,18.15.0,True,0.2,positive
2026-08-16 22:26:00,5,good,0,18.13.2,True,0.08,positive
2026-08-16 22:18:00,5,best working,1,18.14.2,True,0.13,positive
2026-08-16 22:08:00,5,beautiful nice app thank I love app,0,18.14.2,True,0.12,positive
2026-08-16 21:31:00,5,ok,1,18.15.0,True,0.18,positive
2026-08-16 21:30:00,5,Excellent,0,18.13.2,True,0.2,positive
2026-08-16 21:07:00,5,good,0,18.15.0,True,0.13,positive
2026-08-16 20:33:00,5,it's easy to handle,0,18.14.2,True,0.15,positive
2026-08-16 20:30:00,4,excellent,0,18.1.1,True,0.2,positive
2026-08-16 20:22:00,2,👍,0,18.12.1,True,0.07,unthemed
2026-08-16 20:20:00,5,good 👍,0,18.7.1,True,0.1,positive
2026-08-16 20:10:00,5,nice,0,18.14.2,True,0.08,positive
2026-08-16 20:02:00,5,good response 👍,0,18.11.1,True,0.03,positive
2026-08-16 20:01:00,5,groww app good 👍,1,18.15.0,True,0.05,positive
2026-08-16 19:39:00,5,good,0,18.15.0,True,0.05,positive
2026-08-16 19:22:00,5,Best 👌 👍,0,18.14.2,True,0.07,positive
2026-08-16 18:44:00,5,good,0,18.15.0,True,0.15,positive
2026-08-16 18:39:00,5,good,0,18.14.2,True,0.05,positive
2026-08-16 18:05:00,5,Good,0,18.14.2,True,0.17,positive
2026-08-16 17:07:00,5,I like very much,0,18.6.1,True,0.13,positive
2026-08-16 16:34:00,5,Good,0,18.14.2,True,0.13,positive
2026-08-16 16:24:00,5,Nice,0,,True,0.03,positive
2026-08-16 15:45:00,1,loss ho gaya,1,18.14.2,True,0.13,unthemed
2026-08-16 15:22:00,5,excellent,0,18.14.2,True,0.07,positive
2026-08-16 15:18:00,5,good,0,18.14.2,True,0.13,positive
2026-08-16 15:12:00,3,"i have added a few mf in the cart but I don't see the cart icon anywhere. Now, I don't know how to open cart page and proceed with investment. It seems like major UI glitch in new version if the app.",6,18.14.2,True,0.05,perf
2026-08-16 14:50:00,4,need trailing stop loss feature urgently,0,18.14.2,True,0.05,positive
2026-08-16 14:45:00,5,nic,0,18.6.1,True,0.13,positive
2026-08-16 14:12:00,5,Very good App,0,18.14.2,True,0.05,positive
2026-08-16 13:39:00,5,good,0,18.15.0,True,0.05,positive
2026-08-16 13:26:00,5,how i grow,0,18.14.1,True,0.08,positive
2026-08-16 13:22:00,5,is the good,0,18.14.2,True,0.07,positive
2026-08-16 13:16:00,5,super,0,18.13.2,True,0.17,positive
2026-08-16 13:03:00,5,super trading app world best groww stock please you are try trust me,0,18.14.2,True,0.2,positive
2026-08-16 12:59:00,5,Groww is a simple and user-friendly investment app. Easy to use and very helpful for stocks and IPO investments.”,3,18.13.2,True,0.08,positive
2026-08-16 12:53:00,5,so nice performance,0,18.14.2,True,0.18,positive
2026-08-16 12:33:00,1,this app is useless I invest in sip money debited but but didn't allotted and money is also not refund and when I call customer care they didn't pick the phone don't invest in this fake app .,3,18.15.0,True,0.15,"support,money"
2026-08-16 12:28:00,5,Excellent,1,18.15.0,True,0.05,positive
2026-08-16 12:28:00,5,Superb 😍,0,18.14.2,True,0.05,positive
2026-08-16 12:01:00,5,kafi trusted platform,0,18.14.1,True,0.05,positive
2026-08-16 11:59:00,1,"It is 5th day after the app install, KYC is pending is showing, when i click submit documents, it is showing please try again later always, since angel one order processing takes time, i thought to try grow application, but it is far behind. Ticket number is 27308487",2,18.15.0,True,-0.47,"support,money"
2026-08-16 11:49:00,5,very nice,1,18.14.2,True,0.07,positive
2026-08-16 11:30:00,3,Good,0,18.12.1,True,0.2,unthemed
2026-08-16 11:20:00,5,good,0,,True,0.1,positive
2026-08-16 11:10:00,5,User friendly app very easy to purchase mutual fund as well as exit,2,,True,0.08,positive
2026-08-16 11:07:00,5,best apps Groww,1,18.14.2,True,0.13,positive
2026-08-16 10:59:00,1,don't install very bad show app loss 70000 this intraday,0,,True,0.08,unthemed
2026-08-16 10:55:00,5,good,0,18.14.2,True,0.15,positive
2026-08-16 10:52:00,1,"remove the button(Direct click) of ""activate F&O"" and ""TAKE A LOAN"" from bottom of app. everytime I switch between pages of stocks and mutual fund, accidently click on it..",6,18.14.2,True,0.2,features
2026-08-16 10:51:00,5,its totally securable appp and almost given you better experience..,1,18.15.0,True,0.03,positive
2026-08-16 10:39:00,5,very easy,1,18.14.2,True,0.05,positive
2026-08-16 10:35:00,5,good,0,18.14.2,True,0.12,positive
2026-08-16 10:35:00,5,good,0,18.13.2,True,0.12,positive
2026-08-16 10:14:00,5,groww is the best,0,18.14.2,True,0.2,positive
2026-08-16 10:07:00,5,Good app,0,18.14.2,True,0.13,positive
2026-08-16 10:04:00,5,excellent 👌,0,18.15.0,True,0.18,positive
2026-08-16 09:59:00,1,SIP का पैसा नही आया एकाउंट में GROWW ने अपने एकाउंट में ले लिया FAKE आप है GROWW isme koe sip mat karna,0,15.54,True,0.08,money
2026-08-16 09:55:00,5,very nice application this favourite,0,,True,0.15,positive
2026-08-16 09:33:00,5,"The user interface is so simplified , I'm in love with this app .Most importantly the Groww app gives instant withdrawal within seconds money gets deposited into your accounts. Their servers are also top , never had a glitch while trading .The icons of stock are so unique and specific .But the groww app needs to work on the charts section",2,,True,0.15,positive
2026-08-16 09:24:00,5,✅️,0,18.15.0,True,0.03,positive
2026-08-16 09:05:00,5,good,1,18.14.2,True,0.17,positive
2026-08-16 08:57:00,5,good,0,,True,0.12,positive
2026-08-16 08:52:00,5,good app,1,18.14.2,True,0.2,positive
2026-08-16 08:48:00,5,ok,0,18.15.0,True,0.08,positive
2026-08-16 08:48:00,5,uss less app I stop use but they also increases money in negative and told pay right now use very bad don't download this app. this app only make money in your pocket,0,,True,0.08,positive
2026-08-16 08:44:00,5,"app good. service good. transection good. all good but broker charges very high, other wish I love this app because as will as part time job for me 😊",0,18.14.1,True,0.17,positive
2026-08-16 08:36:00,5,nic,0,18.13.2,True,0.1,positive
2026-08-16 08:03:00,1,"kyc process takes longer than usual time, now sent closure request before 2days,again on waiting, no reply of msg,mail and when call, IVR keeps you on waiting and after5 minutes call ends,and also no follow up for my request from their side, i just UNINSTALLED the APP, worst experience...",0,,True,-0.35,"support,money"
2026-08-16 07:55:00,5,Excellent 🙂,0,18.15.0,True,0.15,positive
2026-08-16 07:48:00,5,good,0,18.15.0,True,0.08,positive
2026-08-16 07:18:00,5,best app,0,,True,0.13,positive
2026-08-16 07:11:00,5,super,0,18.14.2,True,0.07,positive
2026-08-16 06:50:00,5,good,0,18.14.2,True,0.05,positive
2026-08-16 06:43:00,5,best shear market app,0,18.14.2,True,0.17,positive
2026-08-16 06:34:00,5,good 👍,1,18.15.0,True,0.13,positive
2026-08-16 06:17:00,5,good,1,18.15.0,True,0.15,positive
2026-08-16 06:07:00,5,Good App,0,18.15.0,True,0.13,positive
2026-08-16 05:43:00,5,nice,0,18.14.2,True,0.17,positive
2026-08-16 05:01:00,5,ok funtastic,0,18.14.2,True,0.05,positive
2026-08-16 03:00:00,5,good 👍👍,1,18.7.1,True,0.07,positive
2026-08-16 02:25:00,5,excellent,0,18.14.2,True,0.1,positive
2026-08-16 01:53:00,3,in alert there is no any notes options and tone,0,18.14.2,True,0.18,features
2026-08-16 01:36:00,5,great,0,18.13.2,True,0.1,positive
2026-08-16 00:52:00,5,good,0,18.14.1,True,0.2,positive
2026-08-16 00:33:00,5,good,0,18.9.0,True,0.15,positive
2026-08-16 00:32:00,1,"Many important changes reqired, User friendly not there. , There should be add and remove settings for the Option Greeks as per user desides set on the page and also which is occupied full of space and data is not updated in time that shows same numbers always Another PCR value must be visible on the upside of the each page each sector. Speed needs to be improve lot. Data not updating time to time. Most of the time Change in OI stucks with sams data for long time. etc, etc,.",3,18.14.2,True,-6.83,unthemed
2026-08-16 00:17:00,5,"thanks groww maker's and team for make a easy to access, india stock market... love support and respect your dedication and service.... recommended application for India stock market like stocks buy sell ETF s and All service....",0,18.14.2,True,0.15,positive
2026-08-15 23:31:00,5,nice 👍,0,18.14.2,True,0.18,positive
2026-08-15 23:19:00,5,nice,0,18.15.0,True,0.12,positive
2026-08-15 22:21:00,5,Easy to trade,0,18.14.1,True,0.08,positive
2026-08-15 21:55:00,5,nice app❤️🥰,0,,True,0.15,positive
2026-08-15 21:30:00,4,ok,0,18.12.1,True,0.2,positive
2026-08-15 21:27:00,5,good,0,18.15.0,True,0.07,positive
2026-08-15 21:27:00,5,good,1,18.14.0,True,0.07,positive
2026-08-15 21:23:00,5,Easy to access.,1,18.14.2,True,0.05,positive
2026-08-15 21:10:00,4,learning for more thank u groww,2,18.15.0,True,0.08,positive
2026-08-15 20:57:00,5,good app..,1,18.14.2,True,0.12,positive
2026-08-15 20:53:00,5,such a excellent application,0,18.14.2,True,0.18,positive
2026-08-15 20:50:00,5,best of Best app..,1,18.15.0,True,0.05,positive
2026-08-15 20:42:00,5,ok,1,18.15.0,True,0.18,positive
2026-08-15 20:38:00,5,nice groow,0,18.0.0,True,0.07,positive
2026-08-15 20:34:00,5,very good 👍,0,18.14.2,True,0.13,positive
2026-08-15 20:32:00,5,ok,1,18.15.0,True,0.17,positive
2026-08-15 20:31:00,5,excellent,1,18.14.2,True,0.2,positive
2026-08-15 20:22:00,4,very nice,0,18.14.2,True,0.07,positive
2026-08-15 19:32:00,5,good,0,,True,0.17,positive
2026-08-15 19:19:00,5,very nice app,0,18.15.0,True,0.12,positive
2026-08-15 19:17:00,2,very poor i need is normal not any changes,2,,True,0.15,unthemed
2026-08-15 18:59:00,4,best,1,18.14.2,True,0.08,positive
2026-08-15 18:40:00,5,best platform,1,18.14.2,True,0.03,positive
2026-08-15 18:38:00,4,no profit,1,18.14.2,True,0.07,positive
2026-08-15 18:26:00,5,Good,1,18.14.2,True,0.08,positive
2026-08-15 18:02:00,5,super,1,18.15.0,True,0.03,positive
2026-08-15 17:42:00,5,good,0,18.14.2,True,0.18,positive
2026-08-15 17:19:00,4,good not no1,0,18.14.2,True,0.12,positive
2026-08-15 17:12:00,5,good 😊,0,18.15.0,True,0.05,positive
2026-08-15 17:06:00,5,nice,1,18.13.2,True,0.15,positive
2026-08-15 17:01:00,5,good,0,18.15.0,True,0.05,positive
2026-08-15 16:55:00,5,ગુડ,0,,True,0.15,positive
2026-08-15 16:43:00,5,good,0,18.15.0,True,0.17,positive
2026-08-15 16:42:00,5,Easy to use and Understable,1,18.14.2,True,0.18,positive
2026-08-15 16:42:00,5,thank you sir 🙂,0,18.13.2,True,0.18,positive
2026-08-15 16:26:00,5,thank you,1,18.15.0,True,0.08,positive
2026-08-15 15:36:00,5,ok,0,17.7,True,0.1,positive
2026-08-15 15:29:00,1,"my stock portfolio is showing wrong information and i shared screenshots multiple time with customer care representatives both from pc login and mobile app screenshot, yet customer care is unable to fix my problem, all they do is they forward the complaint and forget about it. a person named rohit closed my complaint twice without even saying something, he sent me pre typed messages that i have to clear the cache of app and reinstall it. ticket id [ID]",75,18.15.0,True,-1.05,"support,money"
2026-08-15 15:23:00,5,nice one,1,18.14.2,True,0.05,positive
2026-08-15 15:13:00,5,good,0,18.14.2,True,0.03,positive
2026-08-15 15:08:00,5,best and most beautiful survice,0,18.13.2,True,0.12,positive
2026-08-15 14:19:00,5,nice,1,18.13.2,True,0.12,positive
2026-08-15 14:19:00,4,to muchh late sms send by groww,1,18.14.2,True,0.12,positive
2026-08-15 14:15:00,5,thik,0,18.14.1,True,0.2,positive
2026-08-15 14:12:00,5,easy and simple app,0,18.14.0,True,0.05,positive
2026-08-15 14:12:00,5,Good,1,18.14.2,True,0.05,positive
2026-08-15 14:10:00,5,Best,0,18.13.2,True,0.1,positive
2026-08-15 14:01:00,5,outstanding app,0,18.15.0,True,0.05,positive
2026-08-15 13:53:00,1,if you want to lose your money you are most welcome in groww app. groww is taking 20rs. per order so many apps are not taking brokerage like 1. flat trade 2.shoonya these are good app for expert zerodha,1,18.14.2,True,0.18,charges
2026-08-15 13:45:00,5,awesome 😎😎,0,18.14.2,True,0.13,positive
2026-08-15 13:44:00,1,very costly,1,18.13.2,True,0.15,unthemed
2026-08-15 13:35:00,5,nice app,0,18.14.2,True,0.12,positive
2026-08-15 13:18:00,5,very good but can it be in the trading view also to get connected to it,1,18.15.0,True,0.13,positive
2026-08-15 13:18:00,5,good app for all,0,18.14.1,True,0.13,positive
2026-08-15 13:18:00,5,Excellent,1,18.13.2,True,0.13,positive
2026-08-15 12:39:00,5,good 👍💯💯💯,1,18.8.1,True,0.05,positive
2026-08-15 12:19:00,5,so good experience,0,18.14.2,True,0.12,positive
2026-08-15 12:08:00,5,good,1,18.11.1,True,0.12,positive
2026-08-15 11:55:00,5,good,0,18.13.2,True,0.15,positive
2026-08-15 11:53:00,5,very good,1,18.14.2,True,0.18,positive
2026-08-15 11:40:00,5,financially superb app,0,18.14.2,True,0.03,positive
2026-08-15 11:23:00,5,Nice work,0,18.12.1,True,0.05,positive
2026-08-15 11:22:00,5,very good,0,18.14.2,True,0.07,positive
2026-08-15 11:12:00,5,sahi hai,0,18.13.2,True,0.05,positive
2026-08-15 11:03:00,5,good 😊,1,18.15.0,True,0.2,positive
2026-08-15 10:58:00,5,good,1,18.14.2,True,0.1,positive
2026-08-15 10:57:00,5,this app is so good to use,0,18.13.2,True,0.12,positive
2026-08-15 10:46:00,5,very good aap is my opinion,1,18.13.2,True,0.12,positive
2026-08-15 10:41:00,5,good,0,18.14.2,True,0.2,positive
2026-08-15 10:26:00,5,Excellent,1,18.14.2,True,0.08,positive
2026-08-15 10:10:00,5,best app for trading,0,18.14.2,True,0.08,positive
2026-08-15 10:06:00,5,very nice groww,1,18.14.2,True,0.15,positive
2026-08-15 09:55:00,5,I would love to have a demat account,1,18.15.0,True,0.15,positive
2026-08-15 09:55:00,3,good,0,18.14.2,True,0.15,unthemed
2026-08-15 09:48:00,5,very good,1,18.11.1,True,0.08,positive
2026-08-15 09:48:00,5,very good 👍,0,18.14.2,True,0.08,positive
2026-08-15 09:34:00,5,good 👏,0,18.14.2,True,0.13,positive
2026-08-15 09:28:00,5,நன்று,0,18.14.2,True,0.05,positive
2026-08-15 09:24:00,5,Nice App,0,,True,0.03,positive
2026-08-15 09:13:00,5,good,0,18.15.0,True,0.03,positive
2026-08-15 09:10:00,5,good,0,18.14.2,True,0.08,positive
2026-08-15 08:47:00,5,good,0,18.14.2,True,0.1,positive
2026-08-15 08:34:00,5,good,0,18.14.2,True,0.13,positive
2026-08-15 08:31:00,5,okay,0,18.14.2,True,0.18,positive
2026-08-15 08:27:00,5,good,1,18.13.2,True,0.07,positive
2026-08-15 07:47:00,5,super,0,18.14.2,True,0.1,positive
2026-08-15 07:38:00,1,"Started using Groww for mutual funds and stocks just 2 days ago, and already disappointed. There are hidden charges on small, small services that aren't clearly disclosed upfront — feels misleading for a new user. On top of that, the app isn't very convenient to navigate, and customer support has been slow and lacks proper knowledge to resolve issues. Within just 2 days I've decided to close my account. Would not recommend to anyone looking for a transparent, user-friendly platform.",7,18.14.2,True,0.07,"support,charges"
2026-08-15 07:32:00,5,vyri nais,1,18.15.0,True,0.17,positive
2026-08-15 07:30:00,5,best app,0,18.14.2,True,0.2,positive
2026-08-15 07:13:00,5,good,0,18.14.2,True,0.03,positive
2026-08-15 07:07:00,2,groww app used to give platform for fixed deposit. I invested in fixed deposit through it and now it is not showing in groww app ....and they are not even responding ....they are saying to go to bank ..bank is saying go to groww app. nor their customer support is knowledgeable enough to answer questions. my money is stuck. not expected from such big name app. my ticket is 27208454. I have already sent email and they have generated ticket but no action taken nor they have replied,3,,True,-105.6,"support,perf"
2026-08-15 06:49:00,5,very nice,0,18.14.1,True,0.07,positive
2026-08-15 06:37:00,4,last few experience with groww is very comfortable.,0,18.14.2,True,0.08,positive
2026-08-15 06:31:00,5,It is an easy and fast app.,0,18.14.2,True,0.18,positive
2026-08-15 06:09:00,5,Very good,0,18.14.2,True,0.1,positive
2026-08-15 03:24:00,1,selfie verification while login is not possible when u logging again and again it should be removed,2,18.14.2,True,0.03,money
2026-08-15 01:56:00,5,easy,0,18.14.2,True,0.13,positive
2026-08-15 01:36:00,5,fine working,1,18.15.0,True,0.1,positive
2026-08-15 01:03:00,5,good 👍😊,0,18.14.2,True,0.2,positive
2026-08-15 00:48:00,5,This app is easy for me to use and I am happy,0,18.14.2,True,0.08,positive
2026-08-15 00:29:00,5,superb 😍,1,18.15.0,True,0.03,positive
2026-08-15 00:28:00,2,"There is a serious glitch in 'Portfolio Analysis' feature since last many updates, and its a serious matter. Correct it or I have options !",4,18.15.0,True,0.05,"features,perf"
2026-08-15 00:26:00,5,bhut badhiya,0,18.14.2,True,0.08,positive
2026-08-15 00:17:00,5,good 👍,0,18.14.2,True,0.15,positive
2026-08-14 23:17:00,1,Data protection is absolutely worst with this Broker. They will sell your personal information to scammer. I have been Using Zerodha for the past two year. there is no single event of Spam calls regarding trading advice. But After I installed and opened account with Groww I constantly getting spam calls. This is very disturbing behavior from this broker.,1,18.14.2,True,-6.22,unthemed
2026-08-14 23:17:00,5,good,1,18.14.1,True,0.15,positive
2026-08-14 22:21:00,5,very nice,0,18.14.2,True,0.08,positive
2026-08-14 22:04:00,4,groww is safest platform for trading mutual funds and intraday trading,0,18.14.2,True,0.18,positive
2026-08-14 21:54:00,5,good,1,18.15.0,True,0.17,positive
2026-08-14 21:37:00,5,good,0,18.12.1,True,0.08,positive
2026-08-14 20:53:00,5,good app,0,18.15.0,True,0.18,positive
2026-08-14 20:35:00,5,good 👍,0,18.13.2,True,0.12,positive
2026-08-14 20:26:00,5,good,0,18.13.2,True,0.08,positive
2026-08-14 20:14:00,5,very good,1,18.15.0,True,0.2,positive
2026-08-14 19:48:00,5,🙏,0,18.10.1,True,0.08,positive
2026-08-14 19:35:00,5,good,0,18.14.2,True,0.12,positive
2026-08-14 19:11:00,5,good,0,18.14.1,True,0.07,positive
2026-08-14 19:07:00,5,very good,0,18.13.2,True,0.13,positive
2026-08-14 18:52:00,5,superb,0,18.14.2,True,0.2,positive
2026-08-14 18:51:00,5,good,0,18.14.2,True,0.03,positive
2026-08-14 18:47:00,1,it's been more than a week i placed a lumpsum order in MF. still in progress only. money locked with them but no funds allotted. customer support is waste. they only raise tickets which also remain open but no solution. Choose any other app. Not this.,3,18.14.2,True,0.1,support
2026-08-14 18:25:00,3,good,1,18.15.0,True,0.1,unthemed
2026-08-14 18:23:00,3,"Irresponsible customer care response. Why I'm not getting UPI mandate notification, I missed my IPO allotments because of your worst UPI service. No notification no information on where to approve atleast.",1,18.14.2,True,0.05,"support,features"
2026-08-14 18:06:00,4,nice,0,18.14.2,True,0.15,positive
2026-08-14 18:04:00,5,very good,0,18.14.2,True,0.18,positive
2026-08-14 17:58:00,5,good.,0,18.14.2,True,0.1,positive
2026-08-14 17:49:00,5,best app for stock market and sip,0,18.14.2,True,0.07,positive
2026-08-14 17:43:00,5,best app,2,18.15.0,True,0.17,positive
2026-08-14 17:31:00,5,very good,0,18.13.2,True,0.18,positive
2026-08-14 17:22:00,5,good application,0,18.14.1,True,0.07,positive
2026-08-14 17:21:00,5,Extra ordinary fantastic mind blowing,0,18.14.2,True,0.08,positive
2026-08-14 16:56:00,4,"fast but, not up to date with time occasionally even to the hour ,to the minute or second is never.",2,18.14.2,True,0.13,positive
2026-08-14 16:22:00,5,Good,0,18.13.2,True,0.07,positive
2026-08-14 16:18:00,5,indian is bsnl investment fund isily,1,,True,0.13,positive
2026-08-14 16:03:00,5,nice app,0,18.14.1,True,0.2,positive
2026-08-14 15:54:00,1,"Brokrage high , worst application. Don't use this application.",1,18.14.1,True,0.17,unthemed
2026-08-14 15:53:00,5,very nice,0,18.14.2,True,0.18,positive
2026-08-14 15:51:00,5,good 👍,0,18.13.2,True,0.03,positive
2026-08-14 15:50:00,4,good,0,18.14.2,True,0.05,positive
2026-08-14 15:45:00,5,best app for trading it's so cool and helpful,0,18.14.2,True,0.13,positive
2026-08-14 15:42:00,1,customer care ghatiya,0,,True,0.2,support
2026-08-14 15:35:00,5,Good App,0,18.14.2,True,0.12,positive
2026-08-14 15:33:00,5,amazing,0,18.14.1,True,0.15,positive
2026-08-14 15:25:00,5,Grow App is a good and easiest app for trading.,4,18.14.2,True,0.1,positive
2026-08-14 15:22:00,5,good 👍,0,18.14.2,True,0.07,positive
2026-08-14 15:15:00,4,good experience,1,18.15.0,True,0.18,positive
2026-08-14 15:14:00,5,good,0,18.14.2,True,0.2,positive
2026-08-14 15:13:00,5,easy to use and safe,0,18.14.2,True,0.03,positive
2026-08-14 15:11:00,2,supper,1,18.14.2,True,0.07,unthemed
2026-08-14 15:08:00,4,kindly make review & feedback options available on app. this app have few problems to be fixed but I don't know how to give you the feedback.,3,18.14.2,True,0.12,positive
2026-08-14 15:04:00,5,good,0,18.13.2,True,0.2,positive
2026-08-14 15:03:00,5,super 👍,0,18.14.2,True,0.22,positive
2026-08-14 14:58:00,5,very nice,0,18.13.2,True,0.1,positive
2026-08-14 14:52:00,1,system slow. fauls trade hota hai. 120 bye karnese 123/125 me bye hata hai,0,18.14.2,True,0.2,perf
2026-08-14 14:50:00,1,very bad 😈😈,0,18.14.2,True,0.05,unthemed
2026-08-14 14:50:00,1,sub index upar niche Ho chuke hain aur stocks bhi market cap wise nahin a Rahe,0,18.14.2,True,0.05,unthemed
2026-08-14 14:37:00,5,best trading app for beginners thank you 💗,0,18.14.2,True,0.08,positive
2026-08-14 14:37:00,5,Good working...👍,1,18.14.2,True,0.08,positive
2026-08-14 14:33:00,1,scammer app enables to selling share,1,18.14.2,True,0.15,unthemed
2026-08-14 14:28:00,1,"hello, I have been using this app for the last 1 year and everything has been going smoothly and well in intraday trading but, from July 2026 this app is taking too much brokerage I don't know why?? my trade for only 1 mint and 1 order after that It will deduct 200+ ₹ charges why? but you mentioned that 20₹/ per order I am very disappointed 😞 😞",7,18.14.2,True,0.05,charges
2026-08-14 14:26:00,5,All Taime Best,0,18.14.2,True,0.08,positive
2026-08-14 14:24:00,5,super all the best,0,18.14.2,True,0.03,positive
2026-08-14 14:21:00,5,good,0,18.14.1,True,0.08,positive
2026-08-14 14:21:00,5,ok,0,18.14.1,True,0.08,positive
2026-08-14 14:14:00,5,very nice 🙂,0,18.14.2,True,0.22,positive
2026-08-14 14:08:00,5,supar,0,18.14.1,True,0.12,positive
2026-08-14 14:01:00,5,super 👍,0,18.14.2,True,0.05,positive
2026-08-14 14:01:00,1,app Speed is very slow,0,18.14.2,True,0.05,perf
2026-08-14 13:52:00,5,good,0,18.14.2,True,0.2,positive
2026-08-14 13:49:00,3,happy,0,18.13.2,True,0.07,unthemed
2026-08-14 13:30:00,5,nice,0,18.10.1,True,0.2,positive
2026-08-14 13:22:00,5,achha,0,18.14.1,True,0.05,positive
2026-08-14 13:05:00,5,great,0,18.13.2,True,-0.02,positive
2026-08-14 13:02:00,5,👍good,0,18.14.2,True,0.03,positive
2026-08-14 12:53:00,5,good,0,18.12.1,True,0.18,positive
2026-08-14 12:45:00,5,🙏,0,18.14.2,True,0.13,positive
2026-08-14 12:35:00,5,best indian shares market and trading app in India 👍🇮🇳,1,18.14.2,True,0.12,positive
2026-08-14 12:35:00,2,"Since the Loans section was introduced, i have been receiving so many calls about the loan. i receive atleast 5 calls everyday. please stop it! it's so annoying",4,18.14.2,True,0.12,unthemed
2026-08-14 12:32:00,5,👍 good,1,18.13.2,True,0.17,positive
2026-08-14 12:32:00,5,good,0,18.14.2,True,0.18,positive
2026-08-14 12:31:00,5,overall this app is excellent 👌but some time working slow and striking.,0,18.14.2,True,0.2,positive
2026-08-14 12:31:00,5,good 👍,0,18.13.2,True,0.22,positive
2026-08-14 12:27:00,5,Grow with Grow,0,18.14.2,True,0.07,positive
2026-08-14 12:23:00,5,👍😊,0,18.13.2,True,0.05,positive
2026-08-14 12:23:00,5,good performances,0,18.13.2,True,0.05,positive
2026-08-14 12:06:00,5,Please add the SWP option in the app. and provide a daily sip option.,1,18.15.0,True,0.15,positive
2026-08-14 12:03:00,4,har index me kitne advance kitne decline hai ye data bhi do,0,18.14.2,True,0.2,positive
2026-08-14 12:00:00,5,good 😊,0,18.14.2,True,0.07,positive
2026-08-14 11:59:00,4,statement very small font send to mail,0,18.14.1,True,0.08,positive
2026-08-14 11:54:00,5,good sarvice,0,18.13.2,True,0.17,positive
2026-08-14 11:48:00,5,great 😃,0,18.13.2,True,0.08,positive
2026-08-14 11:48:00,5,one app good,1,18.15.0,True,0.08,positive
2026-08-14 11:41:00,5,"I am having wonderful experience while using GROW, I wish i had used it before",1,18.15.0,True,0.22,positive
2026-08-14 11:39:00,5,good app very easy use,1,18.14.2,True,0.05,positive
2026-08-14 11:25:00,5,very good !,0,18.14.1,True,0.1,positive
2026-08-14 11:17:00,5,Very Good Experience Smooth and Easy,0,18.13.2,True,0.15,positive
2026-08-14 11:06:00,5,good App,0,18.14.1,True,0.15,positive
2026-08-14 11:02:00,5,good,0,18.13.2,True,0.03,positive
2026-08-14 11:02:00,5,Nice to use,0,18.13.2,True,0.03,positive
2026-08-14 10:49:00,5,best,0,,True,0.07,positive
2026-08-14 10:45:00,5,very good,0,18.14.2,True,0.15,positive
2026-08-14 10:42:00,1,this is a worst app. I was in daily market where I put order and then after it is not showing in my account.,2,18.14.2,True,0.2,unthemed
2026-08-14 10:39:00,5,excellent 👌,1,18.15.0,True,0.05,positive
2026-08-14 10:38:00,5,good,0,18.14.2,True,0.07,positive
2026-08-14 10:23:00,5,nice,0,18.12.1,True,0.05,positive
2026-08-14 10:19:00,5,ok,0,18.13.2,True,0.12,positive
2026-08-14 10:18:00,5,nyc app,0,18.14.2,True,0.13,positive
2026-08-14 10:17:00,5,Very nice,0,18.14.2,True,0.17,positive
2026-08-14 10:12:00,1,"Adhar card is not taking, while putting adhar number it's showing try again. very disappointing",1,18.14.2,True,0.05,unthemed
2026-08-14 10:10:00,5,good experience,0,18.14.2,True,0.08,positive
2026-08-14 10:02:00,5,very good,0,18.14.2,True,0.03,positive
2026-08-14 09:57:00,5,good app,0,18.14.2,True,0.12,positive
2026-08-14 09:53:00,5,Good app for investment 👌,0,18.14.2,True,0.18,positive
2026-08-14 09:51:00,1,app not proper work,0,18.14.2,True,0.03,unthemed
2026-08-14 09:49:00,1,good experience 😊,0,18.14.2,True,0.07,unthemed
2026-08-14 09:45:00,5,excellent,0,18.13.2,True,0.13,positive
2026-08-14 09:37:00,5,Good,0,18.14.2,True,0.08,positive
2026-08-14 09:36:00,5,very nice and money saving app,0,18.13.2,True,0.1,positive
2026-08-14 09:32:00,5,very good,0,18.14.2,True,0.17,positive
2026-08-14 09:31:00,5,ok,1,18.13.2,True,0.2,positive
2026-08-14 09:23:00,5,gud,0,18.14.1,True,0.05,positive
2026-08-14 09:22:00,5,good 👍👍👍👍👍👍👍👍👍👍,0,18.14.2,True,0.07,positive
2026-08-14 09:15:00,5,good experience,0,18.14.2,True,0.18,positive
2026-08-14 09:15:00,5,good,0,18.14.2,True,0.2,positive
2026-08-14 09:10:00,5,nice,0,18.14.2,True,0.08,positive
2026-08-14 09:08:00,5,Nice,0,18.14.2,True,0.12,positive
2026-08-14 09:02:00,5,nice,0,18.14.2,True,0.03,positive
2026-08-14 08:58:00,5,good 👍,0,18.14.2,True,0.1,positive
2026-08-14 08:44:00,5,good,0,18.14.2,True,0.15,positive
2026-08-14 08:40:00,5,Outstanding,0,18.13.2,True,0.03,positive
2026-08-14 08:35:00,5,super 👍,0,18.14.2,True,0.12,positive
2026-08-14 08:32:00,5,very good and very trusted app Everyone can use it easy...... app is a fantastic,2,18.14.2,True,0.17,positive
2026-08-14 08:26:00,5,good,0,18.14.2,True,0.08,positive
2026-08-14 08:25:00,5,super 👌,0,18.13.2,True,0.1,positive
2026-08-14 08:19:00,5,Good,0,18.14.2,True,0.12,positive
2026-08-14 08:14:00,5,ok,0,18.14.2,True,0.2,positive
2026-08-14 08:12:00,4,good experience with grow,0,18.14.2,True,0.05,positive
2026-08-14 08:08:00,5,good app,0,18.14.1,True,0.12,positive
2026-08-14 08:07:00,5,good 👍🏻😊,0,18.14.1,True,0.13,positive
2026-08-14 08:05:00,5,good,0,18.14.2,True,0.18,positive
2026-08-14 07:50:00,5,nice,0,18.13.2,True,0.05,positive
2026-08-14 07:47:00,5,ಸೂಪರ್,0,18.14.2,True,0.1,positive
2026-08-14 07:29:00,5,exceptional UI experience,0,18.14.2,True,0.03,positive
2026-08-14 07:26:00,1,total Los don't use,0,18.14.2,True,0.08,unthemed
2026-08-14 07:19:00,5,Really Excellent 👌👌👍👍,0,18.10.1,True,0.12,positive
2026-08-14 07:17:00,4,grow is Best option,0,18.14.2,True,0.15,positive
2026-08-14 07:05:00,5,Good 👍,0,18.14.2,True,0.17,positive
2026-08-14 07:04:00,5,tx best app,0,18.14.2,True,0.18,positive
2026-08-14 06:41:00,5,👍👍,0,18.14.2,True,0.2,positive
2026-08-14 06:14:00,5,easy to use & all info available,0,18.14.2,True,0.2,positive
2026-08-14 05:08:00,5,good,0,18.14.2,True,0.12,positive
2026-08-14 04:41:00,5,good services,0,18.14.2,True,0.2,positive
2026-08-14 04:32:00,5,beautiful,0,18.13.2,True,0.17,positive
2026-08-14 04:07:00,5,very very very good service thanks 👍👍👍👍👍👍👍👍👍👍👍👍👍👍👍👍👍,0,,True,0.13,positive
2026-08-14 03:05:00,5,it is the best🌹,0,18.13.2,True,0.17,positive
2026-08-14 00:59:00,5,😊,0,18.14.2,True,0.08,positive
2026-08-14 00:44:00,5,Best,1,18.14.2,True,0.15,positive
2026-08-14 00:26:00,5,good groww .am Milap wedding event planner 🎤🙏,0,18.13.2,True,0.08,positive
2026-08-14 00:25:00,5,best,0,18.14.1,True,0.1,positive
2026-08-14 00:12:00,5,Very Good Application ✨,0,18.14.2,True,0.05,positive
2026-08-14 00:00:00,5,good app 💯,0,18.13.2,True,0.07,positive
2026-08-13 23:58:00,5,very good,0,18.14.2,True,0.1,positive
2026-08-13 23:22:00,5,very good,0,18.14.1,True,0.07,positive
2026-08-13 23:21:00,1,VERY BAD EXPERIANCE IN CONNECT WITH SUPPORT . NO REPLY IN CHAT AFTER ASSIGENED TO AGENT AND ON CALL WAITING WAS 25 TO 30 MINITS AFTER WAIT ALSO NOT SATISFACTORY ANSWER,2,18.15.0,True,0.08,support
2026-08-13 23:12:00,1,one of the worst app is have never seen ... cause of saying is that just froba simple add of my name there is no option wtfing app is it even a app like this should now that option should be given but no even my all the documents are completely verified then to and not only that for that thing I wasted my all over 1hr just for searching that there is a some options over there but no there's it so iam uninstall this app thank you,5,18.13.2,True,0.05,features
2026-08-13 23:00:00,4,it is helpful 🙂,0,18.14.2,True,0.07,positive
2026-08-13 22:44:00,1,very very bad experience of Commodities trading totally trap for groww,0,18.12.1,True,0.15,unthemed
2026-08-13 22:34:00,5,very good,0,18.13.2,True,0.13,positive
2026-08-13 22:32:00,5,perfect for me 😀😌,0,,True,0.17,positive
2026-08-13 22:14:00,1,when I open my acct I see a kyc page I try to complete it. it only shows try again,1,18.14.2,True,0.2,money
2026-08-13 22:10:00,2,"Customer care is not easy to reach nor is able to solve the issues properly. Secondly, the transparency of this app has been decreasing a lot, a lot of details related to orders are no longer being provided like they used to.",27,18.14.2,True,0.08,support
2026-08-13 22:08:00,5,excellent app,0,18.14.2,True,0.12,positive
2026-08-13 22:05:00,5,sabse achha aap hai groww aap,0,18.13.2,True,0.17,positive
2026-08-13 22:02:00,2,"very bad customer service... they waited me 15 min on a call and didn't connect to the agent.... very bad experience,😔😔😔",0,16.16,True,0.03,support
2026-08-13 22:02:00,5,good 👍,0,18.14.2,True,0.03,positive
2026-08-13 21:47:00,5,simple smart 👌,0,18.13.2,True,0.1,positive
2026-08-13 21:46:00,5,Good,0,18.14.2,True,0.12,positive
2026-08-13 21:45:00,4,good 👍,0,18.14.1,True,0.15,positive
2026-08-13 21:41:00,5,good,0,18.14.1,True,0.22,positive
2026-08-13 21:08:00,5,"Fantastic, Appreciate your software. I really love it more than money.",1,18.14.2,True,0.12,positive
2026-08-13 21:06:00,5,good,0,18.14.2,True,0.15,positive
2026-08-13 21:03:00,5,👌,0,18.14.2,True,0.2,positive
2026-08-13 20:30:00,5,superb,0,18.13.2,True,0.2,positive
2026-08-13 20:25:00,5,super 💯,0,18.12.1,True,0.1,positive
2026-08-13 20:10:00,5,good,0,18.14.2,True,0.08,positive
2026-08-13 20:08:00,5,excellent,0,18.14.2,True,0.12,positive
2026-08-13 20:06:00,5,very good💯👍,0,18.14.2,True,0.15,positive
2026-08-13 19:34:00,5,super,0,18.14.2,True,0.13,positive
2026-08-13 19:00:00,1,vvvvv bed app,1,18.15.0,True,0.07,unthemed
2026-08-13 18:47:00,4,super 👍,0,18.14.2,True,0.1,positive
2026-08-13 18:40:00,5,nice app,0,18.13.2,True,0.03,positive
2026-08-13 18:36:00,5,Best,0,18.15.0,True,0.1,positive
2026-08-13 18:25:00,5,mast app,0,,True,0.1,positive
2026-08-13 18:25:00,5,good,0,18.14.2,True,-5.97,positive
2026-08-13 18:16:00,5,👍,0,18.14.2,True,0.17,positive
2026-08-13 17:55:00,5,my fauret groww app,0,18.14.2,True,0.15,positive
2026-08-13 17:50:00,5,good,0,18.13.2,True,0.05,positive
2026-08-13 17:44:00,5,excellent 😉😉😉😉😉😉😉😉😉😉😉😉😉😉😉😉😉😉😉😉😉😉,0,18.14.2,True,0.15,positive
2026-08-13 17:42:00,5,very nice app,0,18.14.2,True,0.18,positive
2026-08-13 17:40:00,5,good,0,,True,0.03,positive
2026-08-13 17:34:00,5,Superb,0,18.14.2,True,0.13,positive
2026-08-13 17:23:00,5,good,1,18.15.0,True,0.05,positive
2026-08-13 17:19:00,5,very much,1,18.15.0,True,0.12,positive
2026-08-13 17:07:00,5,Grow with grow.👍,0,18.13.2,True,0.13,positive
2026-08-13 17:04:00,5,it's awesome app it's working very smoothly and fast I give totally 100 percent successful app,0,18.14.2,True,0.18,positive
2026-08-13 17:04:00,5,good app,0,18.6.1,True,0.18,positive
2026-08-13 16:50:00,4,good,0,18.14.1,True,0.05,positive
2026-08-13 16:45:00,4,good,0,18.14.2,True,0.13,positive
2026-08-13 16:45:00,3,while I appreciate the intent of UI! but finding open IPOs is impossible! why can't I have homescreen of IPOs? or simple menu to switch to see Open IPOs?,0,,True,0.13,unthemed
2026-08-13 16:40:00,5,👌👌👌👌,0,18.14.2,True,0.03,positive
2026-08-13 16:35:00,5,Good,0,18.14.2,True,0.12,positive
2026-08-13 16:26:00,5,very nice,0,18.14.2,True,0.08,positive
2026-08-13 16:23:00,5,good,1,18.15.0,True,0.05,positive
2026-08-13 16:02:00,5,nice,0,18.14.2,True,0.03,positive
2026-08-13 15:40:00,5,good,0,18.14.1,True,0.03,positive
2026-08-13 15:37:00,5,good 👍,0,18.14.2,True,0.08,positive
2026-08-13 15:28:00,5,exlent,0,18.14.2,True,0.05,positive
2026-08-13 15:26:00,5,good,0,18.14.2,True,0.08,positive
2026-08-13 15:14:00,5,Nice 👍 good,0,18.14.2,True,0.2,positive
2026-08-13 15:10:00,5,nice aaplication,0,18.13.2,True,0.08,positive
2026-08-13 15:00:00,5,nice,0,18.14.2,True,0.07,positive
2026-08-13 14:59:00,5,Great app for stocks investment!,0,18.13.2,True,0.08,positive
2026-08-13 14:50:00,4,good,0,18.12.1,True,0.05,positive
2026-08-13 14:49:00,1,bakvas app he koi customer care me se ans hi nai deta koi install mat karo bakvas he 🤮🤮🤮🤮🤮🤮🤮🤮,0,18.14.2,True,0.07,support
2026-08-13 14:49:00,5,awesome,0,18.14.2,True,0.07,positive
2026-08-13 14:44:00,1,unable to add money on groww,0,18.14.2,True,0.17,money
2026-08-13 14:43:00,5,better,0,18.14.2,True,0.18,positive
2026-08-13 14:39:00,5,good,0,18.14.2,True,0.05,positive
2026-08-13 14:39:00,5,good,0,18.14.2,True,0.05,positive
2026-08-13 14:36:00,5,very good,0,18.13.2,True,0.12,positive
2026-08-13 14:20:00,5,good,0,18.14.2,True,0.1,positive
2026-08-13 14:11:00,5,nice,0,18.14.2,True,0.07,positive
2026-08-13 14:02:00,5,good app,0,18.14.2,True,0.03,positive
2026-08-13 13:50:00,3,some people keep on calling and spam message to buy call or put option get more profit these are all happens when I invest on groww only how my number get to these scammers .,0,18.14.2,False,,support
2026-08-13 13:37:00,5,very good,0,18.14.2,True,0.07,positive
2026-08-13 13:31:00,5,super,0,18.6.1,True,0.17,positive
2026-08-13 13:28:00,4,good 👍😊,0,18.14.2,True,0.05,positive
2026-08-13 13:24:00,1,"Highly misleading fees. Groww's marketing implies ""zero brokerage,"" but that’s false for active traders. My recent statement had ₹4,466 in total charges—and a staggering ₹2,076 was pure ""Groww Brokerage,"" plus ₹693 in DP/MIS fees. More than half the fees went directly to Groww, not the government! Their ₹20/order fee eats your profits alive. I strongly advise against using this for intraday.",3,18.14.2,True,-147.68,charges
2026-08-13 13:24:00,5,good 👍🏻,0,18.13.2,True,0.03,positive
2026-08-13 13:21:00,5,good,0,18.14.2,True,0.08,positive
2026-08-13 13:19:00,5,the best app good and easy,0,18.13.2,True,0.12,positive
2026-08-13 13:14:00,5,good app,0,18.11.1,True,0.22,positive
2026-08-13 13:10:00,5,good app 💝,0,18.14.2,True,0.08,positive
2026-08-13 13:04:00,5,veri nice app good,0,18.14.2,True,0.18,positive
2026-08-13 13:03:00,5,very good app,0,18.14.2,True,0.2,positive
2026-08-13 12:58:00,5,nice,0,18.14.2,True,0.1,positive
2026-08-13 12:56:00,5,best trading app,0,14,True,0.13,positive
2026-08-13 12:55:00,5,good,0,18.13.2,True,0.15,positive
2026-08-13 12:53:00,5,good 0,0,18.14.2,True,0.2,positive
2026-08-13 12:47:00,5,good,0,,True,0.1,positive
2026-08-13 12:41:00,5,excellent,0,18.14.2,True,0.2,positive
2026-08-13 12:37:00,5,good but brokerage i think is very high,0,18.14.2,True,0.08,positive
2026-08-13 12:24:00,5,good,1,18.14.2,True,0.03,positive
2026-08-13 12:21:00,1,"worst trading app, in my experience",0,18.14.2,True,0.08,unthemed
2026-08-13 12:18:00,1,very bad experience and very high charges in every segment. never use this app for trading . I choose the dhan app. it's reliable and low cost for everything.,0,15.87,True,0.13,charges
2026-08-13 12:18:00,5,best,0,18.14.2,True,0.15,positive
2026-08-13 12:11:00,5,nice,0,18.14.2,True,0.07,positive
2026-08-13 11:53:00,5,very easy to invest and withdraw money,0,18.13.2,True,0.18,positive
2026-08-13 11:41:00,5,awesome 👍,0,18.9.0,True,0.2,positive
2026-08-13 11:35:00,5,ok,0,18.13.2,True,0.12,positive
2026-08-13 11:35:00,5,very good groww app earn money.,1,18.14.2,True,0.12,positive
2026-08-13 11:30:00,5,The best app for treding,0,18.14.2,True,0.2,positive
2026-08-13 11:27:00,5,Groww Excellent to use,0,18.14.2,True,0.07,positive
2026-08-13 11:20:00,1,I'm unable to pay/approve UPI mandate. worst experience,0,18.14.2,True,0.1,money
2026-08-13 11:20:00,5,In Gtt order SL and TG should be provided.,0,18.14.2,True,0.1,positive
2026-08-13 11:15:00,4,best quality app on share market,0,18.14.2,True,0.18,positive
2026-08-13 11:11:00,3,good,0,18.13.2,True,0.05,unthemed
2026-08-13 11:07:00,5,nice 🙂 app easy use and simple fast smooth,0,,True,0.12,positive
2026-08-13 11:03:00,5,aselend,0,18.14.1,True,0.18,positive
2026-08-13 11:01:00,5,very good,0,18.13.2,True,0.05,positive
2026-08-13 11:00:00,5,good,0,18.14.2,True,0.07,positive
2026-08-13 10:53:00,5,Still safe no scam with me,0,18.14.2,True,0.18,positive
2026-08-13 10:51:00,5,good,0,17.36,True,0.03,positive
2026-08-13 10:50:00,5,nice,0,18.14.2,True,0.05,positive
2026-08-13 10:50:00,5,super,0,18.12.1,True,0.05,positive
2026-08-13 10:49:00,5,nice,0,18.14.2,True,0.08,positive
2026-08-13 10:46:00,5,nice 👍👍👍👍,0,18.13.2,True,0.13,positive
2026-08-13 10:45:00,5,best,0,18.14.2,True,0.15,positive
2026-08-13 10:43:00,5,grow application bahut achcha Hi work kam karta hai aur aasan bhasha mein samajh liya jata hai,0,18.13.2,True,0.2,positive
2026-08-13 10:40:00,5,it's wonderful,0,18.13.2,True,0.03,positive
2026-08-13 10:40:00,1,👌,0,18.14.1,True,0.03,unthemed
2026-08-13 10:37:00,5,👍,0,18.14.1,True,0.08,positive
2026-08-13 10:33:00,1,there is no user friendly option to check IPO in the dashboard itself. why there should be an app where we have to manually SEARCH AS ipo instead we can check in any website know. Try to add an tab for IPO where all options available so that even a beginner or layman could use the app.,6,18.14.2,True,0.17,features
2026-08-13 10:31:00,5,ok,0,18.12.1,True,0.2,positive
2026-08-13 10:27:00,5,groww app best for trading and M F,0,18.14.1,True,0.07,positive
2026-08-13 10:26:00,5,👍😊,0,18.14.2,True,0.08,positive
2026-08-13 10:26:00,5,thank you,0,18.14.1,True,0.08,positive
2026-08-13 10:24:00,5,Good,0,18.14.2,True,0.03,positive
2026-08-13 10:21:00,5,"This app is probably the best app for trading, it is very beginner friendly and almost seems tailor made for analysis and news.",0,18.14.2,True,0.08,positive
2026-08-13 10:19:00,5,good,0,18.11.1,True,0.12,positive
2026-08-13 10:18:00,2,please add a limit price in basket mode also,0,18.14.2,True,0.15,features
2026-08-13 10:14:00,5,super 💯,0,18.14.2,True,0.22,positive
2026-08-13 10:12:00,5,very very good,0,18.14.2,True,0.05,positive
2026-08-13 10:12:00,5,super easy app to handle even for a novish,2,18.14.2,True,0.05,positive
2026-08-13 10:08:00,5,good,0,18.14.0,True,0.12,positive
2026-08-13 10:08:00,5,easiest in Operation and charges are almost nominal. This is the best Trading app.,1,18.14.2,True,0.13,positive
2026-08-13 10:01:00,3,WHY is the default buy price a percentage point above the market LTP,1,18.14.2,True,0.05,unthemed
2026-08-13 09:57:00,5,excellent app,0,18.14.2,True,0.12,positive
2026-08-13 09:53:00,5,Awesome 👍😎,0,18.14.2,True,0.18,positive
2026-08-13 09:48:00,5,good,0,18.14.1,True,0.08,positive
2026-08-13 09:48:00,5,good,0,18.13.2,True,0.08,positive
2026-08-13 09:46:00,4,very good👍,0,18.14.1,True,0.12,positive
2026-08-13 09:43:00,1,bekar app hai,0,18.14.1,True,0.18,unthemed
2026-08-13 09:40:00,1,very very very poor customer care service 15 minutes tak koi champion call par nahi aata hai bahut baar feed back diya hai but same to same jabki call par customer care se immediately baat honi chahiye because koi bhi call most urgent ho sakti hai,0,,True,0.03,support
2026-08-13 09:40:00,4,very nice 👍,0,18.13.2,True,0.03,positive
2026-08-13 09:26:00,4,good,1,18.14.2,True,0.08,positive
2026-08-13 09:20:00,5,Helping app,0,18.14.2,True,0.1,positive
2026-08-13 09:18:00,5,good 😊,0,18.14.2,True,0.13,positive
2026-08-13 09:11:00,5,nice app,0,18.14.1,True,0.07,positive
2026-08-13 09:02:00,5,very good app,1,18.15.0,True,0.03,positive
2026-08-13 09:02:00,5,it's good 😊,1,18.14.1,True,0.03,positive
2026-08-13 09:02:00,5,EXCELLENT SUPER SUPER SUPER 💯💯💯,0,18.14.2,True,0.03,positive
2026-08-13 08:57:00,5,good,0,18.14.2,True,0.13,positive
2026-08-13 08:30:00,4,Best broker for begainers really good very easy dashboard all simple .But I am rated 4 Star because Brokerage charge is very high,3,18.14.2,True,0.2,positive
2026-08-13 08:26:00,5,superb quality of app,0,18.14.2,True,0.08,positive
2026-08-13 08:20:00,5,very helpful,0,18.14.2,True,0.1,positive
2026-08-13 08:16:00,1,Groww Investor App Review I am disappointed with my experience with the Groww Investor app. Charges were deducted from my account without clear information or proper notification beforehand. Customers should be clearly informed about any charges before they are applied. Groww should make all charges transparent and provide proper notifications to customers. I request the company to review this issue and improve its communication about fees and charges.,2,18.14.2,True,0.17,charges
2026-08-13 08:12:00,5,one of best app to track mutual funds,0,18.14.2,True,0.05,positive
2026-08-13 08:07:00,3,good,0,18.14.2,True,0.13,unthemed
2026-08-13 08:05:00,5,nice 👍,0,18.14.1,True,0.18,positive
2026-08-13 08:03:00,5,very nice 👍,1,18.14.2,True,0.22,positive
2026-08-13 07:49:00,5,very good 👍🏻,0,18.14.2,True,0.07,positive
2026-08-13 07:48:00,5,good,0,18.14.0,True,0.08,positive
2026-08-13 07:40:00,5,Awesome App 💯,0,18.14.2,True,0.03,positive
2026-08-13 07:38:00,5,This very good platform for investment,1,18.14.2,True,0.07,positive
2026-08-13 07:25:00,5,Best se bhi best,0,18.13.2,True,0.1,positive
2026-08-13 07:23:00,5,good,0,18.14.2,True,0.05,positive
2026-08-13 07:23:00,5,amazing app,0,18.14.2,True,0.05,positive
2026-08-13 07:14:00,5,great aap,0,18.13.2,True,0.2,positive
2026-08-13 07:07:00,4,good,1,18.15.0,True,0.13,positive
2026-08-13 07:04:00,5,👍,0,18.13.2,True,0.18,positive
2026-08-13 07:00:00,5,ok,0,18.14.2,True,0.07,positive
2026-08-13 06:38:00,5,good,0,18.13.2,True,0.07,positive
2026-08-13 05:53:00,4,trust,1,18.14.2,True,0.18,positive
2026-08-13 02:39:00,5,Nice App,0,18.14.1,True,0.05,positive
2026-08-13 02:05:00,4,Good experience,0,18.14.2,True,0.17,positive
2026-08-13 01:42:00,5,super,1,18.14.2,True,0.18,positive
2026-08-13 01:41:00,5,best,0,18.14.2,True,0.2,positive
2026-08-13 00:57:00,5,good,0,18.15.0,True,0.12,positive
2026-08-13 00:17:00,5,"Why is there no ""app clone"" feature for this app? Other apps support the default app clone feature available in android.",1,18.14.2,True,0.15,positive
2026-08-13 00:10:00,5,ok,1,18.13.2,True,0.08,positive
2026-08-13 00:05:00,5,awesome 👍,0,18.14.2,True,0.17,positive
2026-08-12 23:58:00,5,good,0,18.13.2,True,0.1,positive
2026-08-12 23:55:00,5,nice,0,18.14.2,True,0.15,positive
2026-08-12 23:29:00,5,easy to use ✅,0,18.0.0,True,0.03,positive
2026-08-12 23:28:00,5,good,0,18.14.2,True,0.05,positive
2026-08-12 23:10:00,5,good,0,18.13.2,True,0.08,positive
2026-08-12 22:55:00,1,Results option removed in new update,0,,True,0.15,perf
2026-08-12 22:43:00,5,good 👍,0,18.14.2,True,0.17,positive
2026-08-12 22:37:00,5,super,0,18.14.2,True,0.08,positive
2026-08-12 22:31:00,5,nice 👍🙂,0,18.14.2,True,0.18,positive
2026-08-12 22:20:00,1,unable to login. after allowing permission it's taking ages but not moving to next page,1,18.14.2,True,0.1,money
2026-08-12 22:20:00,5,good stop marketing wish you on the best,0,18.12.1,True,0.1,positive
2026-08-12 22:15:00,5,excellent,0,18.14.2,True,0.18,positive
2026-08-12 22:15:00,5,grow aap best,0,18.14.1,True,0.2,positive
2026-08-12 21:57:00,5,good,0,18.13.2,True,0.12,positive
2026-08-12 21:55:00,3,portfolio gainers/losers and watchlist gainers/losers was good in previous version of app. don't know why removed,1,18.14.2,True,0.15,unthemed
2026-08-12 21:51:00,4,good,0,18.14.1,True,0.03,positive
2026-08-12 21:48:00,5,excellent,0,18.14.1,True,0.08,positive
2026-08-12 21:44:00,5,good and smooth,0,18.12.1,True,0.15,positive
2026-08-12 21:36:00,5,user friendly and good to use...,1,18.14.2,True,0.1,positive
2026-08-12 21:36:00,5,axa h guru jii,0,18.13.2,True,0.1,positive
2026-08-12 21:23:00,5,good,0,18.14.1,True,0.05,positive
2026-08-12 21:06:00,5,very good app,0,18.14.2,True,0.15,positive
2026-08-12 21:01:00,5,good,0,18.11.1,True,0.05,positive
2026-08-12 20:56:00,5,simply use nice 1,0,18.14.1,True,0.13,positive
2026-08-12 20:56:00,5,no 1 platform,0,18.14.2,True,0.13,positive
2026-08-12 20:47:00,5,helpful,0,,True,0.1,positive
2026-08-12 20:24:00,5,investment in grow app,0,18.14.1,True,0.03,positive
2026-08-12 20:21:00,5,nice app and very easy to use more comfortable and more sequre app,3,18.13.2,True,0.08,positive
2026-08-12 19:59:00,5,very good,0,18.14.2,True,0.08,positive
2026-08-12 19:59:00,5,💯🔥,0,18.13.2,True,0.08,positive
2026-08-12 19:47:00,5,ok,0,18.13.2,True,0.1,positive
2026-08-12 19:40:00,5,best,1,18.14.2,True,0.03,positive
2026-08-12 19:15:00,4,why you guys not showing percentage gain or loss in intraday position in list earlier it was great to see instantly about managing win loss ratio,3,18.14.2,True,0.18,positive
2026-08-12 19:10:00,5,good,0,18.14.2,True,0.08,positive
2026-08-12 18:57:00,4,Front size very smal. mack big size .. help .. Best .. But Can use हिंदी Language.,4,18.14.2,True,-10560.7,positive
2026-08-12 18:56:00,5,best 👍,0,18.14.2,True,0.13,positive
2026-08-12 18:52:00,5,very good application,0,18.13.2,True,0.2,positive
2026-08-12 18:37:00,5,excellence,0,18.14.2,True,0.08,positive
2026-08-12 18:25:00,5,अच्छा है एप्लीकेशन है,0,,True,0.1,positive
2026-08-12 18:19:00,5,good,0,18.14.2,True,0.12,positive
2026-08-12 18:16:00,4,User friendly to use,0,18.13.2,True,0.17,positive
2026-08-12 18:10:00,4,good,0,18.14.2,True,0.08,positive
2026-08-12 17:48:00,5,💜💜💜💜,0,18.14.2,True,0.08,positive
2026-08-12 17:43:00,5,👍 nice,0,18.14.2,True,0.17,positive
2026-08-12 17:36:00,5,user friendly,0,18.14.2,True,0.1,positive
2026-08-12 17:04:00,4,good app,0,18.14.2,True,0.18,positive
2026-08-12 16:48:00,5,good app,0,18.13.2,True,0.08,positive
2026-08-12 16:30:00,5,good,0,18.14.1,True,0.2,positive
2026-08-12 16:23:00,5,👌👌,0,18.14.2,True,0.05,positive
2026-08-12 16:13:00,5,nice 👍,0,18.14.2,True,0.03,positive
2026-08-12 16:07:00,5,Feature Request: Real Time live auction's Indicative Equilibrium Price of NIFTY50 during the post-market session. (zerodha already launched),0,18.14.2,True,0.13,positive
2026-08-12 15:53:00,5,very good,0,18.14.2,True,0.18,positive
2026-08-12 15:52:00,5,very good experience,0,18.14.2,True,0.2,positive
2026-08-12 15:46:00,5,excellent this app,0,,True,0.12,positive
2026-08-12 15:45:00,4,good one,1,18.14.2,True,0.13,positive
2026-08-12 15:31:00,5,wonderful,0,18.14.2,True,0.18,positive
2026-08-12 15:28:00,5,best,0,18.14.2,True,0.05,positive
2026-08-12 15:16:00,5,it's very good app to your future.. 👍,0,18.14.1,True,0.17,positive
2026-08-12 14:55:00,5,nice 👍,1,18.13.2,True,0.15,positive
2026-08-12 14:49:00,1,worst app I have ever seen in my life. too much brokerage. Guys avoid this app for trading and purchasing shares.😭,3,18.15.0,True,0.07,charges
2026-08-12 14:40:00,5,nice experience,0,18.14.1,True,0.03,positive
2026-08-12 14:38:00,1,worst customer service. Took more than 2.5 hrs for one response and for next response it took around 30 mins,1,18.14.2,True,0.07,unthemed
2026-08-12 14:34:00,5,niche app,0,18.13.2,True,0.13,positive
2026-08-12 14:33:00,5,Nice platform,0,18.13.2,True,0.17,positive
2026-08-12 14:18:00,5,super,0,18.13.2,True,0.13,positive
2026-08-12 14:16:00,5,good,0,18.13.2,True,0.17,positive
2026-08-12 14:15:00,3,i think there should be application number while applying IPO autopay request for confirmation about specific treding account specific ipo request... while other things are ok about this app..,1,18.14.2,True,0.18,features
2026-08-12 14:15:00,1,OnePlus mobile app not working,0,,True,0.2,unthemed
2026-08-12 14:13:00,5,verry good,0,18.14.2,True,0.03,positive
2026-08-12 14:05:00,5,ok,0,18.14.1,True,0.17,positive
2026-08-12 14:03:00,4,superb interfaces,0,18.14.2,True,0.2,positive
2026-08-12 13:59:00,4,very nice 👍🙂,0,17.98.0,True,0.08,positive
2026-08-12 13:42:00,5,very nice,0,18.12.1,True,0.18,positive
2026-08-12 13:39:00,5,good,0,18.14.2,True,0.05,positive
2026-08-12 13:39:00,5,👍,0,18.13.2,True,0.05,positive
2026-08-12 13:36:00,5,Good app to invest lumpsum amount or Sip amount,1,18.13.2,True,0.1,positive
2026-08-12 13:29:00,5,nice aap,1,18.13.2,True,0.03,positive
2026-08-12 13:13:00,5,nice,1,18.11.1,True,0.03,positive
2026-08-12 13:10:00,5,very good,0,18.14.2,True,0.08,positive
2026-08-12 13:06:00,5,good,1,18.14.2,True,0.17,positive
2026-08-12 13:04:00,1,"position and p&l sown before , and now it's not sown in bottom it's penic to save profit or loss old virsion is best rather then new",0,,True,0.2,unthemed
2026-08-12 13:02:00,5,good work,1,18.13.2,True,0.03,positive
2026-08-12 12:59:00,5,Easy one for Handling,2,18.14.2,True,0.08,positive
2026-08-12 12:53:00,5,good,0,18.14.1,True,0.18,positive
2026-08-12 12:40:00,5,Best,0,18.10.1,True,0.03,positive
2026-08-12 12:32:00,3,trust,0,18.13.2,True,0.17,unthemed
2026-08-12 12:28:00,5,very good working,0,18.14.2,True,0.05,positive
2026-08-12 12:28:00,5,best app for redeem code,0,,True,0.05,positive
2026-08-12 12:27:00,5,great experience,0,18.11.1,True,0.07,positive
2026-08-12 12:24:00,5,best alp,0,18.14.1,True,0.03,positive
2026-08-12 12:11:00,5,Good platform to invest in market,1,18.14.2,True,0.07,positive
2026-08-12 12:05:00,5,best,0,18.14.1,True,0.17,positive
2026-08-12 11:58:00,5,Best app,0,18.14.1,True,0.1,positive
2026-08-12 11:53:00,5,Quickly Accessible and Easy to use for trading.,3,18.14.1,True,0.18,positive
2026-08-12 11:50:00,5,good 👍🏻😊,0,18.14.1,True,0.05,positive
2026-08-12 11:45:00,1,not good,0,18.14.2,True,0.13,unthemed
2026-08-12 11:35:00,5,Very nice Application,0,18.10.1,True,0.12,positive
2026-08-12 11:31:00,5,good,0,18.7.0,True,0.18,positive
2026-08-12 11:24:00,5,"very good interface, and easy to understand for beginners, and it runs smoothly even on my 5yrs old snapdragon 695 processor. the best app for beginners who are just starting to learn share market and mutual funds",8,18.14.2,True,0.03,positive
2026-08-12 11:19:00,5,good,0,18.14.2,True,0.12,positive
2026-08-12 11:18:00,4,good👍,0,18.14.2,True,0.13,positive
2026-08-12 11:17:00,5,its good,0,18.14.2,True,0.17,positive
2026-08-12 11:15:00,5,good,0,18.14.2,True,0.2,positive
2026-08-12 11:09:00,5,👍😍,0,18.14.2,True,0.1,positive
2026-08-12 11:07:00,5,"Excellent performance in this application , Easy to use 👍",0,18.9.0,True,0.13,positive
2026-08-12 11:04:00,1,adverties bahut dete hai bhukhad,0,18.14.2,True,0.18,unthemed
2026-08-12 10:55:00,5,good 👍,0,18.14.1,True,0.15,positive
2026-08-12 10:52:00,5,good,0,18.14.2,True,0.2,positive
2026-08-12 10:51:00,4,groww is better app,0,18.1.1,True,0.03,positive
2026-08-12 10:49:00,5,good,0,18.14.2,True,0.07,positive
2026-08-12 10:44:00,5,Growws interface is smoothest and good. bring us and global stock investing facility,3,18.14.2,True,0.17,positive
2026-08-12 10:42:00,5,good,0,18.1.1,True,0.2,positive
2026-08-12 10:35:00,5,nice,0,18.14.1,True,0.12,positive
2026-08-12 10:35:00,5,nice platform,0,18.14.1,True,0.12,positive
2026-08-12 10:35:00,5,Nice,0,18.13.2,True,0.12,positive
2026-08-12 10:25:00,5,good,0,18.14.0,True,0.1,positive
2026-08-12 10:18:00,5,good 👍,0,18.13.2,True,0.13,positive
2026-08-12 10:17:00,5,awesome 👍,0,18.14.2,True,0.15,positive
2026-08-12 10:11:00,5,Best App,0,18.14.2,True,0.07,positive
2026-08-12 10:01:00,5,Good,0,18.14.1,True,0.05,positive
2026-08-12 09:58:00,5,👍,0,18.14.0,True,0.1,positive
2026-08-12 09:58:00,4,can you add Sort By category under dashboard of mutual fund bottom nav menu. it would help to undersand the investors how different funds of same category is currently performing.,1,18.14.2,True,0.1,positive
2026-08-12 09:57:00,1,If you want to loss your money and mind set download groww 4 years experience sharing free,6,18.13.2,True,-7674.52,unthemed
2026-08-12 09:56:00,5,good 👍,0,18.14.2,True,0.15,positive
2026-08-12 09:55:00,5,nice 👍👍👍,0,18.14.1,True,0.17,positive
2026-08-12 09:55:00,5,very good app,0,18.14.2,True,0.17,positive
2026-08-12 09:54:00,5,good app 👌,0,18.14.2,True,0.2,positive
2026-08-12 09:51:00,5,it's really useful and very easy to work,1,18.14.2,True,0.03,positive
2026-08-12 09:50:00,4,Good,0,18.14.2,True,0.05,positive
2026-08-12 09:48:00,5,grow love you,0,18.14.1,True,0.08,positive
2026-08-12 09:44:00,4,good,0,,True,0.17,positive
2026-08-12 09:42:00,1,Removed manual payment option from sip just because they promote auto payment options...,1,18.14.2,True,0.2,"features,money"
2026-08-12 09:36:00,5,good,0,18.14.1,True,0.1,positive
2026-08-12 09:36:00,1,good,0,17.17,True,0.1,unthemed
2026-08-12 09:33:00,5,good,0,18.14.2,True,0.15,positive
2026-08-12 09:29:00,5,Good,0,18.13.2,True,0.03,positive
2026-08-12 09:29:00,5,best app any app,0,18.14.2,True,0.03,positive
2026-08-12 09:28:00,5,"Can I know when we can expect the Grow integrated AI Like GR 1 like that, and what will be features, can you please provide clear response",1,18.14.2,True,-0.03,positive
2026-08-12 09:27:00,5,New ETF offering should be shown ....plz add new ETF offering,0,18.14.2,True,0.07,positive
2026-08-12 09:26:00,5,easy to handling,0,18.14.1,True,0.1,positive
2026-08-12 09:23:00,5,best,0,18.14.2,True,0.05,positive
2026-08-12 09:19:00,5,nice,0,18.14.1,True,0.12,positive
2026-08-12 09:15:00,4,Good,0,18.13.2,True,0.2,positive
2026-08-12 09:11:00,5,😊,0,18.14.2,True,0.07,positive
2026-08-12 09:09:00,5,excellent easy use,0,18.14.1,True,0.1,positive
2026-08-12 09:08:00,5,good,0,18.14.2,True,0.12,positive
2026-08-12 09:06:00,5,best app,0,18.14.2,True,0.17,positive
2026-08-12 09:03:00,5,nice,0,18.13.2,True,0.22,positive
2026-08-12 09:03:00,1,"You app suddenly freezing, not opening keyboard to ender pin... What kind of update you guys have released",1,18.14.2,True,0.22,perf
2026-08-12 09:00:00,5,good,0,18.14.2,True,0.07,positive
2026-08-12 08:55:00,5,good,0,18.14.2,True,0.15,positive
2026-08-12 08:49:00,5,excellent,0,18.13.2,True,0.07,positive
2026-08-12 08:39:00,4,using since 2 years...lekin safe exit me profit book karo to loss hi aa jata hai...kabhi kabhi gambling hi hota hai..aur [NAME] update me jo f&o lock aaya hai ... vo bahot hi badhiya hai kaash vo pahle se hota...to mere dher sare paise loss hone se bach jate..2 saal me maine to kuch nahi kamaya bas ye groww vale ko kama kama kar diya hai overtrading ki wajah se 😔,0,18.14.2,True,0.05,positive
2026-08-12 08:37:00,5,best platform,0,18.14.2,True,0.08,positive
2026-08-12 08:34:00,5,nice groww,0,18.14.1,True,0.13,positive
2026-08-12 08:32:00,5,All in 1 App,0,18.14.2,True,0.18,positive
2026-08-12 08:22:00,5,very good,0,18.13.2,True,0.07,positive
2026-08-12 08:14:00,5,good,0,18.14.2,True,0.2,positive
2026-08-12 08:09:00,4,good,0,18.8.1,True,0.1,positive
2026-08-12 08:09:00,5,very good,0,18.14.2,True,0.1,positive
2026-08-12 08:08:00,5,ok,0,18.13.2,True,0.12,positive
2026-08-12 08:07:00,5,very simple to use,1,18.14.1,True,0.15,positive
2026-08-12 08:06:00,5,powerful app 💪🏻,0,,True,0.17,positive
2026-08-12 08:00:00,5,nice,0,18.14.2,True,0.07,positive
2026-08-12 07:39:00,4,nice treding,0,18.14.2,True,0.05,positive
2026-08-12 07:34:00,1,MTF is a scam! They will keep changing the haircut charges on leveraged stocks and there is no clarity on the UI which stocks are deducting hair cut charges. makes it impossible to plan and their customer support has not been helpful. Customer support on chat has been giving me the same answer and then immediately disconnecting.,7,18.14.2,True,0.13,"support,charges"
2026-08-12 07:27:00,5,बहुत उत्तम एप है इसकी सबसे अच्छी बात के आप को कोई भी समस्या आ रही है तो आप इनसे काल से बात कर सकते है,0,18.13.2,True,0.07,positive
2026-08-12 07:24:00,5,👍,0,18.14.2,True,0.03,positive
2026-08-12 07:11:00,3,best,0,18.13.2,True,0.07,unthemed
2026-08-12 07:10:00,2,kindly optimize app for ipad .It's opening in half screen only... poor optimization from grow,1,18.14.2,True,-6729.47,unthemed
2026-08-12 07:08:00,5,good,0,18.12.1,True,0.12,positive
2026-08-12 06:16:00,1,"I invested Rs 40,000 in a Bank of India mutual fund yesterday. Today morning, I received a message from the AMC regarding allotment of units to me. The units became visible in my Kfinkart app from that time. Now its 6:30 pm in the evening and I am yet to locate my ₹40,000 investment despite updating external funds multiple times. My ticket number is 27244533 (got in response from Groww).",3,18.14.2,True,-11.57,"support,charges"
2026-08-12 06:13:00,5,Amazing,0,18.13.2,True,0.03,positive
2026-08-12 06:10:00,5,glorious,0,18.13.2,True,0.08,positive
2026-08-12 06:10:00,5,good,0,18.14.1,True,0.08,positive
2026-08-12 06:06:00,5,Good Shoot,0,18.14.2,True,0.17,positive
2026-08-12 06:05:00,5,nice 👍,0,18.14.2,True,0.18,positive
2026-08-12 05:44:00,5,great app.,0,18.14.2,True,0.15,positive
2026-08-12 05:12:00,5,Nice Good wonderful,0,18.14.1,True,0.05,positive
2026-08-12 03:45:00,5,ok bhai hai 🤫,0,18.13.1,True,-249.88,positive
2026-08-12 03:01:00,5,this app very good 💯,1,18.14.2,True,0.05,positive
2026-08-12 02:33:00,5,very nice,0,18.14.2,True,0.15,positive
2026-08-12 02:23:00,5,good,0,18.14.2,True,0.05,positive
2026-08-12 01:41:00,5,good👍,0,18.14.1,True,0.2,positive
2026-08-12 01:34:00,1,not good,0,,True,0.13,unthemed
2026-08-12 00:56:00,4,very addicting and losing control.,0,,True,0.13,positive
2026-08-12 00:49:00,5,the best aap for treding,0,18.13.2,True,0.07,positive
2026-08-12 00:34:00,5,Nice service,0,18.14.2,True,0.13,positive
2026-08-12 00:31:00,5,Best Stock App,0,,True,0.18,positive
2026-08-12 00:23:00,5,good app but only withdrawal problem,0,,True,0.05,positive
2026-08-12 00:03:00,5,good,0,18.14.2,True,0.2,positive
2026-08-11 23:51:00,4,mtf intrest rate 15% is high it should be 10%,1,18.14.2,True,0.03,positive
2026-08-11 23:31:00,5,mond blowing really gyddssss,0,18.13.2,True,0.18,positive
2026-08-11 23:13:00,5,very good,0,18.14.2,True,0.03,positive
2026-08-11 23:13:00,4,super,0,18.14.2,True,0.03,positive
2026-08-11 22:30:00,5,Very good platform for shares trading,3,18.14.1,True,0.2,positive
2026-08-11 22:17:00,5,EXCELLENT,0,18.14.2,True,0.15,positive
2026-08-11 22:15:00,5,fgood,0,17.34,True,0.18,positive
2026-08-11 21:50:00,1,THERE IS no AI FOR MY DEVICE.,0,18.14.2,True,0.05,unthemed
2026-08-11 21:43:00,4,please add on Cost per Lot in Option Chain.,2,18.14.2,True,0.17,positive
2026-08-11 21:37:00,5,super,0,18.14.1,True,0.08,positive
2026-08-11 21:34:00,5,V good 💯,0,18.13.2,True,0.13,positive
2026-08-11 21:24:00,5,very friendly app,0,18.13.2,True,0.03,positive
2026-08-11 21:18:00,3,"“Good app, easy to use, but some improvements are needed.",3,18.14.2,True,0.13,unthemed
2026-08-11 21:12:00,5,ok,0,18.14.2,True,0.05,positive
2026-08-11 21:07:00,5,very good,0,18.14.2,True,0.13,positive
2026-08-11 21:06:00,5,Very comfortable easiest,0,,True,0.15,positive
2026-08-11 21:03:00,5,"Best app ever, and then you introduced select portfolio option it's much needed function for me, Thank You ☺️, one request please introduce same Function also for mutual fund portfolio.",9,18.14.2,True,-287.62,positive
2026-08-11 21:01:00,5,excellent,0,18.13.2,True,0.05,positive
2026-08-11 20:58:00,5,excellent app,0,18.14.1,True,0.1,positive
2026-08-11 20:54:00,4,"Very Good app. most features we need is all inbuilt. Only thing I found is little lag. most notifications are delayed. From opening bell to my watchlist stocks performance notifications. Whenever it touches all time high or low notifications are coming only after 15 minutes. The new update with technical section is too good. new feature ""your top movers"" is too good",952,18.14.2,True,0.17,positive
2026-08-11 20:52:00,5,shander very nice grow investment,0,18.14.2,True,0.22,positive
2026-08-11 20:38:00,5,good transition,0,18.13.2,True,0.07,positive
2026-08-11 20:37:00,5,nice,0,18.13.2,True,0.08,positive
2026-08-11 20:32:00,5,best app,0,18.13.2,True,0.17,positive
2026-08-11 20:04:00,5,nice app,0,,True,0.18,positive
2026-08-11 19:57:00,5,good company,0,18.14.1,True,0.12,positive
2026-08-11 19:50:00,5,easy and trustable app,0,18.13.2,True,0.05,positive
2026-08-11 19:40:00,5,I think so great,0,18.14.1,True,0.03,positive
2026-08-11 19:36:00,5,very good,1,18.14.2,True,0.1,positive
2026-08-11 19:31:00,5,good 👍,0,18.14.1,True,0.2,positive
2026-08-11 19:23:00,5,nice,0,18.13.2,True,0.03,positive
2026-08-11 19:18:00,5,Best performance 💯,1,18.13.2,True,0.12,positive
2026-08-11 19:08:00,5,alll good. but. yy there. is. no. customer care. if. we. have. any. doubt. then. what. we. do.,1,18.14.2,True,0.12,positive
2026-08-11 19:04:00,2,investment flowchart not updated after even 4 days of increasing investment,0,17.91.1,True,0.18,unthemed
2026-08-11 18:48:00,5,osam,0,18.13.2,True,0.08,positive
2026-08-11 18:45:00,5,"“Groww app பயன்படுத்த மிகவும் எளிதாகவும், தெளிவாகவும் இருக்கிறது. முதலீடு செய்வது, units allotment, returns மற்றும் portfolio details எல்லாமே புரியும்படி காட்டுகிறது. புதிதாக முதலீடு செய்ய ஆரம்பிப்பவர்களுக்கும் மிகவும் பயனுள்ளதாக இருக்கிறது. Overall experience மிகவும் நல்லா இருக்கு. 👍⭐⭐⭐⭐⭐”",0,18.14.1,True,0.13,positive
2026-08-11 18:32:00,5,good work,0,,True,0.17,positive
2026-08-11 18:06:00,5,EXCELLENT TRADING APPS & VERY GOOD & SO FASTER,0,18.14.2,True,-0.03,positive
2026-08-11 18:00:00,5,nice 👍,1,18.14.2,True,0.07,positive
2026-08-11 17:54:00,5,good,0,18.14.1,True,0.17,positive
2026-08-11 17:54:00,5,best platform,0,18.14.2,True,0.18,positive
2026-08-11 17:53:00,5,ok,0,18.14.2,True,0.2,positive
2026-08-11 17:41:00,5,good 👍,0,18.14.2,True,0.2,positive
2026-08-11 16:49:00,5,👍,0,18.14.2,True,0.07,positive
2026-08-11 16:49:00,5,good sarvice,0,18.14.1,True,0.07,positive
2026-08-11 16:28:00,5,good 👍,1,18.14.2,True,0.05,positive
2026-08-11 16:22:00,1,very poor call support,1,18.14.2,True,0.07,support
2026-08-11 16:22:00,5,nice aap is simple and easy,0,18.14.1,True,0.07,positive
2026-08-11 16:06:00,5,Very good application 👍🏻,1,18.14.2,True,0.15,positive
2026-08-11 16:03:00,5,good,0,18.14.2,True,0.2,positive
2026-08-11 15:34:00,5,good app,0,18.14.1,True,0.13,positive
2026-08-11 15:26:00,1,don't waste money 🤑 this application,0,16.95,True,0.08,unthemed
2026-08-11 15:25:00,5,satisfaction,1,18.14.2,True,0.1,positive
2026-08-11 15:11:00,5,good 👍👍👍,0,18.14.2,True,0.07,positive
2026-08-11 15:05:00,5,good,0,18.14.2,True,0.17,positive
2026-08-11 14:53:00,5,best app,0,18.14.2,True,0.18,positive
2026-08-11 14:35:00,5,good,0,18.14.1,True,0.12,positive
2026-08-11 14:19:00,1,very poor customer support. very poor app so irritating,2,18.14.2,True,0.12,support
2026-08-11 14:17:00,5,Best platform 👍🏻,0,18.14.2,True,0.15,positive
2026-08-11 14:09:00,4,Outstanding 😍,0,18.14.1,True,0.1,positive
2026-08-11 13:59:00,5,excellent!!!!!,0,18.14.2,True,0.08,positive
2026-08-11 13:52:00,4,Groww is good platform for share & personal loan,3,18.14.2,True,0.2,positive
2026-08-11 13:44:00,2,"App is fast, but difficult to understand. Watch list is for quick view but getting is difficult, 3 taps. Default tab option is not present",5,18.14.2,True,0.15,unthemed
2026-08-11 13:43:00,5,thanks groww,0,18.13.2,True,0.17,positive
2026-08-11 13:36:00,5,nice,0,18.13.2,True,0.1,positive
2026-08-11 13:35:00,5,"in this app, I feel a problem because there is no automatic system for them colour change, day time and night time when other apps like angel, upstox etc. has automatic system for them colour change, so please consider it.",8,18.14.2,True,0.12,positive
2026-08-11 13:28:00,1,share pare trading ye sb Scam h inse bacho .......,0,18.13.2,True,0.05,unthemed
2026-08-11 13:24:00,5,Very good 👍👍👍👍,0,18.14.2,True,0.03,positive
2026-08-11 13:19:00,1,bahan ka land bada ghatiya ffi Koi bhi mat download karna Garib Banda Paisa kamane Aaye per yah 600 service charge lekar uske paise udate Hain mat Karna bhai download,0,,True,0.12,charges
2026-08-11 13:15:00,5,nice 👍,0,18.13.2,True,0.18,positive
2026-08-11 13:14:00,4,Good,0,18.14.1,True,0.22,positive
2026-08-11 13:06:00,5,good,1,18.14.2,True,0.15,positive
2026-08-11 12:59:00,4,I am Happy.,0,18.14.1,True,0.08,positive
2026-08-11 12:57:00,5,great app,0,18.13.2,True,0.12,positive
2026-08-11 12:57:00,5,Good,0,18.14.1,True,0.12,positive
2026-08-11 12:57:00,4,nice,1,18.14.2,True,0.13,positive
2026-08-11 12:50:00,1,disgusting experience of using this application too slow to process the things,1,18.14.2,True,0.05,perf
2026-08-11 12:47:00,5,very good,0,18.14.2,True,0.1,positive
2026-08-11 12:47:00,5,very good plate form,0,18.14.2,True,0.12,positive
2026-08-11 12:45:00,5,nice experience,0,18.14.1,True,0.15,positive
2026-08-11 12:44:00,1,Poor Service By Groww Agent Riya Poor Customer Service,0,18.14.2,True,0.17,unthemed
2026-08-11 12:42:00,5,"The UI offers an excellent balance of ease of use and robust security. Customer support is highly responsive, and the detailed company analysis is extremely helpful in making informed investment decisions and choosing the right level of risk.",3,18.14.1,True,0.22,positive
2026-08-11 12:39:00,3,trust issue and expenses are too high,0,18.14.2,True,0.05,unthemed
2026-08-11 12:37:00,5,very good,0,18.14.2,True,0.08,positive
2026-08-11 12:36:00,5,good,0,18.14.2,True,0.1,positive
2026-08-11 12:35:00,4,good,0,18.13.2,True,0.13,positive
2026-08-11 12:34:00,5,completely satisfied interface as a newbie in investment,1,18.14.1,True,0.15,positive
2026-08-11 12:34:00,5,Good,0,18.14.1,True,0.15,positive
2026-08-11 12:25:00,4,Good,0,18.14.2,True,0.1,positive
2026-08-11 12:21:00,2,ez,0,,True,0.08,unthemed
2026-08-11 12:19:00,5,good,0,18.14.2,True,0.12,positive
2026-08-11 12:08:00,5,Best experience for beginners,0,18.14.2,True,0.12,positive
2026-08-11 12:04:00,5,👍,0,18.13.2,True,0.18,positive
2026-08-11 12:03:00,5,good,0,18.14.1,True,0.2,positive
2026-08-11 12:02:00,5,good👍,0,18.13.2,True,0.03,positive
2026-08-11 11:58:00,5,good,0,,True,0.1,positive
2026-08-11 11:52:00,5,Good,0,18.13.2,True,0.2,positive
2026-08-11 11:48:00,5,easy work,0,18.14.2,True,0.08,positive
2026-08-11 11:47:00,5,good,0,18.13.2,True,0.1,positive
2026-08-11 11:45:00,5,if suggestions of purchase and sell it would be great,1,18.14.1,True,0.13,positive
2026-08-11 11:44:00,5,good to use and easy to understand,1,18.14.2,True,0.17,positive
2026-08-11 11:37:00,1,one of the wrost broker. there Support team and interfaces is not good for trading.,0,16.68,True,0.08,support
2026-08-11 11:31:00,4,good 👍,1,18.14.2,True,0.18,positive
2026-08-11 11:31:00,5,excellent app,0,18.13.2,True,0.18,positive
2026-08-11 11:17:00,5,life changing platfrom,0,17.16,True,0.15,positive
2026-08-11 11:06:00,5,good,1,18.13.2,True,0.13,positive
2026-08-11 10:59:00,5,good,0,18.14.1,True,0.08,positive
2026-08-11 10:52:00,5,Superb,0,18.14.1,True,0.2,positive
2026-08-11 10:48:00,1,It doesn't allow trigger order without enabling ddpi which should be an option and should not be mandatory,2,18.14.2,True,0.08,unthemed
2026-08-11 10:45:00,5,nice 👍🙂,0,18.14.1,True,0.13,positive
2026-08-11 10:39:00,1,worst assistance my problem not at all resolved my account details are not showing raised query but still prolonging to day after day,2,18.14.2,True,0.05,unthemed
2026-08-11 10:39:00,5,ok,0,18.14.2,True,0.05,positive
2026-08-11 10:36:00,1,don't irritate by ur ad,0,,True,0.1,unthemed
2026-08-11 10:24:00,5,very good 😊,0,16.82,True,0.03,positive
2026-08-11 10:23:00,1,"very third class app , not easy interface INDMONEY is best app",3,18.14.2,True,0.05,unthemed
2026-08-11 10:21:00,5,"Frequently hang during pick market hours, live chart not updating on time with all the indicators.",2,18.14.1,True,0.08,positive
2026-08-11 10:17:00,5,good,1,18.14.2,True,0.17,positive
2026-08-11 10:09:00,5,ok,0,18.14.2,True,0.1,positive
2026-08-11 10:04:00,5,groww amazing app,0,18.13.2,True,0.18,positive
2026-08-11 09:55:00,3,"please introduce a note-like feature, so it will be easier to track a stock.",0,,True,0.15,unthemed
2026-08-11 09:45:00,5,Better,0,18.13.2,True,0.13,positive
2026-08-11 09:42:00,5,best app for trading,0,18.14.1,True,0.18,positive
2026-08-11 09:42:00,5,good👍,1,18.14.2,True,0.18,positive
2026-08-11 09:41:00,5,good job,0,18.14.1,True,0.22,positive
2026-08-11 09:40:00,1,i don't want to give a single Star this is dump app for trading never use because so many problems server jam late action and legging,2,18.14.2,True,-0.23,unthemed
2026-08-11 09:35:00,5,Super App,0,18.14.1,True,0.12,positive
2026-08-11 09:29:00,4,nice groww,0,18.4.0,False,,positive
2026-08-11 09:28:00,5,groww application is nice,0,18.14.0,False,,positive
2026-08-11 09:28:00,5,how to close sip,0,18.14.1,False,,positive
2026-08-11 09:27:00,5,very good,0,18.13.2,False,,positive
2026-08-11 09:24:00,5,good,0,18.14.2,True,0.03,positive
2026-08-11 09:23:00,5,outstanding,0,18.11.1,True,0.05,positive
2026-08-11 09:23:00,1,today 11 aug 2026 9.05 am se 9.21 am tk app open hi nhi hui ....bad app,0,18.14.1,True,0.07,unthemed
2026-08-11 09:23:00,5,bahut badhiya hai,0,18.14.1,True,0.07,positive
2026-08-11 09:22:00,5,best,0,,True,0.08,positive
2026-08-11 09:21:00,5,very good,0,18.14.1,True,0.12,positive
2026-08-11 09:20:00,5,Very good and trusted app,0,18.13.2,True,0.13,positive
2026-08-11 09:20:00,1,This time grow app not working very slow network,2,18.14.2,True,-9216.05,perf
2026-08-11 09:19:00,1,worst experience not working properly and many times leg the application,0,,True,0.15,unthemed
2026-08-11 09:19:00,1,I have perfect network but still not loading,2,18.14.2,True,0.17,perf
2026-08-11 09:19:00,1,your app is getting slow day by day.,0,18.14.2,True,0.17,perf
2026-08-11 09:19:00,1,"nothing is showing inside the app. after opening it all blank, not showing any data",20,18.14.2,True,0.18,unthemed
2026-08-11 09:19:00,2,groww app in market open time 9.15 am why ? I have a running position how can I exit,0,18.14.1,True,0.18,unthemed
2026-08-11 09:18:00,5,good,0,,True,0.2,positive
2026-08-11 09:18:00,1,Abe glitch sahi kro,0,18.14.2,True,0.22,perf
2026-08-11 09:18:00,1,slow working,0,18.14.1,True,0.22,perf
2026-08-11 09:17:00,2,kavi kavi time pe kaam nhi karta technical glitches bhut aate hai,1,18.14.2,True,0.23,unthemed
2026-08-11 09:17:00,5,very nice,0,18.14.1,True,0.25,positive
2026-08-11 09:17:00,2,most 3rd class app nowadays,0,18.13.2,True,0.25,unthemed
2026-08-11 09:17:00,1,Very Slow And Stucks sometimes.,1,18.14.2,True,0.25,perf
2026-08-11 09:17:00,2,"my grow appis not working,why",0,18.14.2,True,0.27,unthemed
2026-08-11 09:17:00,1,app not working please support,1,18.14.2,True,0.27,support
2026-08-11 09:16:00,1,very poor upgrade,0,18.14.2,True,0.28,unthemed
2026-08-11 09:16:00,1,poor speed,0,,True,0.3,unthemed
2026-08-11 09:16:00,3,😞,0,18.13.2,True,0.3,unthemed
2026-08-11 09:15:00,1,app not working properly at the time of market opening..,1,18.14.2,True,0.32,unthemed
2026-08-11 09:15:00,1,This app was so wonderful but after the update it has become very sluggish.,2,18.14.2,True,0.33,perf
2026-08-11 09:14:00,1,"The Groww app service is not working properly. Data is not loading in the app, and nothing is displayed on the screen, even though my internet is working perfectly with full speed. Please resolve this issue as soon as possible.",1,,True,0.35,perf
2026-08-11 09:13:00,1,worst application just buffering how to take trade 😡,0,18.14.2,True,0.03,unthemed
2026-08-11 09:13:00,3,app is lagging whenever there is expiry loading becomes difficult,0,,True,0.03,perf
2026-08-11 09:13:00,1,"so slow in morning and at last time of market , pls correct it",0,,True,0.03,perf
2026-08-11 09:12:00,5,I used groww since 2021 it's very good application,0,18.14.2,True,0.07,positive
2026-08-11 09:09:00,1,"one of the frustrating apps to trade on, it's soo slow and buggy",1,18.13.2,True,0.12,perf
2026-08-11 09:08:00,2,bahot lack krta h jab use kro to baar baar update kro fr bhi,0,,True,0.13,perf
2026-08-11 09:08:00,5,I gated option trading,0,18.14.2,True,0.15,positive
2026-08-11 09:05:00,5,super,0,18.13.2,True,0.2,positive
2026-08-11 08:59:00,5,good 👍,0,18.13.2,True,0.08,positive
2026-08-11 08:57:00,4,best app,0,18.14.1,True,0.12,positive
2026-08-11 08:43:00,5,Good,0,18.13.2,True,0.17,positive
2026-08-11 08:42:00,5,Nice and easy.,0,18.13.2,True,0.18,positive
2026-08-11 08:33:00,5,Super APP,0,18.14.2,True,0.15,positive
2026-08-11 08:23:00,5,"Very useful aap I am very happy, realy wonderful experience this site,👌",0,18.14.1,True,0.05,positive
2026-08-11 08:09:00,5,best app,0,18.13.2,True,0.1,positive
2026-08-11 08:07:00,5,excellent 👍🏻,0,18.14.2,True,0.13,positive
2026-08-11 07:58:00,5,best platform,0,18.14.2,True,0.1,positive
2026-08-11 07:50:00,5,very good,0,18.14.2,True,0.05,positive
2026-08-11 07:47:00,5,this aap good,0,18.13.2,True,0.1,positive
2026-08-11 07:41:00,5,मुझे तो बहुत ही बढ़िया लगता है दूसरे प्लेटफॉर्म के बदले ग्रो इस बेस्ट,0,18.14.1,True,0.2,positive
2026-08-11 07:21:00,5,"Great app with clean interface, very beginner friendly.",3,18.13.2,True,0.08,positive
2026-08-11 07:17:00,5,user friendly,1,18.14.1,True,0.15,positive
2026-08-11 07:11:00,4,nice aap,0,18.10.1,True,0.07,positive
2026-08-11 06:57:00,5,Good,0,18.14.2,True,0.12,positive
2026-08-11 06:17:00,5,very good nice,0,18.14.0,True,0.15,positive
2026-08-11 05:59:00,5,best service,0,18.14.1,True,0.08,positive
2026-08-11 03:20:00,1,not good,0,,True,0.1,unthemed
2026-08-11 00:51:00,5,easy operating app and excellent withdraw prosess,3,18.14.1,True,0.03,positive
2026-08-11 00:33:00,5,very good 😊,1,18.14.2,True,0.15,positive
2026-08-11 00:28:00,4,good,0,18.13.2,True,0.05,positive
2026-08-11 00:13:00,5,The best Platform to invest your hard earned money 🙌 cent percent recommended 💯,0,18.14.2,True,0.03,positive
2026-08-10 23:44:00,5,super service,0,18.14.2,True,0.15,positive
2026-08-10 23:44:00,5,super guide,0,18.13.2,True,0.15,positive
2026-08-10 23:40:00,5,good 👍 hai,1,18.14.2,True,0.03,positive
2026-08-10 23:27:00,5,Good application,0,18.14.1,True,0.07,positive
2026-08-10 23:19:00,2,Why switch option not available for other AMC in Mutual fund,3,18.14.1,True,0.12,charges
2026-08-10 23:09:00,5,good,0,18.14.1,True,0.1,positive
2026-08-10 22:56:00,5,Guroww is th best app trending all time thanks you groww,0,18.14.1,True,-477.42,positive
2026-08-10 22:42:00,5,good,1,18.14.1,True,0.18,positive
2026-08-10 22:40:00,1,my pan card number as been taken in one account to open old account give option to open with pan card number to open old account,0,18.13.2,True,0.03,unthemed
2026-08-10 22:39:00,5,Great 👍,0,18.13.2,True,0.05,positive
2026-08-10 22:33:00,5,good,0,18.14.2,True,0.15,positive
2026-08-10 22:28:00,5,good,0,18.13.2,True,0.05,positive
2026-08-10 22:22:00,5,nice,0,,True,0.07,positive
2026-08-10 22:16:00,3,why too much update's came like week after week..why?,0,18.14.1,True,0.17,perf
2026-08-10 22:00:00,5,great experience,1,18.13.2,True,0.07,positive
2026-08-10 21:59:00,5,super,1,18.13.2,True,0.08,positive
2026-08-10 21:49:00,5,nice,0,18.14.1,True,0.07,positive
2026-08-10 21:47:00,5,Nice,0,18.14.1,True,0.1,positive
2026-08-10 21:47:00,5,ok,0,18.14.2,True,0.1,positive
2026-08-10 21:10:00,5,Nice ❤️,0,18.14.1,True,0.08,positive
2026-08-10 20:54:00,1,no customer care sport..!!!,0,18.14.1,True,0.17,support
2026-08-10 20:53:00,5,good app and easy for handling compare to upstox and other apps,4,18.14.1,True,0.18,positive
2026-08-10 20:49:00,1,"This is a terrible app with equally terrible customer support. I've attempted to contact them through both messages and calls, but all interactions are automated with no genuine human connection or assistance. I'm going to uninstall this app immediately.",7,18.14.1,True,0.07,support
2026-08-10 20:48:00,5,good,1,18.14.2,True,0.08,positive
2026-08-10 20:46:00,5,good,1,18.14.2,True,0.12,positive
2026-08-10 20:40:00,5,usefull,1,18.14.2,True,0.03,positive
2026-08-10 20:31:00,5,"The overall experience was very good. One request from my side: kindly add features for Investment Tracker, such as Realised P&L and Portfolio Trend, Comparison of the portfolio performance with the broader market trend for mutual funds.",0,,True,0.18,positive
2026-08-10 20:31:00,5,nice,0,18.14.1,True,0.18,positive
2026-08-10 20:31:00,1,"In F&O trading, exiting just because we feel like it or waiting to exit only at a specific amount is not a good strategy",2,18.14.1,True,-11746.23,"support,features"
2026-08-10 20:30:00,5,Nice,0,18.14.2,True,0.22,positive
2026-08-10 20:28:00,5,excellent dashboard,0,18.14.1,True,0.05,positive
2026-08-10 20:20:00,1,Brokrege fee bohut zyda he,0,18.14.2,True,0.1,charges
2026-08-10 20:19:00,5,interface is smooth as butter. Love the clean interface,1,18.14.1,True,0.12,positive
2026-08-10 20:17:00,5,good,0,18.14.1,True,0.15,positive
2026-08-10 19:46:00,5,super,1,18.14.2,True,0.12,positive
2026-08-10 19:46:00,1,jai hind,0,18.12.1,True,0.12,unthemed
2026-08-10 19:28:00,5,very good,0,18.13.2,True,0.05,positive
2026-08-10 19:26:00,5,this is the best app I used for stock market in india ❣️I have the best experience on this app every feature is easy to use . i have used many apps but this one is the best .👍,4,18.14.2,True,0.08,positive
2026-08-10 19:22:00,5,excellent,0,18.13.2,True,0.07,positive
2026-08-10 19:16:00,5,good,1,18.14.2,True,0.17,positive
2026-08-10 19:12:00,5,Very friendly app,0,18.14.1,True,0.05,positive
2026-08-10 18:54:00,5,good,0,18.14.1,True,0.17,positive
2026-08-10 18:34:00,5,Groww is Best platform.,1,18.14.1,True,0.13,positive
2026-08-10 18:30:00,5,very good 👍,1,18.13.2,True,0.2,positive
2026-08-10 18:26:00,5,good investment app,0,18.13.2,True,0.08,positive
2026-08-10 18:22:00,5,good,1,18.14.2,True,0.07,positive
2026-08-10 18:21:00,5,user interface is fantastic ✨,0,18.14.1,True,0.08,positive
2026-08-10 18:19:00,1,"Be careful!! This app shows a lower Avg buying price from the price you actually bought at, under your Holdings section, in Delivery orders. It thereby encourages you to sell at a lower price or less margin. This way u loose net money in the sale, since sell when price is lower too , but Groww makes money on brokerages. Effectively u are losing money. Since most Groww users are not exactly regular traders, we dont keep track of the exact price we bought, and Groww cheats its customers this way!!",7,18.14.1,True,0.12,unthemed
2026-08-10 18:16:00,5,I having Groww Application it was great options with services.,5,18.14.2,True,0.18,positive
2026-08-10 18:08:00,5,best for trading.,0,18.14.2,True,0.12,positive
2026-08-10 18:00:00,5,Very good,0,18.14.1,True,0.07,positive
2026-08-10 17:59:00,5,"Simple, Easy & User friendly App. 10/10",1,18.14.1,True,0.08,positive
2026-08-10 17:58:00,5,good and flexible..,0,18.13.2,True,0.1,positive
2026-08-10 17:41:00,5,such a wonderful and easy app for every one,1,18.14.1,True,0.2,positive
2026-08-10 17:39:00,5,very good app,1,18.14.2,True,0.05,positive
2026-08-10 17:34:00,1,"In the financial industry, especially in stockbroking, clear and reliable communication between a broker and its customers is essential. Unfortunately, Groww’s customer support has been extremely poor in my experience. When an investor asks a simple and important question about their money, the support team should provide a clear and direct answer—not vague or repetitive responses. This lack of proper communication seriously damages customer trust.",2,18.14.2,True,0.13,support
2026-08-10 17:34:00,5,good,0,18.14.1,True,0.15,positive
2026-08-10 17:26:00,4,this was a very beautiful app,0,18.11.1,True,0.08,positive
2026-08-10 17:24:00,5,very good,1,18.14.1,True,0.03,positive
2026-08-10 17:12:00,5,very easy I impressed,0,18.13.2,True,0.05,positive
2026-08-10 17:10:00,5,ok,0,18.13.2,True,0.08,positive
2026-08-10 17:06:00,5,good,0,18.14.1,True,0.15,positive
2026-08-10 17:00:00,5,Nice 🙂,0,18.14.1,True,0.07,positive
2026-08-10 16:43:00,5,good,0,18.12.1,True,0.17,positive
2026-08-10 16:39:00,5,ok,0,18.13.2,True,0.05,positive
2026-08-10 16:33:00,5,ok,0,18.11.1,True,0.15,positive
2026-08-10 16:21:00,4,good,0,18.14.1,True,0.08,positive
2026-08-10 16:13:00,5,very nice 🙂👍🏻,0,,True,0.03,positive
2026-08-10 16:05:00,5,excellent,1,18.13.2,True,0.17,positive
2026-08-10 16:03:00,1,customer care service very poor really I disappointed,0,18.14.1,True,0.2,support
2026-08-10 15:51:00,5,Good,0,18.14.1,True,0.03,positive
2026-08-10 15:48:00,5,good,0,18.14.1,True,0.08,positive
2026-08-10 15:47:00,5,Easy and simple,0,18.14.1,True,0.1,positive
2026-08-10 15:45:00,4,good👍,0,18.14.1,True,0.15,positive
2026-08-10 15:44:00,5,Good,0,18.14.1,True,0.17,positive
2026-08-10 15:42:00,1,Application lagging badly,0,18.14.1,True,0.2,unthemed
2026-08-10 15:23:00,5,good 👍,0,18.14.1,True,0.05,positive
2026-08-10 15:19:00,5,very good apps,0,18.14.1,True,0.12,positive
2026-08-10 15:15:00,5,good 👍,0,18.14.1,True,0.18,positive
2026-08-10 15:08:00,1,customer service is so poor,0,18.14.1,True,0.12,unthemed
2026-08-10 15:07:00,5,bahut achcha,0,18.13.2,True,0.13,positive
2026-08-10 15:04:00,5,😊,0,18.13.2,True,0.18,positive
2026-08-10 14:50:00,5,great,0,18.14.1,True,0.05,positive
2026-08-10 14:40:00,4,good 👍,0,18.14.1,True,0.03,positive
2026-08-10 14:38:00,1,customer care service is so so pathetic only this app makes us fool,0,,True,0.07,support
2026-08-10 14:31:00,5,good,0,18.14.1,True,0.2,positive
2026-08-10 14:30:00,5,good,0,18.14.1,True,0.22,positive
2026-08-10 14:23:00,5,Jay Guru,0,18.14.1,True,0.05,positive
2026-08-10 14:19:00,5,super,1,18.14.2,True,0.12,positive
2026-08-10 14:15:00,5,good,0,18.14.1,True,0.18,positive
2026-08-10 14:04:00,1,grow na kabhi sath nahi Diya Mera jab bhi trad lo mines Kara deta ha kuch system m hi inke Jo retail ka sath aise krte ha,1,18.13.2,True,-169.18,unthemed
2026-08-10 13:51:00,2,love this aap,0,18.14.1,True,0.03,unthemed
2026-08-10 13:47:00,5,ok,1,18.14.2,True,0.1,positive
2026-08-10 13:46:00,5,good,0,18.14.1,True,0.12,positive
2026-08-10 13:44:00,5,BEST APP FOR INVESTMENT,0,18.14.1,True,0.17,positive
2026-08-10 13:44:00,5,good 👍😊,0,18.13.2,True,0.17,positive
2026-08-10 13:42:00,5,ok,0,18.12.1,True,0.2,positive
2026-08-10 13:33:00,1,very good,1,18.14.1,True,0.15,unthemed
2026-08-10 13:30:00,5,good 👍,0,18.14.1,True,0.2,positive
2026-08-10 13:28:00,5,good,0,18.13.2,True,0.05,positive
2026-08-10 13:09:00,5,good,0,18.13.2,True,0.1,positive
2026-08-10 12:52:00,5,awesome,0,18.14.1,True,0.2,positive
2026-08-10 12:46:00,5,fantastic,0,18.14.0,True,0.12,positive
2026-08-10 12:43:00,5,good,0,18.13.2,True,0.17,positive
2026-08-10 12:41:00,4,realy its good for investment,1,18.14.1,True,0.2,positive
2026-08-10 12:40:00,5,good for carrier,0,18.14.1,True,0.03,positive
2026-08-10 12:40:00,5,good,0,18.14.2,True,0.03,positive
2026-08-10 12:36:00,5,excellent,0,18.13.2,True,0.1,positive
2026-08-10 12:35:00,5,[NAME] app 👍,0,18.14.1,True,0.13,positive
2026-08-10 12:32:00,5,very impressive,1,18.14.1,True,0.18,positive
2026-08-10 12:16:00,1,f&o ka chor Hai,0,18.13.2,True,0.17,features
2026-08-10 12:12:00,5,"India Top broker ,low cost ,simple interface, very fast broker",1,18.14.2,True,0.05,positive
2026-08-10 12:11:00,5,nice,0,18.14.1,True,0.07,positive
2026-08-10 12:06:00,5,good,0,18.14.1,True,0.15,positive
2026-08-10 12:03:00,5,good,0,18.11.1,True,0.22,positive
2026-08-10 12:00:00,5,good,0,18.14.1,True,0.05,positive
2026-08-10 11:55:00,5,👍,0,18.14.2,True,0.13,positive
2026-08-10 11:55:00,4,best,1,18.14.2,True,0.13,positive
2026-08-10 11:54:00,3,good,0,18.14.2,True,0.17,unthemed
2026-08-10 11:46:00,5,super app and user friendly,1,18.13.2,True,0.12,positive
2026-08-10 11:43:00,5,best,0,18.14.1,True,0.17,positive
2026-08-10 11:38:00,1,"The chart doesn't work properly.After minimizing it repeatedly, the app works fine again. The charts work fine. Then, 10 minutes later, the same problem occurs. I thought, ""Oh my god, my phone is having an internet problem."" But it was revealed later. app issue",7,18.7.1,True,0.07,features
2026-08-10 11:37:00,5,thanku,0,18.14.1,True,0.08,positive
2026-08-10 11:29:00,5,perfect,0,18.14.1,True,0.03,positive
2026-08-10 11:27:00,5,good 👍,0,18.14.1,True,0.07,positive
2026-08-10 11:26:00,5,Perfect Application for stock Trading,0,18.14.2,True,0.1,positive
2026-08-10 11:22:00,4,good,0,18.10.1,True,0.07,positive
2026-08-10 11:18:00,5,good,0,18.13.2,True,0.13,positive
2026-08-10 11:09:00,4,👍,0,18.13.2,True,0.1,positive
2026-08-10 11:09:00,5,Awesome,0,18.14.1,True,0.1,positive
2026-08-10 11:03:00,5,India number 1 Broker,0,18.13.2,True,0.2,positive
2026-08-10 10:58:00,1,"worst app to invest your mutual funds, I am not getting a proper response from groww customer care regarding my 2nd SIP due date(not able to pay manually) they have created 2 ticket with same query but resolution is not provided yet it's been more than 48 hour If anyone hoping for long term investment don't try groww because whenever you got stuck their customer service is unable to provide any proper resolution so don't invest your hard earned money through this broker go for direct amc site",4,18.14.2,True,0.1,"support,charges"
2026-08-10 10:47:00,5,best,0,18.14.1,True,0.1,positive
2026-08-10 10:46:00,5,nice nice bro,0,18.14.1,True,0.12,positive
2026-08-10 10:43:00,5,good,0,,True,0.18,positive
2026-08-10 10:39:00,5,I am also growing with grow,1,18.14.1,True,0.05,positive
2026-08-10 10:39:00,5,good,0,18.10.1,True,0.05,positive
2026-08-10 10:37:00,1,low income of payment 😕,0,18.13.2,True,0.08,unthemed
2026-08-10 10:35:00,5,good 💯,0,18.13.2,True,0.13,positive
2026-08-10 10:28:00,5,good,0,18.14.1,True,0.05,positive
2026-08-10 10:27:00,3,Groww Stocks very nice aap,0,18.14.2,True,0.07,unthemed
2026-08-10 10:24:00,5,Excellent,0,18.14.1,True,0.03,positive
2026-08-10 10:06:00,5,thanku so much,0,18.14.1,True,0.15,positive
2026-08-10 09:57:00,4,great support,0,18.14.1,True,0.12,positive
2026-08-10 09:53:00,5,🔥,1,18.14.2,True,0.18,positive
2026-08-10 09:49:00,5,nice one,0,18.10.1,True,0.07,positive
2026-08-10 09:46:00,4,cool 😎,0,18.13.2,True,0.12,positive
2026-08-10 09:43:00,5,good,0,18.14.1,True,0.18,positive
2026-08-10 09:43:00,5,👍,0,18.13.2,True,0.18,positive
2026-08-10 09:42:00,5,best,0,18.14.1,True,0.2,positive
2026-08-10 09:41:00,5,mast,0,18.14.2,True,0.23,positive
2026-08-10 09:39:00,5,excellent,0,18.14.1,True,0.05,positive
2026-08-10 09:38:00,5,good 👍,0,18.14.1,True,0.07,positive
2026-08-10 09:36:00,5,outstanding,0,18.14.1,True,0.1,positive
2026-08-10 09:36:00,5,Good 👍😊,0,18.13.2,True,0.12,positive
2026-08-10 09:27:00,1,bogus application,0,18.11.1,True,0.07,unthemed
2026-08-10 09:27:00,5,good,0,18.14.1,True,0.07,positive
2026-08-10 09:25:00,5,good,0,18.1.1,True,0.1,positive
2026-08-10 09:23:00,5,nice one,0,18.14.1,True,0.05,positive
2026-08-10 09:12:00,3,currently from last 10 days . Apk not working smoothly sometimes it stuck and flash message wait or close apk not responding,4,18.14.1,True,0.05,"support,perf"
2026-08-10 09:09:00,3,Initially liked much..delivery charges for buying share increased,1,18.13.2,True,0.1,charges
2026-08-10 09:07:00,5,happy to trade this broker app it's trusted,0,18.14.1,True,0.13,positive
2026-08-10 09:05:00,5,good,0,18.14.1,True,0.18,positive
2026-08-10 09:04:00,5,very good app,0,18.14.1,True,0.2,positive
2026-08-10 08:56:00,5,veri good 👍,0,18.13.2,True,0.13,positive
2026-08-10 08:52:00,5,verry nice,0,18.14.1,True,0.2,positive
2026-08-10 08:50:00,1,crashes at 9.15 just rubbish app,0,18.14.1,True,0.05,perf
2026-08-10 08:47:00,5,good,0,18.13.2,True,0.1,positive
2026-08-10 08:42:00,5,vary good,0,18.14.1,True,0.18,positive
2026-08-10 08:42:00,5,very good,0,18.13.2,True,0.2,positive
2026-08-10 08:34:00,5,good app,1,18.12.1,True,0.13,positive
2026-08-10 08:29:00,1,This app is a fraud customer care doesn't respond Even for returning Money u have to spend money,2,18.14.1,True,0.03,support
2026-08-10 08:26:00,5,okay,0,18.14.1,True,0.08,positive
2026-08-10 08:26:00,5,good,0,18.14.1,True,0.08,positive
2026-08-10 08:00:00,5,Best platform to invest,0,18.14.1,True,0.07,positive
2026-08-10 07:56:00,5,good,1,18.13.2,True,0.13,positive
2026-08-10 07:53:00,5,very nice...,0,18.14.1,True,0.18,positive
2026-08-10 07:53:00,5,super,0,18.14.2,True,0.2,positive
2026-08-10 07:47:00,2,nice 🙂,0,18.14.1,True,0.1,unthemed
2026-08-10 07:35:00,5,super,0,18.14.1,True,0.12,positive
2026-08-10 07:24:00,5,thank you 🙏,0,18.14.1,True,0.03,positive
2026-08-10 07:23:00,5,good,0,18.14.1,True,0.05,positive
2026-08-10 07:21:00,5,👍 good,0,18.14.1,True,0.1,positive
2026-08-10 07:20:00,5,gud,0,18.13.2,True,0.12,positive
2026-08-10 07:18:00,5,Best among all. Easy UI.,1,18.11.1,True,0.15,positive
2026-08-10 07:05:00,5,good app and all reports easily getting...,1,18.14.1,True,0.17,positive
2026-08-10 06:58:00,3,"Brokerage cost High compare to others, if you reduce brokerage cost i will execute more trade...",1,18.14.1,True,0.1,charges
2026-08-10 06:49:00,1,"fraud app, my sip is not processed since over a month now. more than a month now your team unable to help, providing dumb solutions which dont even exist to waste my time. your company cant get on sip processed since 24 june neither giving my money back. updating this review today i.e. 10th august",2,18.14.2,True,-307.57,money
2026-08-10 06:47:00,5,best,0,18.13.2,True,0.1,positive
2026-08-10 06:43:00,5,Good,0,18.14.1,True,0.17,positive
2026-08-10 03:31:00,4,very very,0,18.13.2,True,0.18,positive
2026-08-10 03:02:00,5,amazing,0,18.13.2,True,0.03,positive
2026-08-10 01:49:00,5,good,0,18.14.1,True,0.07,positive
2026-08-10 01:36:00,2,user friendly but charges are very high,2,18.14.1,True,0.1,charges
2026-08-10 01:36:00,1,don't know why they removed my refer and earn option without reason and I tried to contact customer service yet there is no response from their side very disappointing it is,2,,True,-150.72,unthemed
2026-08-10 01:02:00,5,till now it's well functioning,1,18.14.1,True,0.03,positive
2026-08-10 00:45:00,5,good and user friendly app,1,18.14.1,True,0.13,positive
2026-08-10 00:23:00,4,Thik hai,0,,True,0.05,positive
2026-08-09 23:17:00,5,good 👍👍👍👍👍,1,18.14.1,True,0.15,positive
2026-08-09 23:08:00,5,very nice product,0,18.3.1,True,0.12,positive
2026-08-09 22:47:00,5,good. service.,1,18.14.1,True,0.1,positive
2026-08-09 22:47:00,5,It helps me in disciplined investment without any hesitation.,1,18.14.1,True,0.1,positive
2026-08-09 22:13:00,1,old वाला ज्यादा सही था.. ये बकवास है,1,18.13.2,True,0.03,unthemed
2026-08-09 22:02:00,1,"Too much brokerage,but it's good",1,,True,0.03,charges
2026-08-09 21:56:00,5,good 👍,0,18.14.1,True,0.13,positive
2026-08-09 21:55:00,5,super,0,18.13.2,True,0.15,positive
2026-08-09 21:53:00,5,good,1,18.11.1,True,0.2,positive
2026-08-09 21:20:00,5,good,0,18.14.1,True,0.1,positive
2026-08-09 21:16:00,5,best,0,,True,0.17,positive
2026-08-09 21:13:00,5,Good app. wish the team for becoming no 1,0,,True,0.03,positive
2026-08-09 20:37:00,5,nice,0,18.14.1,True,0.08,positive
2026-08-09 20:26:00,1,Kya groww app sa us stock market invests kar sakte hai?,1,18.14.1,True,0.08,unthemed
2026-08-09 20:26:00,5,good,1,18.14.2,True,0.08,positive
2026-08-09 20:22:00,5,good,0,18.14.1,True,0.07,positive
2026-08-09 20:15:00,5,good,0,18.14.2,True,0.18,positive
2026-08-09 20:11:00,2,okay,0,18.12.1,True,0.07,unthemed
2026-08-09 19:45:00,5,groww app bohot acha hai,0,18.13.2,True,0.13,positive
2026-08-09 19:42:00,5,better,0,18.11.1,True,0.18,positive
2026-08-09 19:39:00,5,👍 grow with groww,0,18.14.2,True,0.05,positive
2026-08-09 19:27:00,1,ghatiyar bekar service,0,18.14.1,True,0.07,unthemed
2026-08-09 19:17:00,5,good,0,18.13.2,True,0.15,positive
2026-08-09 18:23:00,5,great app!!!,0,18.13.2,True,0.05,positive
2026-08-09 18:17:00,5,Good,0,18.13.2,True,0.15,positive
2026-08-09 18:07:00,5,"App and it's features are amazing. The only thing missing is other brokers allow to clone app like angel one, zerodha benefit is one doesn't have to log out and log in everytime.I request you to plz allow clone of groww app so one track investment and trading without multiple log in and log out",7,18.14.1,True,0.13,positive
2026-08-09 18:07:00,5,Nice,0,18.14.1,True,0.13,positive
2026-08-09 17:52:00,5,good,0,18.13.2,True,0.2,positive
2026-08-09 17:35:00,2,very good,0,18.13.2,True,0.12,unthemed
2026-08-09 17:32:00,5,helpfull app,1,18.13.2,True,0.17,positive
2026-08-09 17:31:00,5,👍,1,18.13.2,True,0.18,positive
2026-08-09 16:59:00,5,easy to use,0,18.14.1,True,0.08,positive
2026-08-09 16:55:00,5,awesome,1,18.14.2,True,0.15,positive
2026-08-09 16:29:00,5,good app😊💯,0,18.14.1,True,-13291.72,positive
2026-08-09 16:07:00,1,"Grow charges maximum brokerage in the market and provides poor services , their app doesn't publish reports on time , app crashes in peak time and their customer support is really poor. ticket number submitted for this 27198284",6,18.14.2,True,-0.05,"support,charges"
2026-08-09 16:02:00,5,real app nice👍,0,,True,0.03,positive
2026-08-09 15:59:00,5,good pi,0,18.14.1,True,0.08,positive
2026-08-09 15:56:00,5,most Pawar full aap,0,18.14.1,True,0.15,positive
2026-08-09 15:56:00,5,super app download,0,18.13.2,True,0.15,positive
2026-08-09 15:44:00,5,Nice 👍,0,18.13.2,True,0.15,positive
2026-08-09 15:37:00,5,well Experience,0,18.13.2,True,0.08,positive
2026-08-09 15:33:00,5,veri good app,0,18.14.2,True,0.15,positive
2026-08-09 15:08:00,5,Nice 👍,0,,True,0.12,positive
2026-08-09 15:07:00,5,Best,0,18.14.2,True,0.13,positive
2026-08-09 15:01:00,5,goog,0,,True,0.05,positive
2026-08-09 14:51:00,5,good,0,,True,0.03,positive
2026-08-09 14:44:00,5,Great UI experience and easy to use,4,18.14.2,True,0.15,positive
2026-08-09 14:15:00,5,good 👍,0,18.14.1,True,0.18,positive
2026-08-09 14:14:00,2,I just wanna say that you can make it more better by adding more Bank and banking app like fampay app because many people want to use it by fampay,4,18.14.1,True,0.2,unthemed
2026-08-09 13:22:00,1,"bahut hi bekaar app specially for FnO,shayad hi iss se bekar app ho? bolte AMC charges ni lete but buy or sell pr hi 1-2 rs se price adjustments kr lete ho, sabko pta tumhari chori, saamne se maang kr paise charge krlo chori kyu Krna?, customer support hai ki nahi pta nahi ? bs naam ka hai ? kisi ko support se help mili ho to plz bta dena?",0,18.14.1,True,0.07,"support,charges"
2026-08-09 12:59:00,5,gud,0,18.14.2,True,0.08,positive
2026-08-09 12:59:00,1,good,0,18.13.2,True,0.08,unthemed
2026-08-09 12:45:00,5,awesome app,0,18.13.2,True,0.13,positive
2026-08-09 12:28:00,5,good,0,18.14.1,True,0.05,positive
2026-08-09 12:13:00,5,Best apps.,0,18.14.1,True,0.03,positive
2026-08-09 12:11:00,5,exilent,1,18.14.1,True,0.07,positive
2026-08-09 12:06:00,1,to muche brokrage,0,18.13.2,True,0.15,unthemed
2026-08-09 12:00:00,5,nice to handle,0,18.13.2,True,0.07,positive
2026-08-09 11:52:00,4,very easy to use.,0,18.14.1,True,0.2,positive
2026-08-09 11:52:00,5,good,1,18.13.2,True,0.2,positive
2026-08-09 11:51:00,4,very good,0,18.12.1,True,0.03,positive
2026-08-09 11:44:00,5,Aasowm,0,18.14.1,True,0.15,positive
2026-08-09 11:38:00,5,Nice AAP I am happy,0,18.11.1,True,0.07,positive
2026-08-09 11:37:00,5,Nice gooder app,0,18.13.2,True,0.08,positive
2026-08-09 11:37:00,5,very useful app,0,18.13.2,True,0.08,positive
2026-08-09 11:32:00,5,good app and service better,2,18.14.2,True,0.18,positive
2026-08-09 11:27:00,5,kindly provide multi chart on single screen (multi layout) for all stocks,6,18.14.1,True,-11686.7,positive
2026-08-09 11:26:00,5,good,0,18.14.1,True,0.08,positive
2026-08-09 11:23:00,5,nice,0,18.11.1,True,0.05,positive
2026-08-09 11:17:00,4,nice broker app,1,18.13.2,True,0.15,positive
2026-08-09 10:44:00,5,nice,0,18.13.2,True,0.15,positive
2026-08-09 10:41:00,4,"ग्राफ देखना, खरीदना बेचना और IPO कितना गुना सब्स्क्राइब हुआ सब आसानी से पता चल जाता है",0,18.14.1,True,0.2,positive
2026-08-09 10:38:00,4,Good,0,18.13.2,True,0.07,positive
2026-08-09 10:29:00,5,good 👍,0,,True,0.03,positive
2026-08-09 10:21:00,5,good,1,18.13.2,True,0.08,positive
2026-08-09 10:19:00,5,amazing,0,,True,0.12,positive
2026-08-09 10:02:00,5,good app for investing,1,18.14.2,True,0.03,positive
2026-08-09 09:46:00,5,very Good 💯😊,0,18.14.1,True,0.12,positive
2026-08-09 09:42:00,5,good,0,18.13.2,True,0.18,positive
2026-08-09 09:29:00,5,good app,0,18.14.1,True,0.03,positive
2026-08-09 09:19:00,5,excellent,0,18.14.1,True,0.12,positive
2026-08-09 09:14:00,5,extreme good,1,18.14.1,True,0.2,positive
2026-08-09 09:14:00,5,simple to understand,0,18.14.1,True,0.2,positive
2026-08-09 08:38:00,4,good,0,18.14.1,True,0.07,positive
2026-08-09 08:29:00,5,very nice app,0,18.13.2,True,0.03,positive
2026-08-09 08:28:00,5,super,0,18.13.2,True,0.05,positive
2026-08-09 08:18:00,5,grow app is very good app,0,18.13.2,True,0.13,positive
2026-08-09 08:07:00,5,good,0,18.13.2,True,0.13,positive
2026-08-09 08:02:00,5,best app super,1,18.14.2,True,0.03,positive
2026-08-09 08:01:00,4,good 👍,0,18.13.2,True,0.05,positive
2026-08-09 08:00:00,5,good exlent,0,18.14.1,True,0.07,positive
2026-08-09 07:19:00,5,good,2,18.14.2,True,0.12,positive
2026-08-09 07:15:00,5,ವೆರಿ ವೆರಿ ಯೂಸ್ ಪುಲ್ಲಿಂಗ್ ಐ ಆಮ್ ಸೋ ಬಿಗ್ ಫ್ಯಾನ್,0,18.10.1,True,0.18,positive
2026-08-09 07:04:00,5,very good and easy to use application,0,18.14.1,True,0.18,positive
2026-08-09 06:07:00,5,thank groww,0,18.13.2,True,0.13,positive
2026-08-09 03:19:00,5,Nice,0,18.13.2,True,0.12,positive
2026-08-09 02:39:00,5,good apps,0,,True,0.05,positive
2026-08-09 02:10:00,5,very nice app,0,18.14.2,True,0.08,positive
2026-08-09 01:18:00,1,wrost application my Big loss hanging problem,2,18.14.2,True,0.13,unthemed
2026-08-09 01:12:00,5,Superb,0,18.14.1,True,0.05,positive
2026-08-09 01:07:00,5,best,0,18.14.1,True,0.13,positive
2026-08-09 01:00:00,5,best,0,18.13.2,True,0.07,positive
2026-08-09 00:58:00,1,Doubtful integrity,0,18.13.2,True,0.1,unthemed
2026-08-09 00:11:00,5,very good,0,18.14.1,True,0.07,positive
2026-08-08 23:59:00,2,"❌ Messy UI, fix this · No option to hide FNO section from bottom bar · Buy/Sell colors are eye-piercingly contrast · Buying options default trap-accidentally pick intraday/MTF · Technicals are weak · No event/news dot indicators · Watchlist placement next to holdings/orders is irritating · No proper positions tab like Zerodha · Landing page is endless feed-add sections · Loans tab = useless clutter Feels like a legacy app. Redesign needed badly.",2,18.14.2,True,0.08,features
2026-08-08 23:37:00,4,nice,0,18.14.1,True,0.08,positive
2026-08-08 23:18:00,5,amazing,0,18.13.2,True,0.13,positive
2026-08-08 22:48:00,5,new ok,0,,True,0.08,positive
2026-08-08 22:43:00,1,For two days this app has been showing an error while opening the chart and they want you to buy and sell without watching the chart..I have done every possible thing from my side and am still showing an error..even dabba trading broker apps are better than this cheap groww and this is not for the first time something wrong happened with this app.. highly recommend to uninstall this as soon as possible and use some standard broker instead of this.,52,18.14.1,True,0.17,"features,perf"
2026-08-08 22:23:00,5,good,0,18.13.2,True,0.05,positive
2026-08-08 22:23:00,5,ok,0,18.14.0,True,0.05,positive
2026-08-08 22:23:00,5,Best and easy for beginners.,2,18.13.2,True,0.07,positive
2026-08-08 22:08:00,1,mene 2 bar Friend ko app reference kiya par kuchh bhi reword nahi mila Is app ko Friend ko suggest naa kare,2,18.14.1,True,0.12,unthemed
2026-08-08 21:51:00,4,experience is best,0,18.13.2,True,0.03,positive
2026-08-08 21:41:00,2,The waiting period for the customer care calls is too lengthy and the brokerage charge is high.,3,18.14.1,True,0.2,"support,charges"
2026-08-08 21:34:00,5,very nice Aap,0,18.14.1,True,0.13,positive
2026-08-08 21:11:00,5,wow,0,18.13.2,True,0.07,positive
2026-08-08 21:03:00,1,not good support 😭😔 very bad support I have changed my email and mobile number a few days ago and want to create a new account with the same email and number and new documents.I want to contact the support team but I am unable to do so.,5,18.14.2,True,0.2,support
2026-08-08 20:30:00,5,nice,0,18.12.1,True,0.2,positive
2026-08-08 20:30:00,5,great service and great trust app,0,18.13.2,True,0.2,positive
2026-08-08 20:29:00,4,good,0,18.12.1,True,0.03,positive
2026-08-08 20:29:00,5,"Useful But,Gain knowledge completely about this before use it.",0,18.14.1,True,0.03,positive
2026-08-08 20:27:00,5,excellent broker,0,18.13.2,True,0.07,positive
2026-08-08 20:10:00,5,good platform,0,18.14.1,True,0.08,positive
2026-08-08 20:06:00,5,best broker,0,,True,0.15,positive
2026-08-08 19:55:00,5,dast app,0,,True,0.15,positive
2026-08-08 19:51:00,5,😊 good,0,18.14.0,True,0.03,positive
2026-08-08 19:50:00,5,ok👍,0,18.14.1,True,0.05,positive
2026-08-08 19:40:00,5,good,0,18.13.2,True,0.03,positive
2026-08-08 19:28:00,5,nice,0,,True,0.05,positive
2026-08-08 19:20:00,5,👌,0,18.14.1,True,0.1,positive
2026-08-08 19:06:00,4,good,0,18.14.0,True,0.15,positive
2026-08-08 19:03:00,5,good app,0,18.13.2,True,0.2,positive
2026-08-08 19:02:00,5,good experience,0,18.14.2,True,0.03,positive
2026-08-08 18:58:00,5,thank,0,18.4.3,True,0.1,positive
2026-08-08 18:51:00,5,excellent,0,18.13.2,True,0.03,positive
2026-08-08 18:47:00,5,excellent,0,18.13.2,True,0.1,positive
2026-08-08 18:42:00,1,Poor customer service.,0,18.13.2,True,0.18,unthemed
2026-08-08 18:32:00,4,good app,0,18.14.1,True,0.17,positive
2026-08-08 18:21:00,5,very good app,0,18.14.1,True,0.08,positive
2026-08-08 18:08:00,5,nice option in train,0,18.14.1,True,0.12,positive
2026-08-08 18:04:00,5,good 👍,0,18.13.2,True,0.18,positive
2026-08-08 17:46:00,5,excellent service providers,0,18.14.1,True,0.12,positive
2026-08-08 17:22:00,5,good 👍🏻,0,16.82,True,0.07,positive
2026-08-08 17:14:00,5,badhiya (awesome),0,18.14.2,True,0.2,positive
2026-08-08 17:14:00,4,best,0,18.13.2,True,0.22,positive
2026-08-08 16:53:00,5,good,0,18.14.1,True,0.18,positive
2026-08-08 16:52:00,5,good,0,18.14.1,True,0.2,positive
2026-08-08 16:41:00,5,Good,0,18.13.2,True,0.2,positive
2026-08-08 16:28:00,5,Best of the Best UI Easy to use,2,18.14.1,True,0.05,positive
2026-08-08 16:16:00,5,good 👍😊,0,18.14.1,True,0.17,positive
2026-08-08 16:10:00,5,good,0,18.14.1,True,0.08,positive
2026-08-08 16:09:00,5,good,0,18.11.1,True,0.1,positive
2026-08-08 16:04:00,5,bahut acha,0,18.14.1,True,0.2,positive
2026-08-08 15:52:00,5,Excellent,0,18.14.1,True,0.2,positive
2026-08-08 15:33:00,5,Only one sentence - Ladder of financial independence progress.,2,18.14.2,True,0.15,positive
2026-08-08 15:29:00,5,Glad I have been introduced to Groww. Very robust tech I have ever come across in past few years.,3,18.14.1,True,0.03,positive
2026-08-08 15:29:00,5,easy to invest in mf and stocks and user friendly UI. best for beginners,5,18.14.1,True,0.03,positive
2026-08-08 15:23:00,5,very good app,0,18.12.1,True,0.05,positive
2026-08-08 15:22:00,5,good,0,18.14.1,True,0.07,positive
2026-08-08 15:17:00,5,best app for investing,0,18.12.1,True,0.15,positive
2026-08-08 15:16:00,2,Please restore the **NIFTY 50 stocks arrangement by Market Cap**. The new order is confusing and less useful for tracking the index. A **Market Cap: High → Low** option would be much better.,4,18.14.1,True,0.18,unthemed
2026-08-08 15:09:00,5,bahut badhiya Hai Groww app download guys,0,18.13.2,True,0.1,positive
2026-08-08 15:09:00,1,good 👍,0,18.14.1,True,0.1,unthemed
2026-08-08 15:04:00,5,Good,0,18.7.1,True,0.2,positive
2026-08-08 14:59:00,4,good,0,18.14.0,True,0.08,positive
2026-08-08 14:55:00,5,good,1,18.14.2,True,0.15,positive
2026-08-08 14:41:00,5,excellent,0,18.12.1,True,0.2,positive
2026-08-08 14:39:00,5,nice,0,18.13.2,True,0.05,positive
2026-08-08 14:26:00,5,Excellent,0,18.13.2,True,0.08,positive
2026-08-08 14:08:00,5,very nice platform,0,18.14.1,True,0.12,positive
2026-08-08 13:58:00,5,very nice 👍,0,18.14.1,True,0.1,positive
2026-08-08 13:55:00,5,good,0,18.12.1,True,0.15,positive
2026-08-08 13:46:00,5,good,0,,True,0.12,positive
2026-08-08 13:44:00,5,good,0,18.13.2,True,0.15,positive
2026-08-08 13:43:00,5,good,0,18.12.1,True,0.17,positive
2026-08-08 13:19:00,5,nice,0,18.14.1,True,0.12,positive
2026-08-08 13:01:00,5,excellent,0,18.14.1,True,0.05,positive
2026-08-08 12:56:00,5,easy to operate,0,18.14.1,True,0.13,positive
2026-08-08 12:51:00,1,The contacts are being leaked to third party people. have been getting random calls from different people about trading. please look into this issue.,2,18.14.1,True,0.03,unthemed
2026-08-08 12:44:00,4,response is very good,0,18.14.1,True,0.15,positive
2026-08-08 12:39:00,5,this is really a genuine app very good trading results I have done from here all should have download this,1,18.13.2,True,0.05,positive
2026-08-08 12:36:00,5,thank,0,18.14.1,True,0.1,positive
2026-08-08 12:31:00,5,fair,0,18.12.1,True,0.18,positive
2026-08-08 12:29:00,5,"I have had a great experience with the Groww app. The interface is simple, user-friendly, and easy to navigate. Investing and managing investments is very convenient, and the app provides useful information in a clear way. Overall, I am satisfied with the experience and would recommend Groww to others.",10,18.13.2,True,0.03,positive
2026-08-08 12:22:00,5,nice 👍👍👍👍,0,18.13.2,True,0.07,positive
2026-08-08 12:21:00,5,wow simple clean and fast,0,,True,0.08,positive
2026-08-08 12:02:00,5,very good,0,18.11.1,True,0.03,positive
2026-08-08 12:01:00,5,good,0,18.14.1,True,0.05,positive
2026-08-08 11:53:00,1,"facing new problem .1. All stocks In The money options order rejected by groww. Delta 65 from 85 . Others app from placing orders no problem. Like Dhan ,zrodha, Angel one etc . Stocks like Reliance,Airtel,Voltas,Cipla,Bajaj fin,Bluestar,. Liqdity available but rejected order . 2. Withdrawal amount deposit time 1 day . Others app from deposit time 5 secend s from 1 hours only.",1,,True,0.18,"features,money"
2026-08-08 11:43:00,5,okay 👍 👌,0,18.13.2,True,0.17,positive
2026-08-08 11:42:00,4,"There should be a review section for mutual funds with categories like 'In-form', 'On-track', and 'Out-of-form'; this would make it easier to understand where to invest, where to stop an SIP, and where to exit.",3,18.13.2,True,0.18,positive
2026-08-08 11:41:00,5,good,0,18.13.2,True,0.2,positive
2026-08-08 11:37:00,5,"I have been a Groww user since my first investment journey. I have seen Groww improve tremendously while maintaining the simplicity it started with. The way it makes stocks, mutual funds, F&O, bonds and IPOs easy to understand is really impressive. It’s great to see this journey getting better with regular improvements, while remaining simple enough even for someone with very little knowledge of the financial market.",5,18.14.2,True,0.08,positive
2026-08-08 11:19:00,5,good 👍,0,18.13.2,True,0.12,positive
2026-08-08 11:17:00,4,very nice service,0,18.14.1,True,0.15,positive
2026-08-08 11:16:00,5,good 😊,0,18.10.1,True,0.17,positive
2026-08-08 11:14:00,5,"Actually this is a phenomenal App. Just like name Groww you can also grow by trading with this App. Good for beginners. Hey Groww team "" Can you just introduce AI in your app"" this will be very helpful for most of us.",14,18.14.1,True,0.22,positive
2026-08-08 11:13:00,5,Best stock market trading.,0,,True,0.03,positive
2026-08-08 11:03:00,5,good 👍,0,18.14.1,True,0.2,positive
2026-08-08 10:47:00,5,Good but direct funds to be exposed.,0,18.14.1,True,0.1,positive
2026-08-08 10:45:00,5,excellent,0,18.13.2,True,0.13,positive
2026-08-08 10:37:00,5,helpfull h,0,18.14.1,True,0.08,positive
2026-08-08 10:28:00,5,nice🤩,0,18.14.1,True,0.05,positive
2026-08-08 10:25:00,5,veery good,1,18.14.1,True,0.1,positive
2026-08-08 10:20:00,5,l enjoy the app,0,18.14.1,True,0.08,positive
2026-08-08 10:16:00,5,good 👍,0,18.14.1,True,0.15,positive
2026-08-08 10:13:00,5,Good,0,18.14.1,True,0.03,positive
2026-08-08 10:09:00,3,good app,0,18.13.2,True,0.1,unthemed
2026-08-08 10:03:00,5,am profitable 🥰,0,,True,0.2,positive
2026-08-08 09:56:00,5,excellent work,0,18.14.1,True,0.13,positive
2026-08-08 09:56:00,5,good,0,18.14.1,True,0.13,positive
2026-08-08 09:55:00,3,"please provide a system default theme I mean dark,light And System Default.",1,18.14.2,True,0.15,unthemed
2026-08-08 09:48:00,5,very nice app,0,18.14.1,True,0.08,positive
2026-08-08 09:45:00,5,"The stability and usability of app is decreasing on each update. Last session I could see some stocks listed twice in All stocks section. And further you are forcing me to use groww pay, by making it default screen that opens when I open your app. Groww today is not something I liked sometime back. Maybe with some more updates, you will force us to switch to other investment platforms.",15,18.13.2,True,0.13,positive
2026-08-08 09:36:00,5,🌺वैरी नीस,0,18.13.2,True,0.1,positive
2026-08-08 09:29:00,5,number 2 app,0,18.14.1,True,0.03,positive
2026-08-08 09:27:00,5,nice and better platform only me,0,18.14.1,True,0.07,positive
2026-08-08 09:26:00,5,Excellent,0,18.11.1,True,0.08,positive
2026-08-08 09:22:00,5,best aap in the world,0,17.16,True,0.07,positive
2026-08-08 09:20:00,5,best,0,18.14.1,True,0.1,positive
2026-08-08 09:19:00,4,nice,0,18.11.1,True,0.12,positive
2026-08-08 09:18:00,5,nice work,0,18.12.1,True,0.15,positive
2026-08-08 09:17:00,5,thik thik thak he,0,18.13.2,True,0.17,positive
2026-08-08 09:17:00,5,Excellent,0,18.14.1,True,0.17,positive
2026-08-08 09:15:00,5,good,0,18.12.1,True,0.22,positive
2026-08-08 09:08:00,5,nice,0,18.12.1,True,0.12,positive
2026-08-08 09:03:00,5,best app,0,18.3.1,True,0.2,positive
2026-08-08 08:57:00,5,excellent,0,18.14.1,True,0.12,positive
2026-08-08 08:56:00,5,good aap,0,18.14.2,True,0.13,positive
2026-08-08 08:54:00,5,छान,0,18.14.1,True,0.17,positive
2026-08-08 08:54:00,5,groww thiese is very good,0,18.13.2,True,0.18,positive
2026-08-08 08:51:00,5,❤️‍🔥❤️‍🔥,0,,True,0.03,positive
2026-08-08 08:49:00,5,very good,0,18.13.2,True,0.07,positive
2026-08-08 08:47:00,5,ok,0,18.14.2,True,0.1,positive
2026-08-08 08:37:00,5,easy to use,0,18.13.2,True,0.08,positive
2026-08-08 08:31:00,5,excellent 👌👍,0,18.13.2,True,0.18,positive
2026-08-08 08:22:00,5,excellent 👌👌👌,0,18.14.1,True,0.07,positive
2026-08-08 08:18:00,3,"I found the Groww app great to use—I've been using it for about three and a half years—but I've run into a problem with adding funds: I can't add more than ₹20,000 per day.",2,16.89,True,0.13,unthemed
2026-08-08 08:16:00,5,ok,0,18.13.2,True,0.17,positive
2026-08-08 08:14:00,5,superb app and UI is very user friendly,2,18.14.1,True,0.22,positive
2026-08-08 08:08:00,5,best,0,18.14.1,True,0.12,positive
2026-08-08 08:06:00,5,best the app,0,18.14.1,True,0.15,positive
2026-08-08 08:06:00,5,good 👍👍👍👍,0,18.13.2,True,0.15,positive
2026-08-08 07:49:00,5,excellent,0,18.13.2,True,0.07,positive
2026-08-08 07:46:00,5,Good App. for investment with out zero knowledge.,2,18.14.1,True,0.12,positive
2026-08-08 07:37:00,5,My experience tells me that Groww should have been my first MF app. I thank profusely that they have made India's best investment app.,0,18.13.2,True,0.08,positive
2026-08-08 07:05:00,3,very nice🌹👌🤩 app,0,18.14.1,True,0.17,unthemed
2026-08-08 07:00:00,5,good,0,18.14.1,True,0.07,positive
2026-08-08 06:57:00,4,one of best trading platform i ever use,0,18.13.2,True,0.12,positive
2026-08-08 06:57:00,5,Perfectly fine,0,17.91.1,True,0.12,positive
2026-08-08 06:55:00,4,Groww has added a lot of new feature/s in the application recently. Now add basket order option so I don't have to use different app (like 915).,4,18.14.1,True,0.17,positive
2026-08-08 06:46:00,5,good,0,18.14.1,True,0.12,positive
2026-08-08 06:45:00,5,good,0,18.14.1,True,0.13,positive
2026-08-08 06:41:00,5,good,0,18.13.2,True,0.2,positive
2026-08-08 06:40:00,5,best for money growth,0,18.12.1,True,0.03,positive
2026-08-08 06:00:00,5,Good,0,18.13.2,True,0.07,positive
2026-08-08 01:31:00,5,good 👍,1,18.14.0,True,0.18,positive
2026-08-08 00:31:00,5,Good,0,18.14.1,True,0.18,positive
2026-08-08 00:29:00,5,good,0,18.13.2,True,0.03,positive
2026-08-08 00:26:00,1,just downloaded it it's not even working uninstalling this app right away,1,18.13.2,True,0.08,unthemed
2026-08-08 00:23:00,5,excellent,0,18.13.2,True,0.05,positive
2026-08-08 00:19:00,5,Easy interface and great investment platform for beginners.,3,18.14.2,True,0.12,positive
2026-08-08 00:18:00,5,very Good,0,18.13.2,True,0.13,positive
2026-08-08 00:00:00,5,Good,0,18.14.0,True,0.07,positive
2026-08-07 23:58:00,5,Very nice App.,0,18.13.2,True,0.1,positive
2026-08-07 23:43:00,5,excellent for treding,0,18.12.1,True,0.17,positive
2026-08-07 23:30:00,1,scam app...they charged 1500 rs more for only brokerage charges for just 3trades...and doesn't mention charges fully on statement they hide,0,,True,0.2,charges
2026-08-07 23:28:00,1,pathetic customer service. I exit one trade today at 3:05 PM that trade is showing again in buy order even though not initiated by me seems to be an system error and amount got debited for the same. no reply from support till yet,6,18.14.1,True,0.05,"support,perf"
2026-08-07 23:15:00,5,good,0,18.8.1,True,0.18,positive
2026-08-07 23:07:00,5,Simple and easy to navigate yet roboust,3,18.14.1,True,0.13,positive
2026-08-07 23:06:00,5,cool,0,18.13.2,True,0.15,positive
2026-08-07 23:06:00,5,good,0,18.13.2,True,0.15,positive
2026-08-07 22:58:00,5,top app,0,,True,0.1,positive
2026-08-07 22:53:00,5,"good app but, opt send",0,18.14.1,True,0.18,positive
2026-08-07 22:50:00,5,very good,0,18.10.1,True,0.05,positive
2026-08-07 22:49:00,5,Great platform,0,18.14.1,True,0.07,positive
2026-08-07 22:49:00,4,nice App,0,18.14.1,True,0.07,positive
2026-08-07 22:18:00,2,not work properly when u needed eagerly [NAME] in the middle of trade.,0,18.14.1,True,0.13,unthemed
2026-08-07 22:12:00,5,superb app,0,18.13.2,True,0.05,positive
2026-08-07 22:10:00,3,"there is no support to EGR, Can u guys add them?",0,18.14.1,True,0.08,support
2026-08-07 22:08:00,3,"If you set the brokerage at ₹10 per lot, your business will grow even more.",1,18.14.1,True,0.13,charges
2026-08-07 21:57:00,5,nice,0,18.12.1,True,0.12,positive
2026-08-07 21:42:00,5,good,0,18.14.1,True,0.18,positive
2026-08-07 21:35:00,5,very good app,1,18.13.2,True,0.12,positive
2026-08-07 21:29:00,5,The application interface is very intuitive and great. Try increasing font size though. Also can you please make it easier to switch between two demat accounts without having to logout and then entering credentials manually each time if email account is other than gmail ?,11,18.14.1,True,-0.05,positive
2026-08-07 21:25:00,5,VIP app. ✨☀☀☀☀☀,0,,True,0.1,positive
2026-08-07 21:07:00,5,best trading platform in india,0,18.13.2,True,0.13,positive
2026-08-07 21:06:00,5,easy to use . and investing,1,18.14.1,True,0.15,positive
2026-08-07 20:36:00,5,good,0,18.14.1,True,0.1,positive
2026-08-07 20:28:00,5,good,0,18.13.2,True,0.05,positive
2026-08-07 20:26:00,5,Nice,0,18.13.2,True,0.08,positive
2026-08-07 20:15:00,4,very good app,0,18.14.1,True,0.18,positive
2026-08-07 20:12:00,5,good app,0,18.14.1,True,0.05,positive
2026-08-07 20:07:00,5,good,0,18.10.1,True,0.13,positive
2026-08-07 20:07:00,4,Excellent 👌,0,18.14.1,True,0.13,positive
2026-08-07 20:06:00,5,excellent experience,0,18.13.2,True,0.17,positive
2026-08-07 20:00:00,5,bad app plz do not download,0,18.14.1,True,0.07,positive
2026-08-07 19:58:00,5,very good,0,18.13.2,True,0.1,positive
2026-08-07 19:56:00,5,good,0,18.11.1,True,0.13,positive
2026-08-07 19:53:00,5,good,0,18.13.2,True,0.2,positive
2026-08-07 19:51:00,5,easy process always like,0,18.13.2,True,0.03,positive
2026-08-07 19:47:00,5,♥️♥️😍,0,18.13.2,True,0.1,positive
2026-08-07 19:44:00,5,very good,0,18.14.1,True,0.15,positive
2026-08-07 19:35:00,5,good,0,18.13.2,True,0.12,positive
2026-08-07 19:29:00,5,Good treding app,0,18.10.1,True,0.03,positive
2026-08-07 19:26:00,5,nice,0,18.14.1,True,0.08,positive
2026-08-07 19:20:00,5,I don't understand the Market,0,18.14.1,True,0.1,positive
2026-08-07 19:13:00,5,excellent,0,,True,0.03,positive
2026-08-07 19:02:00,5,bahut badhiya hai,0,18.13.1,True,0.03,positive
2026-08-07 19:01:00,1,my relatives not getting dividend since last year after eligibility. she contacted but not resolved by them,0,18.13.2,True,0.05,unthemed
2026-08-07 18:52:00,5,i am learning on it and its very nice very easy. and much profitable.,1,18.13.2,True,0.2,positive
2026-08-07 18:12:00,5,Very informative.,0,18.11.1,True,0.05,positive
2026-08-07 18:11:00,1,no very dad option,0,18.14.1,True,0.07,unthemed
2026-08-07 17:53:00,3,Good,0,18.13.2,True,0.18,unthemed
2026-08-07 17:52:00,4,Good,0,18.14.1,True,0.2,positive
2026-08-07 17:51:00,5,Nice,0,18.14.1,True,0.03,positive
2026-08-07 17:50:00,5,very nice,1,18.13.2,True,0.05,positive
2026-08-07 17:42:00,5,good experience,0,18.8.1,True,0.18,positive
2026-08-07 17:36:00,1,It may be the best app but they are so hungry for money that it will cost 50rs to change ur email address 😂 Pathetic!!! No way they convinced me to uninstall the app,6,18.14.1,True,0.1,support
2026-08-07 17:25:00,5,good 😊👍🏻,1,18.14.1,True,-0.35,positive
2026-08-07 17:21:00,1,Upi request already approved but status not updated in App poor service app lot's of bug,3,18.14.1,True,0.08,"perf,money"
2026-08-07 17:18:00,1,No proper service and no accountability with team.,3,18.14.1,True,0.13,unthemed
2026-08-07 17:10:00,5,good job,0,18.13.2,True,0.08,positive
2026-08-07 17:09:00,5,awesome 👍,0,18.14.1,True,0.1,positive
2026-08-07 16:59:00,2,Isme bond ka monthly payout correct ni show karta hai,1,18.14.1,True,-13281.62,unthemed
2026-08-07 16:58:00,5,nice,0,18.14.1,True,0.1,positive
2026-08-07 16:52:00,5,nice app advance tec. app,0,18.13.2,True,0.2,positive
2026-08-07 16:43:00,5,good 👍,0,18.14.1,True,0.17,positive
2026-08-07 16:40:00,5,good 👍,0,18.14.1,True,0.03,positive
2026-08-07 16:39:00,5,nice,0,18.13.2,True,0.05,positive
2026-08-07 16:33:00,1,when you buy a share it is buying of your selected rate. but when you want to sell your it is sold less than your selected rate.due to this and also added brokarage+ tax+GST+external charge you never earn money as you expect.,11,18.14.1,True,0.15,charges
2026-08-07 16:30:00,4,nice,0,18.14.1,True,0.22,positive
2026-08-07 16:25:00,5,Excellent,0,18.13.2,True,0.02,positive
2026-08-07 16:20:00,5,best trading app in india,0,18.14.1,True,0.1,positive
2026-08-07 16:14:00,5,good,0,18.14.1,True,0.2,positive
2026-08-07 16:06:00,5,very good,0,18.14.1,True,0.15,positive
2026-08-07 15:35:00,1,grow application very froudly company know investing any customer your investment money always lossing grow platform,1,18.14.1,True,-9754.33,unthemed
2026-08-07 15:28:00,5,verry good plat form,0,18.14.1,True,0.05,positive
2026-08-07 15:25:00,5,SEBI AUR BANDAR KI KAHAWAT AB SATIK BAITH RAHI HAI BARBAD KAR DIYA MARKET KO IN LOGO NE...,0,18.14.1,True,0.1,positive
2026-08-07 15:23:00,5,tq groww,1,18.14.0,True,0.05,positive
2026-08-07 15:23:00,5,good,0,18.14.1,True,0.05,positive
2026-08-07 15:23:00,5,best trading apps,1,18.11.1,True,0.05,positive
2026-08-07 15:18:00,5,good services,0,18.14.1,True,0.15,positive
2026-08-07 15:17:00,5,good,0,18.14.1,True,-114.4,positive
2026-08-07 15:13:00,1,"The stop-loss gets triggered unpredictably. Sometimes it hits even before the price reaches the stop-loss level, and other times it triggers only after the price has moved well beyond the stop-loss. In both cases, traders end up facing unnecessary losses. This is a very poor application. I would request everyone not to use it.",11,18.14.1,True,0.03,unthemed
2026-08-07 15:10:00,5,best app for traders,0,,True,0.08,positive
2026-08-07 15:03:00,5,nice,0,18.14.1,True,0.2,positive
2026-08-07 14:55:00,5,osm nyc,0,18.14.1,True,0.15,positive
2026-08-07 14:54:00,5,Nice and simple one for beginners,2,18.14.1,True,0.17,positive
2026-08-07 14:49:00,5,good,0,18.13.2,True,0.07,positive
2026-08-07 14:46:00,5,excellent 👌 easy to use ty so much 🙏 groww,0,18.13.2,True,0.12,positive
2026-08-07 14:35:00,5,Easy to use,0,18.14.1,True,0.12,positive
2026-08-07 14:30:00,5,super se door kadam upar.,0,18.14.1,True,0.2,positive
2026-08-07 14:29:00,5,good,0,18.14.1,True,0.03,positive
2026-08-07 14:26:00,5,good,0,18.14.1,True,0.08,positive
2026-08-07 14:24:00,5,Yes Sarji Great Bro namaste Thanks 🙏,0,18.13.2,True,0.03,positive
2026-08-07 14:21:00,5,good 👍🏻,0,18.14.1,True,0.08,positive
2026-08-07 14:14:00,5,I'm using last 10 years ...simply understand and operating,1,18.14.1,True,0.2,positive
2026-08-07 13:58:00,5,so simple that any rookie can start investing,1,18.13.2,True,0.1,positive
2026-08-07 13:54:00,5,Withdrawal problem,0,18.14.0,True,0.17,positive
2026-08-07 13:53:00,5,very good,0,18.14.1,True,0.18,positive
2026-08-07 13:53:00,5,😍,1,18.14.0,True,0.2,positive
2026-08-07 13:52:00,5,bast trading app,0,18.14.1,True,0.22,positive
2026-08-07 13:52:00,5,accha,0,18.14.1,True,0.22,positive
2026-08-07 13:45:00,5,good 👍,0,18.13.2,True,0.13,positive
2026-08-07 13:37:00,5,IPO allotment,0,18.14.1,True,0.08,positive
2026-08-07 13:35:00,5,beautiful,0,18.11.1,True,0.12,positive
2026-08-07 13:24:00,5,great app for future go for it 😁👍🏻,0,18.14.1,True,0.03,positive
2026-08-07 13:18:00,5,good performance,1,18.13.2,True,0.13,positive
2026-08-07 13:11:00,5,good,0,18.14.1,True,0.07,positive
2026-08-07 13:05:00,5,good 👍,0,18.14.1,True,0.17,positive
2026-08-07 13:05:00,5,good 😊,0,18.14.1,True,0.18,positive
2026-08-07 13:04:00,1,why percentage change is not showing in stock,0,18.14.1,True,0.2,unthemed
2026-08-07 13:01:00,3,Very good,0,18.13.2,True,0.05,unthemed
2026-08-07 12:49:00,5,nice app,0,18.13.2,True,0.07,positive
2026-08-07 12:44:00,5,good,0,18.14.1,True,0.15,positive
2026-08-07 12:44:00,1,"Outdated Data Alert!Wrong Dividend Yield DisplayedGroww is showing backdated & misleading financial data post corporate actions. For example, Angel One underwent a 10:1 stock split, making its actual dividend yield ~1.38%. But Groww still shows a wrong yield of 8%!Such unadjusted, old data can lead to wrong financial decisions for retail investors. Other apps update data instantly. Groww team, fix your backend data sync immediately! Retailers, please double-check data on NSE/BSE before investing",8,18.14.1,True,0.15,perf
2026-08-07 12:35:00,4,user friendly,3,18.14.1,True,0.12,positive
2026-08-07 12:30:00,5,very good awasome,0,18.13.2,True,0.2,positive
2026-08-07 12:20:00,1,very bad experience for a user because they suddenly decrease the mtf margin as per their wish without intimation to traders more charges for mtf and even long term trades as well very disappointing...,2,18.14.1,True,0.1,charges
2026-08-07 12:12:00,5,very easy to use,0,18.13.2,False,,positive
2026-08-07 12:04:00,5,Outstanding application,0,18.14.1,True,0.2,positive
2026-08-07 11:56:00,5,good,0,18.13.2,True,0.13,positive
2026-08-07 11:55:00,1,sbse ghtiya platform h groww bycott,0,18.14.1,True,0.15,unthemed
2026-08-07 11:48:00,5,👍🙂,0,18.14.1,True,0.08,positive
2026-08-07 11:43:00,1,ok,0,18.14.1,True,0.17,unthemed
2026-08-07 11:33:00,2,After a new update ! the first candle shows opposite colour of the direction! on every timeframe which is confusing the direction and trade plans . planning to switch trading app !,8,18.14.1,True,0.15,perf
2026-08-07 11:25:00,2,"this is totally bug now evertime i open it started hang i,m am facing bad experience now please fix your techinal issues",3,18.14.1,True,0.1,perf
2026-08-07 11:22:00,5,nice,0,18.14.1,True,0.07,positive
2026-08-07 11:20:00,5,very good app,0,18.14.1,True,0.1,positive
2026-08-07 11:19:00,5,good,0,18.13.2,True,0.12,positive
2026-08-07 11:18:00,5,nyc withdra,0,18.14.1,True,0.15,positive
2026-08-07 11:17:00,5,best,0,18.14.1,True,0.17,positive
2026-08-07 11:11:00,5,nice app,0,18.13.2,True,0.07,positive
2026-08-07 11:11:00,5,good aap,0,18.14.1,True,0.07,positive
2026-08-07 11:04:00,5,good app,0,18.14.1,True,0.18,positive
2026-08-07 10:57:00,2,pls increase font size in app,0,18.13.2,True,0.12,unthemed
2026-08-07 10:54:00,5,"Superb and so easy access with best Guidance, best suggestions, best indications 👍👍👍",3,18.14.1,True,0.17,positive
2026-08-07 10:53:00,5,very good,0,18.14.1,True,0.18,positive
2026-08-07 10:44:00,5,good,0,18.14.1,True,0.15,positive
2026-08-07 10:43:00,5,good,0,18.14.1,True,0.17,positive
2026-08-07 10:37:00,5,great app sb kch bahoot easy h.....,0,18.14.1,True,0.08,positive
2026-08-07 10:36:00,5,good,0,18.14.1,True,0.1,positive
2026-08-07 10:32:00,4,groww best app hai,0,18.14.1,True,0.17,positive
2026-08-07 10:29:00,5,ok,0,18.13.2,True,0.03,positive
2026-08-07 10:21:00,1,"app doesn't stay active in the background even after giving unrestricted battery usage , always goes to lock screen after latest updates... problem for options traders",2,18.14.1,True,0.08,features
2026-08-07 10:19:00,5,good,0,18.13.2,True,0.12,positive
2026-08-07 10:16:00,5,good 👍 app share market invests by the day,0,18.13.2,True,0.17,positive
2026-08-07 10:15:00,5,good,0,18.11.1,True,0.2,positive
2026-08-07 10:13:00,4,Best and Easiest App for entire investment portfolio.,2,18.13.2,True,-0.5,positive
2026-08-07 10:07:00,5,I'm using past one year Groww is really great application compares with others stock application,1,18.14.1,True,0.13,positive
2026-08-07 10:06:00,5,user friendly and quick response.,3,18.14.1,True,0.15,positive
2026-08-07 10:04:00,4,is good,0,18.14.0,True,0.18,positive
2026-08-07 09:52:00,5,Easy to use app.,0,18.14.1,True,0.2,positive
2026-08-07 09:52:00,5,good,0,18.14.1,True,0.2,positive
2026-08-07 09:51:00,5,very nice 👌 👍 👏 😀,0,18.12.1,True,0.03,positive
2026-08-07 09:41:00,1,Subah morning trading time per bahut slow chalta hai trade Lene Ki Koshish karta hun hu.trade nhi le Pata open hi nahin Hota open Hote Hote trade nikal jata hai 😓😓😬,0,18.13.2,True,0.03,perf
2026-08-07 09:40:00,5,excellent,0,18.14.1,True,0.03,positive
2026-08-07 09:39:00,5,good,0,18.14.1,True,0.05,positive
2026-08-07 09:39:00,4,best,0,18.12.1,True,0.05,positive
2026-08-07 09:33:00,2,very slow service we are open option chain till price is over,0,18.14.1,True,0.18,perf
2026-08-07 09:33:00,5,good 👍,0,18.13.2,True,0.18,positive
2026-08-07 09:32:00,5,good,0,18.13.2,True,0.2,positive
2026-08-07 09:28:00,1,Your app not responding made me lose money.,3,18.14.1,True,-8747.4,unthemed
2026-08-07 09:19:00,1,fantastic broker,0,18.14.1,True,0.12,unthemed
2026-08-07 09:19:00,5,phenomenal product,0,18.14.1,True,0.12,positive
2026-08-07 09:17:00,5,best for stocks and fno,0,18.14.1,True,0.15,positive
2026-08-07 09:16:00,5,super 👍,0,18.13.2,True,0.18,positive
2026-08-07 09:16:00,5,super all,0,18.13.2,True,0.18,positive
2026-08-07 09:11:00,5,Very simple and smooth use.,4,18.14.1,True,0.07,positive
2026-08-07 09:10:00,5,sure,0,18.14.1,True,0.08,positive
2026-08-07 09:00:00,5,good,1,18.13.2,True,0.07,positive
2026-08-07 08:48:00,5,super,1,18.14.1,True,0.08,positive
2026-08-07 08:36:00,1,All apps have low charges but Groww More Charges You also charge less Please,2,18.14.1,True,0.1,charges
2026-08-07 08:29:00,5,good user friendly app👍👍,0,18.13.2,True,0.03,positive
2026-08-07 08:28:00,5,best,0,18.11.1,True,0.05,positive
2026-08-07 08:06:00,1,"Bond Name: Akara Capital Advisors Private Limited (Jan'27) Investment Date: 08 May 2026 Invested Amount: ₹6,100.03 (1 Unit) According to my payout schedule, the total returns (Principal + Interest) I will receive amount to only ₹3,967.08, whereas my invested amount was ₹6,100.03. This shows a massive shortfall/loss, and I was not clearly informed about this secondary market pricing structure at the time of purchase. Please review this transaction, explain the reason behind this heavy variance, a",8,18.14.1,True,0.15,unthemed
2026-08-07 08:03:00,5,good,0,18.14.1,True,0.22,positive
2026-08-07 08:00:00,5,"all ok, also I need it on my laptop but there's a privacy problem",0,18.14.0,True,0.07,positive
2026-08-07 07:43:00,5,v good,0,18.14.1,True,0.17,positive
2026-08-07 07:36:00,5,perfect app for the bigner 👍🏼,0,18.13.2,True,0.1,positive
2026-08-07 07:26:00,5,very easy to navigate app and seen that many news things is coming just like heatmap that's awesome. I am looking for more improvement on it.,5,18.14.1,True,0.08,positive
2026-08-07 07:14:00,5,Excellent app for mutual fund.,1,18.13.2,True,0.2,positive
2026-08-07 06:47:00,5,good 👍,0,18.13.2,True,0.1,positive
2026-08-07 06:45:00,5,very good app .. i like it,0,18.14.1,True,0.13,positive
2026-08-07 06:45:00,2,bahut paise faltu lete hain sab,0,,True,0.13,unthemed
2026-08-07 06:28:00,5,super 👌,0,18.14.1,True,0.05,positive
2026-08-07 06:20:00,3,good,0,,True,0.1,unthemed
2026-08-07 04:40:00,5,good,0,18.13.2,True,0.03,positive
2026-08-07 02:56:00,5,choice is urs it's help purley to survive future no stress💝,0,18.14.1,True,0.13,positive
2026-08-07 01:28:00,1,groww app delete kardo me ne 5 [NAME] us kiya he lekin thik nahi he,0,18.11.1,True,0.05,unthemed
2026-08-07 01:24:00,1,why it's asking 50rs. for mail account update,0,,True,0.03,perf
2026-08-07 01:24:00,5,fantastic 😍,0,18.14.1,True,0.03,positive
2026-08-07 01:10:00,5,bahut destrol badhiya hai,0,18.14.1,True,0.08,positive
2026-08-07 00:35:00,1,bad,0,18.12.1,True,0.12,unthemed
2026-08-07 00:08:00,5,"Best and simplest app for investment! The user interface is very clean and easy to understand. There is no complicated financial language, which makes it perfect for common people. Anyone can start investing in Mutual Funds or Stocks without any confusion. Highly recommended",14,18.13.2,True,0.12,positive
2026-08-06 23:47:00,5,good,0,18.13.2,True,0.1,positive
2026-08-06 23:45:00,5,very good,0,18.14.1,True,0.13,positive
2026-08-06 23:45:00,5,good,0,18.14.1,True,0.13,positive
2026-08-06 23:44:00,5,Excellent App,0,18.14.1,True,0.15,positive
2026-08-06 23:35:00,5,best platform for investment,0,18.13.2,True,0.12,positive
2026-08-06 23:29:00,5,nice app,0,18.14.1,True,0.03,positive
2026-08-06 23:29:00,5,Best app for investors,0,18.13.2,True,0.03,positive
2026-08-06 23:23:00,5,super,0,,True,0.05,positive
2026-08-06 23:21:00,5,good app,0,,True,0.08,positive
2026-08-06 23:03:00,5,Nice !,0,18.13.2,True,0.2,positive
2026-08-06 22:48:00,5,good 👍,0,18.13.2,True,0.08,positive
2026-08-06 22:38:00,5,best investment app,0,18.14.1,True,0.07,positive
2026-08-06 22:35:00,5,nice,0,18.14.1,True,0.12,positive
2026-08-06 22:34:00,5,very good 👍😊,0,18.14.1,True,0.13,positive
2026-08-06 22:31:00,5,nice app,0,18.14.1,True,0.2,positive
2026-08-06 22:22:00,5,good,0,18.13.2,True,0.07,positive
2026-08-06 22:15:00,5,👍,0,18.14.1,True,0.18,positive
2026-08-06 22:14:00,5,ok,0,18.13.2,True,0.02,positive
2026-08-06 22:13:00,1,not tracking SIF,0,18.13.2,True,0.03,unthemed
2026-08-06 22:04:00,5,great app,0,18.14.0,True,0.18,positive
2026-08-06 21:57:00,5,better,0,18.13.2,True,0.12,positive
2026-08-06 21:32:00,5,SuPER,0,18.13.2,True,0.17,positive
2026-08-06 21:24:00,5,Good,0,18.13.2,True,0.03,positive
2026-08-06 21:21:00,4,ok,0,18.14.1,True,0.08,positive
2026-08-06 21:20:00,5,bad,0,18.14.1,True,0.1,positive
2026-08-06 21:18:00,5,exilent,0,18.13.2,True,0.15,positive
2026-08-06 21:18:00,5,good,0,18.13.2,True,0.15,positive
2026-08-06 21:13:00,5,joy,0,18.14.1,True,0.03,positive
2026-08-06 21:12:00,1,rubbish app,0,18.14.1,True,0.05,unthemed
2026-08-06 20:59:00,5,Nice,0,18.14.1,True,0.08,positive
2026-08-06 20:31:00,5,best,0,18.14.0,True,0.18,positive
2026-08-06 20:25:00,5,very good app,0,18.13.2,True,0.1,positive
2026-08-06 20:22:00,5,super,0,18.12.1,True,0.07,positive
2026-08-06 20:18:00,5,good app,0,,True,0.13,positive
2026-08-06 20:09:00,5,good,0,18.14.0,True,0.1,positive
2026-08-06 20:01:00,5,Thank you,0,18.14.1,True,0.05,positive
2026-08-06 20:00:00,5,okay,0,18.13.2,True,0.07,positive
2026-08-06 19:28:00,5,bast aap,0,18.14.1,True,0.05,positive
2026-08-06 19:26:00,5,Not 🚫,0,18.14.1,True,0.08,positive
2026-08-06 19:22:00,5,nice 👍,0,18.13.2,True,0.07,positive
2026-08-06 19:21:00,5,good,0,18.14.1,True,0.08,positive
2026-08-06 19:18:00,5,good very good,0,18.14.1,True,0.13,positive
2026-08-06 19:11:00,5,☺️ exident,0,18.14.1,True,0.07,positive
2026-08-06 18:59:00,5,simple and faster with good features,1,18.14.1,True,0.08,positive
2026-08-06 18:51:00,1,bad,0,18.12.1,True,0.03,unthemed
2026-08-06 18:36:00,1,slow,0,,True,0.1,perf
2026-08-06 18:26:00,5,wow awesome app,0,,True,0.08,positive
2026-08-06 18:25:00,5,super eazy to use,0,18.14.1,True,0.1,positive
2026-08-06 18:12:00,5,V.Good aap,1,18.14.1,True,0.05,positive
2026-08-06 18:06:00,1,bad experience with customer service no response poor service,0,18.14.1,True,0.15,unthemed
2026-08-06 17:56:00,5,Just perfect!,0,18.14.1,True,0.13,positive
2026-08-06 17:53:00,1,not transparent . hidden charges are there.,0,18.14.1,True,0.18,charges
2026-08-06 17:35:00,4,good,0,18.13.2,True,0.12,positive
2026-08-06 17:23:00,5,superb app for SHARE BAZAR,0,18.14.0,True,0.05,positive
2026-08-06 17:19:00,3,experience is Average! not very much good. App is user friendly! but Good bye for now just because of New rule CAS 03.08.2026. totally worthless for the retailer like me. thanks to sebi and I quit indian market and going to uninstall GROWW. thanks,1,18.14.1,True,0.12,unthemed
2026-08-06 17:07:00,5,Good,0,18.13.2,True,0.13,positive
2026-08-06 16:40:00,5,excellent 👌🏻,0,18.12.1,True,0.03,positive
2026-08-06 16:34:00,4,easy &good investment platform,2,18.14.1,True,0.13,positive
2026-08-06 16:23:00,5,NICE APP VERY GOOD DOWNLOAD ANY ANY PEOPLE,0,18.12.1,True,0.05,positive
2026-08-06 16:19:00,5,all the best 👍,0,17.55,True,0.12,positive
2026-08-06 16:09:00,5,good groww app,0,18.14.1,True,0.1,positive
2026-08-06 16:08:00,5,Star,0,,True,0.12,positive
2026-08-06 15:56:00,5,I want an old update one.. this new update not good,0,,True,-0.05,positive
2026-08-06 15:46:00,1,"too bad 👎 customer care not conect, and too much charges, false charges add ,",2,18.14.1,True,0.12,"support,charges"
2026-08-06 15:40:00,5,good app 👍,0,18.14.1,True,0.03,positive
2026-08-06 15:32:00,5,it is best for beginners believe me it has a better ui and clean setup,3,18.14.1,True,0.17,positive
2026-08-06 15:27:00,5,It is a very good platform for investing.,1,18.14.1,True,0.07,positive
2026-08-06 15:25:00,1,"very disappointed! Platform and internal changes is too high. Always deduct balance every time you buy or sell, even after a minute... 😡😡😡😡",3,18.13.2,True,0.1,"money,charges"
2026-08-06 15:14:00,4,good investment app,0,,True,0.2,positive
2026-08-06 15:03:00,5,best,1,18.14.1,True,0.2,positive
2026-08-06 14:59:00,5,good,0,18.14.1,True,0.08,positive
2026-08-06 14:59:00,4,good work my loss iss very 👍,0,18.14.1,True,0.08,positive
2026-08-06 14:58:00,5,very nice apps,0,18.14.1,True,0.12,positive
2026-08-06 14:47:00,1,order not place rs520 mv stock today,0,18.13.2,True,0.1,unthemed
2026-08-06 14:44:00,5,good app,0,18.14.0,True,0.15,positive
2026-08-06 14:43:00,4,very fast aap,0,16.64,True,0.17,positive
2026-08-06 14:40:00,5,best 👌,0,18.14.1,True,0.03,positive
2026-08-06 14:38:00,5,very much & very nice 👍,0,18.14.1,True,0.07,positive
2026-08-06 14:36:00,4,good,0,18.14.1,True,0.1,positive
2026-08-06 14:36:00,4,Nice,0,18.14.1,True,0.12,positive
2026-08-06 14:12:00,5,ok,0,18.13.2,True,0.05,positive
2026-08-06 13:59:00,5,"Some SIPs for the month of Aug have been failed, rest one of the best app.",2,18.13.2,True,0.08,positive
2026-08-06 13:53:00,5,very nice 👍,0,18.14.1,True,0.18,positive
2026-08-06 13:51:00,5,good,0,18.12.1,True,0.03,positive
2026-08-06 13:37:00,5,best,0,18.14.1,True,0.08,positive
2026-08-06 13:34:00,5,very good,0,18.14.1,True,0.13,positive
2026-08-06 13:05:00,5,good,0,18.14.1,True,0.15,positive
2026-08-06 13:00:00,5,"Charges are high, but it's a good app.",1,18.14.1,True,0.07,positive
2026-08-06 13:00:00,5,It's best way for investment,0,18.14.1,True,0.07,positive
2026-08-06 12:53:00,1,no costumer support I have called more than 10 times but no reply from their side 😞😞,2,18.14.1,True,0.18,support
2026-08-06 12:53:00,5,"Great app for investing and all about market news. Daily mover or losers stocks and other. Excellent for investing, Market news. They give Daily bases E-mails for news stocks. That's great 😃. Very Very usefull and smooth. Thanks Groww giving this type of masterpiece App♥️.",4,18.14.1,True,0.2,positive
2026-08-06 12:47:00,5,very easy best app any trading,1,18.14.1,True,0.1,positive
2026-08-06 12:43:00,1,they are say less brokerage charge more very bad experience and also when you sell your stock at market they your stock at less price . it's much better I give year subscription fees to zerodha. they atlest to not charge unnecessary. I donot know what kind of external charges and tax they are taking,9,18.14.1,True,-0.02,charges
2026-08-06 12:36:00,5,good,0,18.14.1,True,0.1,positive
2026-08-06 12:32:00,1,"The Groww app lacks easy interface features for those bidding for OFS shares. There is no way you can find out your allotment status. The FAQs are useless. Though there are other good features, this is a major drawback. The order history and chatbot are also clueless in this regard, though customer care confirm successful OFS bidding. Complete waste of time.",14,18.14.1,True,0.17,support
2026-08-06 12:32:00,5,👍,0,18.13.2,True,0.18,positive
2026-08-06 12:25:00,1,my information is shared without my consent to open market i am getting random calls from 3rd party brokers platforms. I never gave any consent to share me information. The day i opened groww app i get calls from open market. please check on this.,20,18.14.1,True,0.1,unthemed
2026-08-06 12:22:00,5,awasome,0,15.26,True,0.07,positive
2026-08-06 12:22:00,5,good,0,18.13.1,True,0.07,positive
2026-08-06 12:21:00,5,good,0,17.94.1,True,0.08,positive
2026-08-06 12:12:00,5,thanks for making my work easY,0,18.14.1,True,0.05,positive
2026-08-06 12:11:00,5,good,0,18.13.2,True,0.07,positive
2026-08-06 12:09:00,5,best application for investing stocks and mutual fund,0,18.7.1,True,0.1,positive
2026-08-06 12:07:00,5,ok,0,18.14.1,True,0.15,positive
2026-08-06 11:50:00,5,good,0,18.14.1,True,0.05,positive
2026-08-06 11:47:00,5,great platform..!,0,18.14.1,True,0.1,positive
2026-08-06 11:37:00,5,good 👍,0,18.14.1,True,0.08,positive
2026-08-06 11:36:00,3,after updating lots of anomaly. when we buy option it does not appear in position directly. limit order buy and target gets failed or execute at different level,6,18.14.1,True,0.1,features
2026-08-06 11:33:00,5,nice,0,18.12.1,True,0.15,positive
2026-08-06 11:29:00,4,thabks,0,18.11.1,True,0.03,positive
2026-08-06 11:25:00,5,nice 👍 experience,0,18.10.1,True,0.1,positive
2026-08-06 11:23:00,4,nice,0,18.14.1,True,0.05,positive
2026-08-06 11:18:00,5,good,0,18.14.0,True,0.13,positive
2026-08-06 11:16:00,1,bad app .. fraud app dont download app.. 1 tap exit me seedha 10 point kams meyexit krte h..chart me.manupulate karte hae.. they will automatically reduce your buying price and make huge loss in next day.. I don't know how they did it with retailers... I have facing many losses due to app glitch issue.. they don't give me any refund.. so I deleted this app... worst experience.. they vanish my 1 lakh rupees although I have screenshot of my payment but they didn't gave me refund..,207,18.14.1,True,-7891.57,"features,perf"
2026-08-06 11:14:00,4,charge High,0,18.13.2,True,0.2,positive
2026-08-06 11:08:00,5,👍,0,18.12.1,True,0.12,positive
2026-08-06 10:59:00,5,"Groww App* 📈💰 India-র সবচেয়ে Popular Investment App গুলোর মধ্যে একটা। *1. Groww App এ কি কি করা যায়?* *Main Features:* - *Stocks*: Zero brokerage তে Delivery Trading - *Mutual Funds*: Direct Mutual Fund - 0% Commission - *US Stocks*: Apple, Tesla, Google এর শেয়ার কিনতে পারবেন - *IPO*: নতুন IPO তে Apply করা - *Gold, FD, F&O*: Digital Gold আর Fixed Deposit ও আছে",0,18.14.1,True,0.08,positive
2026-08-06 10:58:00,5,Best treding app,0,18.10.1,True,0.1,positive
2026-08-06 10:57:00,3,order process is too much delay that's why i rated 3 star,1,18.13.2,True,0.12,unthemed
2026-08-06 10:50:00,5,good,0,18.14.0,True,0.05,positive
2026-08-06 10:33:00,5,good,0,18.14.0,True,0.15,positive
2026-08-06 10:32:00,5,it is an excellent app for trade,0,,True,0.17,positive
2026-08-06 10:29:00,5,nice,0,18.14.1,True,0.03,positive
2026-08-06 10:28:00,5,fantastic,0,18.14.1,True,0.05,positive
2026-08-06 10:19:00,5,Nice 👍,0,18.14.1,True,0.12,positive
2026-08-06 10:16:00,1,Bahut charge cut karta hai .chor company hai itna charge leta hai.abe groww company tera jyada ghamand ho gya kya kai company scalping ke liye suvidha de rha hai application me or tera koi suvidha nhi hai website pe .trade karte hai to screen par dhan jaisa p/L dikhta nhi na target set hota hai.2 salo se me tera application use kar rha hn ab lagta hai chorna padega .,0,18.14.1,True,-11988.95,charges
2026-08-06 10:16:00,5,nice,0,,True,0.17,positive
2026-08-06 10:14:00,5,best app,0,18.14.0,True,0.2,positive
2026-08-06 10:14:00,5,outstanding,0,18.14.1,True,0.22,positive
2026-08-06 10:12:00,5,Best In User Friendly Interface,0,18.14.1,True,0.05,positive
2026-08-06 10:05:00,1,import of external funds not working properly. it's pop-up to mfcentral and sends an OTP option then no otp will be received at the registered mobile. kindly look into issue,5,18.14.1,True,0.17,money
2026-08-06 10:03:00,5,very good,0,18.13.2,True,0.2,positive
2026-08-06 10:02:00,5,the best app,0,,True,0.03,positive
2026-08-06 09:57:00,5,GOOD,0,18.14.1,True,0.12,positive
2026-08-06 09:55:00,5,Best trading platform,0,18.13.2,True,0.17,positive
2026-08-06 09:55:00,5,good,0,18.14.1,True,0.17,positive
2026-08-06 09:51:00,5,best flatform all stock market,0,18.12.1,True,0.03,positive
2026-08-06 09:47:00,5,very nice,0,18.14.1,True,0.1,positive
2026-08-06 09:45:00,5,nice,0,18.14.1,True,0.15,positive
2026-08-06 09:45:00,1,LIC OFS shares did not get credited even though applied before 2 pm and account had that much money,2,18.14.1,True,0.15,unthemed
2026-08-06 09:37:00,5,nice,0,18.14.1,True,0.08,positive
2026-08-06 09:37:00,5,very nice,0,18.14.1,True,0.08,positive
2026-08-06 09:35:00,5,good 👍,0,18.14.1,True,0.12,positive
2026-08-06 09:33:00,5,Financially nice app,0,18.13.2,True,0.17,positive
2026-08-06 09:32:00,5,"Nice App, speed is much better than other trading apps 👍",0,18.14.1,True,0.18,positive
2026-08-06 09:32:00,5,very good,0,18.14.1,True,0.18,positive
2026-08-06 09:32:00,5,great 👍,0,18.13.2,True,0.2,positive
2026-08-06 09:29:00,5,Good,0,,True,0.03,positive
2026-08-06 09:26:00,5,nic,0,18.14.1,True,0.08,positive
2026-08-06 09:25:00,5,very fantastic,0,18.14.1,True,0.12,positive
2026-08-06 09:24:00,4,Plz compare yourself with zerodha. Zerodha doesn't charge On equity. And your charges are slightly high.,1,18.14.1,True,0.03,positive
2026-08-06 09:23:00,1,I would say the worst broker for trading🤢,0,,True,0.05,unthemed
2026-08-06 09:21:00,5,nice 👍👍👍,0,18.14.1,True,0.08,positive
2026-08-06 09:18:00,4,best dashboard,0,18.13.2,True,0.15,positive
2026-08-06 09:13:00,5,nice platform,0,18.14.1,True,0.03,positive
2026-08-06 09:13:00,1,app install but now able to continue always scrolling,0,,True,0.03,unthemed
2026-08-06 09:10:00,5,good experience,0,18.14.1,True,0.08,positive
2026-08-06 09:06:00,5,very good,0,18.13.2,True,0.17,positive
2026-08-06 09:04:00,5,best,0,18.14.1,True,0.2,positive
2026-08-06 09:00:00,1,Withdrawal unsuccessful trying to get connect with an expert since last 24 hours no any response received from groww worst service ever i just want my money back as early as possible then i am going to uninstall this app,2,18.14.1,True,0.07,money
2026-08-06 09:00:00,5,best combo demat plateform. Using Groww since 2018. but slight improvement is required in indicators,2,18.14.1,True,0.07,positive
2026-08-06 08:58:00,4,good,0,18.4.3,True,0.1,positive
2026-08-06 08:49:00,5,Good App,0,,True,0.07,positive
2026-08-06 08:41:00,3,onething question why u guys doing like this every new vision update will be come most then taking the storage MB pls make sure stop taking like this it's request not order pls understand 🙏,0,18.12.1,True,0.2,perf
2026-08-06 08:22:00,5,nice,1,18.14.1,True,0.07,positive
2026-08-06 08:19:00,5,GOOD 👍,0,18.14.1,True,0.12,positive
2026-08-06 08:17:00,5,good and simple app,0,18.14.1,True,0.15,positive
2026-08-06 08:06:00,4,good,0,18.13.2,True,0.15,positive
2026-08-06 07:57:00,5,good,0,18.14.1,True,0.12,positive
2026-08-06 07:44:00,5,good job,0,18.14.1,True,0.15,positive
2026-08-06 07:40:00,1,three update every week what the hell,0,18.14.1,True,0.03,perf
2026-08-06 07:36:00,1,too much of updates,0,18.13.2,True,0.1,unthemed
2026-08-06 07:27:00,5,nice,0,18.14.1,True,0.07,positive
2026-08-06 07:21:00,4,all is ok 👌 but trading 📈 isn't easy,0,18.14.1,True,0.08,positive
2026-08-06 07:09:00,5,good,0,18.14.1,True,0.1,positive
2026-08-06 06:56:00,5,good app,0,,True,0.13,positive
2026-08-06 06:43:00,5,super,0,18.14.1,True,0.17,positive
2026-08-06 06:35:00,5,good,0,18.13.2,True,0.12,positive
2026-08-06 06:28:00,3,"When i updated the app to version 18.14.1, the most important feature of Scalper Mode disappered and i am not able to do scalping from the new version now. What type of update is this ?? Please make the ""Scalper Mode"" available again",6,18.14.1,True,0.05,perf
2026-08-06 06:22:00,5,best and easy operating all step,0,18.13.2,True,0.07,positive
2026-08-06 05:50:00,4,👍,0,18.14.1,True,0.05,positive
2026-08-06 05:45:00,2,very nice,0,18.11.1,True,0.13,unthemed
2026-08-06 05:40:00,5,👍,0,18.11.1,True,0.03,positive
2026-08-06 04:11:00,5,thik hai,0,,True,0.07,positive
2026-08-06 03:43:00,5,best trading app,0,18.13.2,True,0.17,positive
2026-08-06 03:04:00,5,verry good working,0,18.14.0,True,0.18,positive
2026-08-06 02:47:00,5,very simple,0,18.14.1,True,0.1,positive
2026-08-06 01:18:00,1,Myr app,0,16.78,True,0.13,unthemed
2026-08-06 01:16:00,5,"🚩जय महाराष्ट्र! 🚩 गुंतवणुकीचा प्रवास सोपा करणारे एक उत्कृष्ट ऍप्लिकेशन स्वच्छ इंटरफेस,जलद सेवा आणि छान अनुभव. संपूर्ण Groww टीमचे अभिनंदन आणि शुभेच्छा! 🚩जय जिजाऊ जय शिवराय जय शंभुराजे जय भगवान 🚩",0,18.14.1,True,0.17,positive
2026-08-06 01:16:00,1,DAY 25.worst app doesn't have proper solution despite email for grievance on pledge holding.never ever pledge your Holding in groww. your grievance and support team is full useless.NO COMPENSATION BEING GIVEN ONLY DELAY CHARGES WAVING OFFERED,4,18.14.1,True,-320.57,"support,charges"
2026-08-06 01:08:00,5,"The best user-friendly application, ever made.",1,18.14.1,True,0.12,positive
2026-08-06 01:08:00,5,thik hai all the best,0,18.14.1,True,0.12,positive
2026-08-06 00:59:00,5,Easy to use,0,18.14.1,True,0.08,positive
2026-08-06 00:56:00,5,good,0,18.14.1,True,0.13,positive
2026-08-06 00:35:00,5,nice 👍,0,18.14.1,True,0.12,positive
2026-08-06 00:11:00,5,good application,0,18.14.1,True,0.05,positive
2026-08-06 00:01:00,4,nice 👍,0,18.14.1,True,0.05,positive
2026-08-05 23:55:00,5,better application 👍,0,18.13.2,True,-62.48,positive
2026-08-05 23:36:00,1,bad vry,0,18.9.0,True,0.1,unthemed
2026-08-05 23:34:00,4,good,0,,True,0.13,positive
2026-08-05 23:26:00,5,best,0,18.14.1,True,0.08,positive
2026-08-05 23:11:00,5,Excellent 👌,0,18.13.2,True,0.07,positive
2026-08-05 22:49:00,5,good,0,18.14.1,True,0.07,positive
2026-08-05 22:39:00,5,ok,0,18.13.2,True,0.05,positive
2026-08-05 22:32:00,1,"Aware Hidden charges, very high commission. in a equity trading 10-20rs for each buying. if you are planning to invest daily you will be charged 7000INR annually for single stock. but I have been using this app since 2022 but now I am realising. i never use this app again.",5,18.14.1,True,-0.47,charges
2026-08-05 22:29:00,5,very nice and good service,1,18.1.1,True,-8.23,positive
2026-08-05 22:23:00,5,Excellent app! Very easy to use with a clean interface Investing is simple and smooth The only improvement I would suggest is making the app a bit faster especially while loading the portfolio Overall a fantastic experience Highly recommended! ⭐⭐⭐⭐⭐,4,18.14.1,True,0.05,positive
2026-08-05 22:14:00,5,great experience using the smooth ui ux,1,18.13.2,True,0.2,positive
2026-08-05 22:14:00,5,very fast very nice app,0,18.14.1,True,0.2,positive
2026-08-05 21:57:00,5,Nice experience in groww app,0,18.10.1,True,0.12,positive
2026-08-05 21:57:00,5,Best Investment,1,18.14.1,True,0.13,positive
2026-08-05 21:35:00,5,good 👍👍,1,18.7.0,True,0.12,positive
2026-08-05 21:27:00,5,very easy to use,0,18.14.1,True,0.07,positive
2026-08-05 21:24:00,5,good,0,18.13.2,True,0.03,positive
2026-08-05 21:23:00,1,I don't like it,0,,True,0.05,unthemed
2026-08-05 21:18:00,5,accha,0,18.13.2,True,0.15,positive
2026-08-05 21:09:00,5,good,0,18.14.0,True,0.1,positive
2026-08-05 21:07:00,5,excellent,0,18.14.1,True,0.13,positive
2026-08-05 21:06:00,5,okok,0,18.13.2,True,0.15,positive
2026-08-05 20:30:00,5,after update and connecting to my pc. i can't find scalper mode in my phone app. please solve this or i permanently close my demat account from groww,4,18.14.1,True,0.2,positive
2026-08-05 19:47:00,5,ok,0,18.14.1,True,0.1,positive
2026-08-05 19:45:00,1,Groww is becoming the worst day by day. My hdfc dividend did not come in the bank and my bond payment did not come. The support team is not always answering. I've been using groww for a long time but now it's performing worst day by day and increasing its charges. Zerodha is better option,0,17.78,True,0.13,"support,charges"
2026-08-05 19:29:00,3,beter,0,18.14.1,True,0.03,unthemed
2026-08-05 19:03:00,1,bekar h,0,,True,0.2,unthemed
2026-08-05 18:55:00,1,Not new indicator not templet for indicator save not brokrej scheme for scalper bad stop loss system over all groww not for option trading👎😡,1,18.8.1,True,0.15,features
2026-08-05 18:35:00,1,brokareg charges very toomuch iam earn 800rupes brokareg charges 470 rupes,0,18.14.1,True,-1.7,charges
2026-08-05 18:30:00,5,good,0,18.12.1,True,0.2,positive
2026-08-05 18:20:00,5,good,0,17.95.2,True,0.1,positive
2026-08-05 18:15:00,5,good,0,18.13.2,True,0.18,positive
2026-08-05 18:14:00,5,ok ok,0,18.14.1,True,0.2,positive
2026-08-05 17:59:00,5,"after update groww , i am unable to find one tap scalper mode",2,18.14.1,True,0.08,positive
2026-08-05 17:55:00,1,groww minimum dilevery buying selling charge every in 100 rupees very high charges produced.,0,17.9,True,0.15,charges
2026-08-05 17:46:00,5,very good 👏👏,0,18.13.2,True,0.12,positive
2026-08-05 17:28:00,5,good application,0,18.14.1,True,0.05,positive
2026-08-05 17:18:00,4,good,0,18.14.1,True,0.13,positive
2026-08-05 17:18:00,5,wonderfull knowledge,0,18.14.1,True,0.13,positive
2026-08-05 17:16:00,5,fast working,0,18.13.2,True,0.18,positive
2026-08-05 17:11:00,5,Good,0,18.14.1,True,0.07,positive
2026-08-05 16:53:00,4,Okey,0,18.14.1,True,0.18,positive
2026-08-05 16:51:00,4,userinterface is really v.very nice any chance understand easily especially Biggers but charges are very costly,8,18.10.1,True,0.03,positive
2026-08-05 16:50:00,4,Agar life mei aur jyada groww karna hai to apne mobile app pe ofs bidding ka feature add Karo Add Karo ; Groww karo ; life mei Groww karo 😉😊😊,0,,True,0.05,positive
2026-08-05 16:43:00,4,good,0,,True,0.18,positive
2026-08-05 16:36:00,5,excellent,0,18.14.1,True,0.1,positive
2026-08-05 16:33:00,1,"You People Are Leaking Our Data, Many Companies Calling Me And Telling Me That They Will Give Me Advise To Trading... 4-5 Calls A Day...",1,18.14.1,True,0.15,unthemed
2026-08-05 16:29:00,5,good 👍,0,18.14.1,True,0.03,positive
2026-08-05 16:25:00,3,"In the ""Compare funds"" section, can you also add overlap info",12,18.14.1,True,0.1,unthemed
2026-08-05 16:14:00,4,fabulous,0,18.13.2,True,0.2,positive
2026-08-05 15:57:00,5,masa Allah,0,18.14.1,True,0.12,positive
2026-08-05 15:54:00,5,good,0,18.13.2,True,0.17,positive
2026-08-05 15:48:00,5,excellent,0,18.13.2,True,0.08,positive
2026-08-05 15:39:00,5,nice app,0,18.14.1,True,0.05,positive
2026-08-05 15:38:00,5,groww is good,0,18.14.1,True,0.07,positive
2026-08-05 15:25:00,1,this app is literally fake app I was deposited 500 rupees and now I want to withdraw but my withdrawal money showing zero,4,18.14.1,True,0.1,money
2026-08-05 15:24:00,1,Other brokers allow OFS applications until 3:25–3:30 PM but Groww's cutoff is only 2:00 PM. This is too early and can make investors miss the OFS opportunity while the actual market window is still open. Groww should extend the OFS cutoff to match the official bidding time.,3,18.13.2,True,-0.33,unthemed
2026-08-05 15:19:00,5,good,0,18.14.1,True,0.12,positive
2026-08-05 14:57:00,5,very nice app,0,18.14.1,True,0.12,positive
2026-08-05 14:50:00,5,Good,0,18.13.2,True,0.05,positive
2026-08-05 14:48:00,5,good,0,18.13.2,True,0.08,positive
2026-08-05 14:40:00,4,nice,0,18.12.1,True,0.03,positive
2026-08-05 14:33:00,3,"Dear Groww kindly add VWAP on chart, as other brokers provide VWAP directly over chart. it will help to improve our trading experience.",1,18.14.1,True,0.15,features
2026-08-05 14:26:00,5,ye app Paisa ka kuwa hai jitna sako utna le lo,0,18.13.2,True,0.08,positive
2026-08-05 14:22:00,5,good,0,18.10.1,True,0.07,positive
2026-08-05 13:57:00,5,good app thanks,0,18.13.2,True,0.12,positive
2026-08-05 13:46:00,5,"very smooth experience, very easy to understand",0,18.13.2,True,0.12,positive
2026-08-05 13:44:00,5,good,0,18.14.1,True,0.15,positive
2026-08-05 13:42:00,5,good👍,0,18.14.1,True,0.18,positive
2026-08-05 13:39:00,5,Growing with Groww,0,18.13.2,True,0.05,positive
2026-08-05 13:32:00,5,very nice 👍,0,18.14.1,True,0.17,positive
2026-08-05 13:29:00,5,so helpful,0,18.14.1,True,0.03,positive
2026-08-05 13:25:00,5,good,0,18.12.1,True,0.1,positive
2026-08-05 13:23:00,5,nice 👍,0,18.13.2,True,0.05,positive
2026-08-05 13:18:00,5,wonder,0,18.10.1,True,0.13,positive
2026-08-05 12:58:00,5,mastt,0,18.13.2,True,0.1,positive
2026-08-05 12:57:00,5,good,0,18.14.1,True,0.12,positive
2026-08-05 12:54:00,5,ok,0,18.13.2,True,0.17,positive
2026-08-05 12:48:00,5,good experience,0,18.14.1,True,0.08,positive
2026-08-05 12:46:00,5,then better but my f&o segment on nhi ho pa rha bank account bhi select nhi ho rha,0,18.12.1,True,0.12,positive
2026-08-05 12:37:00,5,"Excellent tool. To add, for a first time investor in the stock market this tool is very simple to understand, gives a lot of metrics to make decisions as well as post purchase real time tracking is definitely well designed. Hope to see an expansion to purchasing more into the international market, and not having to sign up for other tools outside GROWW. this should be a one stop shop for all markets.",10,18.14.1,True,-0.72,positive
2026-08-05 12:36:00,5,ok,0,18.13.2,True,0.1,positive
2026-08-05 12:21:00,5,excellent 👌,0,18.14.1,True,0.08,positive
2026-08-05 12:16:00,5,great,0,18.13.2,True,0.17,positive
2026-08-05 12:16:00,5,super,0,18.14.1,True,0.17,positive
2026-08-05 12:11:00,5,good 😊,0,18.13.2,True,0.07,positive
2026-08-05 12:09:00,5,nice,0,18.14.1,True,0.1,positive
2026-08-05 12:01:00,5,good app,0,18.13.2,True,0.05,positive
2026-08-05 11:49:00,5,very good,0,18.14.1,True,0.07,positive
2026-08-05 11:45:00,5,very Good 👍,0,18.14.1,True,0.13,positive
2026-08-05 11:44:00,3,good,0,18.2.1,True,0.15,unthemed
2026-08-05 11:35:00,5,nice,0,18.14.0,True,0.12,positive
2026-08-05 11:33:00,5,nice application,0,18.14.1,True,0.15,positive
2026-08-05 11:33:00,4,Event is not modified with OFS. link for OFS is not available in groww app.,1,18.14.1,True,-13337.53,positive
2026-08-05 11:32:00,5,Nice,0,18.14.1,True,0.17,positive
2026-08-05 11:30:00,4,Good,0,18.13.2,True,0.22,positive
2026-08-05 11:28:00,5,👍👍👍,0,18.14.1,True,0.05,positive
2026-08-05 11:20:00,5,the Best app for f&0,0,18.12.1,True,0.1,positive
2026-08-05 11:20:00,5,It's Awesome 😎,0,18.14.0,True,0.1,positive
2026-08-05 11:13:00,3,I'm not interested with new update i think this is unnecessary chart on f&o section,2,18.14.1,True,0.03,"features,perf"
2026-08-05 11:11:00,1,my trading screen is not showing live graph of stocks. very difficult to trade,1,18.14.1,True,0.07,unthemed
2026-08-05 11:09:00,5,good,1,18.14.0,True,0.1,positive
2026-08-05 11:00:00,5,good,0,18.14.1,True,0.07,positive
2026-08-05 11:00:00,5,Good Aapp,0,18.13.2,True,0.07,positive
2026-08-05 10:59:00,5,good application for me,0,18.13.2,True,0.08,positive
2026-08-05 10:52:00,5,brokerage is high so lot of my friends are using zerodha app,0,18.13.2,True,0.22,positive
2026-08-05 10:45:00,5,jordar he,0,18.12.1,True,0.13,positive
2026-08-05 10:45:00,5,good,0,18.14.1,True,0.13,positive
2026-08-05 10:41:00,3,ok good super,0,18.14.0,True,0.2,unthemed
2026-08-05 10:38:00,5,this too much very very happy this app using in my life it level,1,18.14.1,True,0.07,positive
2026-08-05 10:36:00,1,"for more than five days, it shows that my account is still under process and I'm unable to buy anything",0,,True,0.1,unthemed
2026-08-05 10:30:00,5,Guru ek behtarin platform Hai iske [NAME] Koi aur Sahi nahin,0,18.14.0,True,0.2,positive
2026-08-05 10:28:00,4,"My Groww account is F&O enabled and I have previously used the old Scalper Mode. I'm on app version 18.14.1 (Android 16), but the Scalper Mode is no longer visible in the F&O Explore tab. Please confirm whether it has been disabled for my account or removed permanently?",5,18.13.2,True,0.05,positive
2026-08-05 10:24:00,1,"When selling stocks, a network issue appears even after entering the OTP, and the shares do not get sold.",4,18.14.1,True,0.03,money
2026-08-05 10:20:00,5,Too good to used..support team also very good,0,18.13.2,True,0.1,positive
2026-08-05 10:13:00,5,Good app,0,18.11.1,True,0.03,positive
2026-08-05 10:08:00,1,good,0,18.13.2,True,0.12,unthemed
2026-08-05 10:08:00,2,Best app with the third class website in the market. worst website in the segment for trading and analysis.,0,,True,0.12,unthemed
2026-08-05 10:07:00,5,excellent experience,0,18.13.2,True,0.15,positive
2026-08-05 10:05:00,5,very nice app,0,18.13.2,True,0.18,positive
2026-08-05 10:03:00,5,Very Fast Withdrawal,0,18.14.1,True,0.22,positive
2026-08-05 10:02:00,5,super,0,18.13.2,True,0.03,positive
2026-08-05 09:59:00,5,amazing 🤩,0,18.11.1,True,0.08,positive
2026-08-05 09:57:00,5,good,0,18.14.1,True,0.12,positive
2026-08-05 09:55:00,5,good,0,18.13.2,True,0.17,positive
2026-08-05 09:54:00,5,Nice,0,18.13.2,True,0.18,positive
2026-08-05 09:52:00,5,hey it's a 10/10 platform for trading and more but I'm facing withdrawal problem I just wanted to withdraw money and add more capital so I hope it will be solved soon dear groww 🫶🏻,2,18.14.1,True,0.22,positive
2026-08-05 09:51:00,5,nice,0,18.14.1,True,0.03,positive
2026-08-05 09:50:00,5,नए निवेशक के लिए चलाने में अत्यधिक सुगम एवं सरल है,0,18.14.0,True,0.05,positive
2026-08-05 09:46:00,3,good,0,18.13.2,True,0.13,unthemed
2026-08-05 09:44:00,5,very good,0,18.14.0,True,0.17,positive
2026-08-05 09:39:00,5,Good 👍,0,18.13.2,True,0.05,positive
2026-08-05 09:39:00,5,👍👍,0,18.14.1,True,0.05,positive
2026-08-05 09:36:00,5,good,0,18.13.2,True,0.1,positive
2026-08-05 09:35:00,5,good,0,18.13.2,True,0.13,positive
2026-08-05 09:31:00,5,good,0,18.13.2,True,0.2,positive
2026-08-05 09:31:00,5,mast hai ji,0,,True,0.2,positive
2026-08-05 09:31:00,5,best ट्रेडिंग app,0,18.13.2,True,0.22,positive
2026-08-05 09:29:00,5,good app,0,18.14.1,True,0.03,positive
2026-08-05 09:23:00,5,great,0,18.14.1,True,0.05,positive
2026-08-05 09:20:00,5,it's the best platform i have used to invest in stock. better user friendly dashboard and easy interface to understand the things.,4,18.13.2,True,-11.9,positive
2026-08-05 09:19:00,5,very nice 👍,0,,True,0.12,positive
2026-08-05 09:14:00,5,excellent,0,18.14.0,True,0.22,positive
2026-08-05 09:10:00,5,good,0,18.14.1,True,0.08,positive
2026-08-05 09:09:00,2,"No OI details are showing under Nifty50 but it's present under Sensex. Users need PE RATIO details, Please fix this ASAP.",10,18.14.1,True,0.1,unthemed
2026-08-05 09:07:00,5,Thank You Groww Team.😍,0,16.54,True,0.13,positive
2026-08-05 09:06:00,5,nice app,0,,True,0.17,positive
2026-08-05 08:56:00,5,good,0,18.14.1,True,0.13,positive
2026-08-05 08:44:00,5,easy for use,0,,True,0.15,positive
2026-08-05 08:43:00,5,good one,0,18.14.1,True,0.17,positive
2026-08-05 08:42:00,5,excellent service,0,18.14.1,True,0.18,positive
2026-08-05 08:42:00,5,good,0,18.14.1,True,0.2,positive
2026-08-05 08:37:00,5,trust,0,18.13.2,True,0.08,positive
2026-08-05 08:36:00,5,very nice,0,18.14.1,True,0.1,positive
2026-08-05 08:33:00,5,Very Easy,0,18.13.2,True,0.17,positive
2026-08-05 08:23:00,5,good 😊,0,18.13.2,True,0.05,positive
2026-08-05 08:21:00,5,good growth,0,18.14.1,True,0.08,positive
2026-08-05 08:12:00,1,this Broker giving false advertising iam going to consumer court against them 😡,0,,True,0.05,unthemed
2026-08-05 08:12:00,5,excellent,0,18.14.1,True,0.05,positive
2026-08-05 08:09:00,5,good,0,18.14.1,True,0.12,positive
2026-08-05 08:03:00,5,👌,0,18.10.1,True,0.22,positive
2026-08-05 07:55:00,5,Groww is more Grow,0,18.14.1,True,0.15,positive
2026-08-05 07:34:00,5,very easy and friendly user Application....,1,18.14.1,True,0.13,positive
2026-08-05 07:29:00,5,thank you ok,0,18.13.2,True,0.03,positive
2026-08-05 07:26:00,5,"im ues long times this app ,it's good 👍",0,,True,0.08,positive
2026-08-05 07:19:00,5,Nice 👍,0,18.13.2,True,0.12,positive
2026-08-05 07:06:00,2,"groww is scamming company, they are looting your money, brokerage, charges high, hiddenly stealing balance be careful",0,16.44,True,0.15,"money,charges"
2026-08-05 06:24:00,1,"There is a problem with the app, upi is not working. When I click on upi, it says ""UPI is not available on your device To continue securely, disconnect the USB connection to proceed."" even though there is no usb connected. Restart, reinstall, clear data & checked developer options",8,18.14.1,True,0.03,"features,money"
2026-08-05 06:02:00,5,Best platform,0,18.14.1,True,0.03,positive
2026-08-05 04:49:00,5,good,0,18.14.1,True,0.07,positive
2026-08-05 02:30:00,1,illegal updates and fraud app...koi download mat Karo barbad ho jaoge.,0,,True,0.2,unthemed
2026-08-05 02:24:00,5,bahut achchha plat form hai..,0,18.13.2,True,0.03,positive
2026-08-05 02:06:00,5,Very Recommended app,0,18.13.2,True,0.15,positive
2026-08-05 01:50:00,5,💎,0,18.14.0,True,0.05,positive
2026-08-05 00:52:00,4,u.s ke stocks ke ly kab laa rahe ho apna bhai america mai investment karne k ly grow chy btao,0,18.13.2,True,0.2,positive
2026-08-05 00:46:00,5,Best platform 👍,0,18.14.1,True,0.12,positive
2026-08-05 00:37:00,5,bohut acha app hai,0,18.14.1,True,0.08,positive
2026-08-05 00:35:00,5,very nice app,0,18.10.1,True,0.12,positive
2026-08-05 00:34:00,3,"I have been using the Groww app for four years, and it is very user-friendly; however, I have been facing some issues recently. The app isn't displaying the full charts—for instance, the monthly chart for Nifty only shows data up to 2022, and the 15-minute or 5-minute timeframe charts only show data up to January 2026 . additionally I am unable to use any indicator on the Nifty chart and the volume data isn't showing up either.Please fix this, Groww.",3,,True,-0.13,features
2026-08-05 00:31:00,5,Really good app with less charges,0,18.13.2,True,0.18,positive
2026-08-05 00:18:00,5,good and easy,0,18.14.0,True,0.13,positive
2026-08-05 00:05:00,5,good 😊⭐⭐⭐⭐,0,18.13.2,True,0.17,positive
2026-08-04 23:59:00,5,good funds,0,18.14.0,True,0.08,positive
2026-08-04 23:57:00,5,great use,0,18.12.1,True,0.12,positive
2026-08-04 23:41:00,5,super 👍,0,18.14.1,True,0.2,positive
2026-08-04 23:29:00,5,Best App,0,18.14.1,True,0.03,positive
2026-08-04 23:25:00,5,great 😃,0,18.14.1,True,0.1,positive
2026-08-04 23:11:00,5,excellent,0,18.14.1,True,0.07,positive
2026-08-04 23:05:00,5,best experience,0,14.54,True,0.17,positive
2026-08-04 22:39:00,5,good and easy to use,0,18.3.1,True,0.05,positive
2026-08-04 22:20:00,5,very good,0,18.14.1,True,0.1,positive
2026-08-04 22:19:00,3,ok,0,18.0.0,True,0.12,unthemed
2026-08-04 22:11:00,5,good app,0,,True,0.07,positive
2026-08-04 22:03:00,4,good,0,18.14.1,True,0.2,positive
2026-08-04 22:00:00,5,nice,0,18.14.1,True,0.07,positive
2026-08-04 21:58:00,4,good,0,18.14.0,True,0.1,positive
2026-08-04 21:53:00,5,weary good,0,18.6.1,True,0.18,positive
2026-08-04 21:47:00,5,"Quick funding solution,,",0,,True,-146.9,positive
2026-08-04 21:31:00,5,if grow take Rs-10/exit order then this full cmpleted app for stock app must be faster runing time,3,18.14.1,True,0.0,positive
2026-08-04 21:29:00,5,best,0,18.14.1,True,0.03,positive
2026-08-04 21:28:00,5,mast,0,18.11.1,True,0.05,positive
2026-08-04 21:23:00,4,to good,0,18.13.2,True,0.05,positive
2026-08-04 21:20:00,5,very good,0,18.14.1,True,0.1,positive
2026-08-04 21:16:00,5,Best apps,0,18.12.1,True,0.18,positive
2026-08-04 21:14:00,5,good,0,18.14.1,True,0.22,positive
2026-08-04 21:12:00,1,"I reported several issues on this app and all I heard back from the customer support was to update/re-install the app. It did not solve anything and I also had to redo all the indicators and settings which I had already set up. Also, all other broker apps are incorporating better features for more convenient trading and charge only Rs.10/order. But this app is getting worse and still charges Rs.20/order. So I'm actively planning on switching to a different broker app.",16,18.14.1,True,-0.95,"support,charges"
2026-08-04 21:05:00,2,compulsory update given or not opening.. bad,0,18.7.1,True,0.17,perf
2026-08-04 20:27:00,5,good 👍,0,18.13.2,True,0.07,positive
2026-08-04 20:15:00,5,"""Exceptional app! The user interface is clean, intuitive, and seamless to navigate. Everything runs smoothly without any glitches. Highly recommended for anyone looking for a reliable and efficient experience.""",4,18.14.1,True,0.18,positive
2026-08-04 20:14:00,5,it's a very good trading platform,0,18.13.2,True,0.2,positive
2026-08-04 20:08:00,1,very danger hacking app,0,,True,0.12,unthemed
2026-08-04 19:59:00,5,ok,0,18.14.1,True,0.08,positive
2026-08-04 19:48:00,5,owsome,0,18.11.1,True,0.08,positive
2026-08-04 19:38:00,5,Trusted app for real ones if I say about it then it is..,0,18.14.1,True,0.07,positive
2026-08-04 19:09:00,4,Please Daily sip options available,0,18.14.1,True,0.1,positive
2026-08-04 18:57:00,5,good,0,18.13.2,True,0.12,positive
2026-08-04 18:44:00,1,disappointed with the UX. ICICI direct has a much better ux.,3,18.14.1,True,0.15,unthemed
2026-08-04 18:40:00,3,"I really love using the Groww app. The interface is simple, smooth, and one of the best investing platforms I've used. I have one request: if possible, please add support for investing in international stocks, especially U.S., Japanese, and other global markets. At the moment, I have to use other brokers to buy foreign stocks. It would be amazing if I could manage both Indian and international investments in a single app thank u 💞",5,,True,0.03,support
2026-08-04 18:38:00,5,Good and trust application,0,18.14.1,True,0.07,positive
2026-08-04 18:13:00,1,worst app,0,,True,0.03,unthemed
2026-08-04 18:07:00,5,super for begniers,0,18.13.2,True,0.13,positive
2026-08-04 18:01:00,5,good 👍,0,18.13.2,True,0.05,positive
2026-08-04 17:59:00,5,Dam good,0,18.14.1,True,0.08,positive
2026-08-04 17:45:00,1,lots of glitches. money disappears often leading to massive stress and headache. happened to both my account and my mother's account. My mother's money came back but mine is yet to tally.,0,,True,0.13,unthemed
2026-08-04 17:33:00,5,nice app,0,18.14.0,True,0.15,positive
2026-08-04 17:17:00,5,very good,0,18.14.1,True,0.15,positive
2026-08-04 17:12:00,5,"very easy to operate, grate application.",2,18.13.2,True,0.05,positive
2026-08-04 17:12:00,5,excellent,0,18.13.2,True,0.05,positive
2026-08-04 17:09:00,5,good,0,18.13.2,True,0.1,positive
2026-08-04 17:08:00,4,Good app.,0,18.14.0,True,0.13,positive
2026-08-04 16:44:00,4,suggestion: allow user to make separate folios for investing in same funds for different financial goals.,0,18.14.1,True,0.15,positive
2026-08-04 16:39:00,5,This was good investment,0,,True,0.05,positive
2026-08-04 16:08:00,5,I like this app and very useful for our career,0,,True,0.12,positive
2026-08-04 16:01:00,5,it's good,0,18.14.0,True,0.05,positive
2026-08-04 16:01:00,5,Woohoo 🙌,0,18.13.2,True,0.05,positive
2026-08-04 15:48:00,3,good,1,18.13.2,True,0.08,unthemed
2026-08-04 15:47:00,5,best,0,18.14.1,True,0.1,positive
2026-08-04 15:40:00,5,"Nice for investing in mutual fund ,stock market etc.",1,18.14.1,True,0.03,positive
2026-08-04 15:36:00,5,Good app,0,18.13.2,True,0.1,positive
2026-08-04 15:08:00,5,Good 👍,0,18.12.1,True,0.12,positive
2026-08-04 15:05:00,1,Terrible support from the support team.,2,18.14.1,True,0.17,support
2026-08-04 15:02:00,1,brokrage charge very high,0,18.14.1,True,0.03,charges
2026-08-04 14:54:00,5,good app much better,0,18.14.0,True,0.17,positive
2026-08-04 14:52:00,5,good suggestions for me,0,18.13.2,True,0.22,positive
2026-08-04 14:44:00,5,nice,0,18.13.2,True,0.15,positive
2026-08-04 14:39:00,5,thank you,0,18.13.2,True,0.05,positive
2026-08-04 14:26:00,5,good app,0,18.13.2,True,0.08,positive
2026-08-04 14:24:00,5,it is good working no fake,0,18.14.0,True,0.03,positive
2026-08-04 14:18:00,5,nice app i m loving it🥰,1,18.13.2,True,-117.05,positive
2026-08-04 14:06:00,2,"Whenever I invest, the market hits my stop-loss and then falls.",6,18.14.1,True,-12556.38,unthemed
2026-08-04 14:02:00,5,very nice app,0,18.14.0,True,0.03,positive
2026-08-04 13:56:00,5,new Update,0,18.13.2,True,-71.23,positive
2026-08-04 13:49:00,5,profit nhi hota hai 🥲🤌,0,18.14.0,True,0.07,positive
2026-08-04 13:41:00,5,very nice,0,18.13.2,True,0.2,positive
2026-08-04 13:36:00,5,good 😊,0,18.13.2,True,0.1,positive
2026-08-04 13:29:00,4,excellent trading app,0,18.0.0,True,0.03,positive
2026-08-04 13:08:00,1,💓,1,18.13.2,True,0.12,unthemed
2026-08-04 13:05:00,2,scaling ka option achha tha ab use krne me maja nhi aa raha hai,0,,True,0.17,unthemed
2026-08-04 12:54:00,5,ok,0,18.14.1,True,0.17,positive
2026-08-04 12:53:00,5,good,0,18.14.1,True,0.18,positive
2026-08-04 12:45:00,5,excellent,0,18.13.2,True,0.13,positive
2026-08-04 12:43:00,5,investing groww app best ⭐⭐⭐⭐⭐,0,18.14.0,True,0.17,positive
2026-08-04 12:28:00,1,"customer care services sucks, zero value of our time .",0,18.14.0,True,0.05,support
2026-08-04 12:28:00,5,overall hastle free,0,18.13.2,True,0.05,positive
2026-08-04 12:15:00,5,"Groww is a very good app. It's simple to use, easy to understand, and great for beginners to start investing.",5,18.14.0,True,-10502.73,positive
2026-08-04 12:11:00,4,good,0,18.14.1,True,0.07,positive
2026-08-04 12:07:00,5,very nice and better experience thanks,0,18.13.2,True,0.13,positive
2026-08-04 11:59:00,3,"Groww has increased the DP charges a lot, and the DP charges are also very high.""",0,18.14.1,True,0.08,charges
2026-08-04 11:57:00,4,it's very god app,0,18.13.2,True,0.12,positive
2026-08-04 11:57:00,5,good,0,18.11.1,True,0.12,positive
2026-08-04 11:31:00,5,Good,0,18.13.2,True,0.18,positive
2026-08-04 11:30:00,5,good aap best aap,0,18.13.2,True,0.2,positive
2026-08-04 11:17:00,5,user friendly,0,18.14.0,True,0.15,positive
2026-08-04 11:15:00,5,good aap,0,18.14.0,True,0.18,positive
2026-08-04 11:11:00,1,Pathetic Customer support. They are not trained enough to support you. They are asking to contact other broker..,0,,True,0.07,support
2026-08-04 11:06:00,5,good,0,18.8.1,True,0.15,positive
2026-08-04 11:04:00,5,Nice,1,18.14.1,True,0.18,positive
2026-08-04 10:55:00,5,It is very easy to maintain and switch or buy by groww . you can grow with groww,1,18.14.1,True,0.15,positive
2026-08-04 10:53:00,4,is not open the app,0,18.14.1,True,0.18,positive
2026-08-04 10:53:00,5,verry good,0,18.13.2,True,0.18,positive
2026-08-04 10:50:00,5,very nice,0,18.13.2,True,0.05,positive
2026-08-04 10:50:00,5,very useful and best platform,0,18.12.1,True,0.05,positive
2026-08-04 10:50:00,1,very bad,0,18.14.0,True,0.05,unthemed
2026-08-04 10:50:00,3,good,0,18.13.2,True,0.07,unthemed
2026-08-04 10:48:00,5,❤️,0,18.14.0,True,0.1,positive
2026-08-04 10:44:00,5,good 👍,0,18.13.2,True,0.17,positive
2026-08-04 10:43:00,5,good aapp,1,18.14.1,True,0.2,positive
2026-08-04 10:42:00,1,biggest red flag it bring update every week,0,18.13.2,True,0.22,perf
2026-08-04 10:29:00,5,good app for anybody intermediate and advance men,2,18.14.1,True,-0.03,positive
2026-08-04 10:27:00,1,F&O Charge Is Not Stable Profit Hua rs-100 Charge laga 80 🥴 Loot Macha Rakha He,0,,True,0.07,"features,charges"
2026-08-04 10:25:00,4,good,0,18.13.2,True,0.1,positive
2026-08-04 10:22:00,5,very well,0,18.13.2,True,0.07,positive
2026-08-04 10:20:00,5,good 👍,0,18.13.2,True,0.1,positive
2026-08-04 10:15:00,5,Good apps,0,18.14.0,True,0.18,positive
2026-08-04 10:13:00,5,good profit,0,18.13.2,True,0.03,positive
2026-08-04 10:10:00,5,"Clean beginner friendly, even my parents use this.",1,18.14.1,True,0.08,positive
2026-08-04 10:09:00,5,fantastic and growing app,0,18.13.2,True,0.1,positive
2026-08-04 10:09:00,5,🥰,0,18.14.1,True,0.12,positive
2026-08-04 10:08:00,5,Good 👍,0,18.14.1,True,0.13,positive
2026-08-04 10:04:00,5,Good for beginners,0,18.14.0,True,0.2,positive
2026-08-04 10:03:00,5,"very friendly, simple, easy driven",1,18.14.0,True,0.23,positive
2026-08-04 10:03:00,5,👍,0,,True,0.23,positive
2026-08-04 09:59:00,5,good,0,18.14.0,True,0.08,positive
2026-08-04 09:55:00,5,good,0,18.12.1,True,0.15,positive
2026-08-04 09:52:00,5,super,0,18.14.0,True,0.22,positive
2026-08-04 09:50:00,1,"After updating..No india VIX index, scalping mode hide.... is this update?",4,18.14.1,True,0.05,perf
2026-08-04 09:48:00,5,excellent 👌,1,18.14.1,True,0.08,positive
2026-08-04 09:45:00,3,not good,0,18.9.0,True,0.13,unthemed
2026-08-04 09:43:00,5,its good,0,18.13.2,True,0.18,positive
2026-08-04 09:40:00,5,verigood,0,18.13.2,True,0.03,positive
2026-08-04 09:30:00,5,good,0,18.14.0,True,0.2,positive
2026-08-04 09:27:00,5,good,0,18.13.2,True,0.07,positive
2026-08-04 09:23:00,5,वेरी वेरी गॉर्जियस प्लेटफार्म,0,18.13.2,True,0.05,positive
2026-08-04 09:22:00,5,best app,0,18.13.2,True,0.07,positive
2026-08-04 09:22:00,5,excellent,0,18.14.0,True,0.07,positive
2026-08-04 09:21:00,1,App is crashing a lot while going forth and back checking mutual funds stocks.,0,,True,0.1,unthemed
2026-08-04 09:19:00,5,very good,0,18.13.2,True,0.13,positive
2026-08-04 09:16:00,5,best,0,18.13.2,True,0.2,positive
2026-08-04 09:15:00,4,good aap,0,18.13.2,True,0.22,positive
2026-08-04 09:13:00,1,crazy brokerage+ charges. More than profit,0,18.13.2,True,0.03,charges
2026-08-04 09:12:00,5,best,0,,True,0.05,positive
2026-08-04 09:08:00,5,excellent,1,18.13.2,True,0.12,positive
2026-08-04 08:56:00,5,very good,0,18.12.1,True,0.13,positive
2026-08-04 08:53:00,5,good,0,18.13.2,True,0.2,positive
2026-08-04 08:52:00,5,fantastic,0,18.14.0,True,0.22,positive
2026-08-04 08:50:00,4,very good 👍,0,18.13.2,True,0.05,positive
2026-08-04 08:46:00,5,Good,0,18.13.2,True,0.12,positive
2026-08-04 08:45:00,4,nice 👍 for bigner,0,18.12.1,True,0.13,positive
2026-08-04 08:35:00,5,super,0,18.13.2,True,0.1,positive
2026-08-04 08:32:00,5,very good very helpful,0,18.7.1,True,0.15,positive
2026-08-04 08:24:00,1,i Can't open in Samsung A04e mobile .App stuck in intial permission screen,0,,True,0.03,perf
2026-08-04 08:14:00,5,good platform for investment,0,18.13.2,True,0.2,positive
2026-08-04 08:13:00,5,superrrrrrb,0,18.9.0,True,0.03,positive
2026-08-04 08:12:00,1,The withdrawal process is very slow and also very worst customer service. The period of withdrawal took nearly 7-8 days. This is very disappointing.,7,18.14.1,True,0.05,"perf,money"
2026-08-04 08:12:00,5,It is usefull very good app,1,18.14.1,True,0.05,positive
2026-08-04 08:09:00,5,Easy Access App,1,18.14.1,True,0.12,positive
2026-08-04 08:08:00,5,good,0,,True,0.13,positive
2026-08-04 08:04:00,5,good,0,18.14.1,True,0.2,positive
2026-08-04 07:59:00,4,very easy and convenient to operate.,0,18.12.1,True,0.08,positive
2026-08-04 07:53:00,5,best and easy for use,1,18.13.2,True,0.18,positive
2026-08-04 07:38:00,5,great app stock market investment,1,18.14.1,True,0.07,positive
2026-08-04 07:26:00,5,good 😊,1,18.14.1,True,0.08,positive
2026-08-04 07:11:00,5,nice 👍,0,18.13.2,True,0.07,positive
2026-08-04 07:07:00,5,groww best aap,1,18.14.1,True,0.13,positive
2026-08-04 07:01:00,5,i am loving it... Groww's UI is one of the best.,2,18.13.2,True,0.05,positive
2026-08-04 06:56:00,5,good apps for investment,0,18.14.0,True,0.13,positive
2026-08-04 06:47:00,3,good 👍,0,18.13.2,True,0.1,unthemed
2026-08-04 06:29:00,5,ok,0,18.0.0,True,0.03,positive
2026-08-04 06:12:00,5,nice,0,18.11.1,True,0.05,positive
2026-08-04 06:11:00,5,good platform for investment of mutual funds and shares.,3,18.14.1,True,0.07,positive
2026-08-04 05:36:00,5,👍,0,18.13.2,True,0.1,positive
2026-08-04 04:33:00,5,excellent experience,0,18.13.2,True,0.15,positive
2026-08-04 04:21:00,5,actually when compared to other apps grow is user friendly and literally superb I love this one..thank u grow,2,18.13.2,True,0.08,positive
2026-08-04 03:33:00,5,good work,0,18.4.3,True,0.15,positive
2026-08-04 02:28:00,5,excellent 👌,0,18.14.0,True,0.05,positive
2026-08-04 02:09:00,5,good,0,,True,0.1,positive
2026-08-04 01:48:00,5,very nice stocks mutual fund,0,,True,0.08,positive
2026-08-04 01:45:00,5,Goo apps,1,18.14.1,True,0.13,positive
2026-08-04 01:38:00,1,ok,0,,True,0.07,unthemed
2026-08-04 01:30:00,5,ok,0,18.14.0,True,0.2,positive
2026-08-04 01:04:00,5,good 👍🏻,0,18.13.2,True,0.18,positive
2026-08-04 00:24:00,5,nice,0,18.13.2,True,0.03,positive
2026-08-04 00:06:00,5,gatan 4,0,18.14.1,True,0.15,positive
2026-08-03 23:59:00,5,cool,0,18.11.1,True,0.08,positive
2026-08-03 23:55:00,5,fantastic,0,18.13.2,True,0.15,positive
2026-08-03 23:40:00,5,good,0,18.11.1,True,0.03,positive
2026-08-03 23:09:00,5,Very very good,0,18.14.0,True,0.1,positive
2026-08-03 22:50:00,5,"Latest update of adding family accounts is very good, please add also an option to track or view family dashboard which shows combined value of all the portfolios. It'll be the best feature",9,18.14.1,True,0.05,positive
2026-08-03 22:50:00,5,money makes money that's how u make money this app is way of making money,0,18.13.2,True,0.05,positive
2026-08-03 22:49:00,1,"Absolutely Useless App Earlier mobile interface, features was Best, now day by day becoming Wrost, only Charges higher. nothing else Useless Trading app not recommended for trading purpose.",3,18.14.1,True,0.07,charges
2026-08-03 22:48:00,5,very good,0,18.13.2,True,0.1,positive
2026-08-03 22:40:00,5,Good Platform,1,18.14.1,True,0.03,positive
2026-08-03 22:40:00,1,"My experience with the customer support (call centre) was highly disappointing. I was advised to wait for two banking working days for the funds to be reflected in my Groww account. As instructed, I uploaded proof showing that the amount had been debited from my bank account. Despite this, the customer support team informed me that they were unable to trace the transaction or locate the funds in Groww's account. This situation was extremely frustrating and, at one point, I seriously considered t",17,18.14.1,True,0.03,"support,money"
2026-08-03 22:29:00,1,"stop forcing Autopay idiots, after this update I can't invest my money without Autopay, remove this.. function",5,18.14.1,True,0.03,perf
2026-08-03 22:26:00,5,nice,0,18.13.2,True,-5.92,positive
2026-08-03 22:24:00,4,good,0,18.13.2,True,0.03,positive
2026-08-03 22:15:00,5,ok,0,18.14.0,True,0.18,positive
2026-08-03 22:12:00,5,good,0,18.13.2,True,0.05,positive
2026-08-03 22:02:00,5,good,0,18.12.1,True,0.03,positive
2026-08-03 22:00:00,5,excellent,0,18.13.2,True,0.07,positive
2026-08-03 21:49:00,5,good,0,18.14.1,True,-0.57,positive
2026-08-03 21:46:00,1,chart is not working smoothly,2,18.13.2,True,0.12,features
2026-08-03 21:41:00,4,nice,0,18.13.2,True,0.2,positive
2026-08-03 21:37:00,5,good apk,0,18.14.1,True,0.08,positive
2026-08-03 21:29:00,5,excellent,0,18.14.0,True,0.03,positive
2026-08-03 21:18:00,5,Nice,0,18.14.1,True,0.13,positive
2026-08-03 21:13:00,5,"Now after these many years, and some disappointment in the early stages, I can say that Groww has improved a lot and has been really really great at judging what users need. Good work. Now if possible roll out some program where people can choose a different brokerage plan rather than this flat brokerage system so that higher volume and frequency traders get some advantage.",12,18.14.1,True,0.03,positive
2026-08-03 21:04:00,5,very simple and useful features...👍,0,,True,0.18,positive
2026-08-03 20:54:00,5,very good,1,18.14.1,True,0.17,positive
2026-08-03 20:53:00,5,today's I feel better when I recieved 4+ profit,1,18.14.1,True,0.18,positive
2026-08-03 20:28:00,5,❤️❤️❤️❤️❤️,0,18.8.1,True,0.05,positive
2026-08-03 20:28:00,5,must h bhai,0,18.14.1,True,0.05,positive
2026-08-03 20:18:00,5,perfect app,0,18.8.1,True,0.13,positive
2026-08-03 19:54:00,5,very good 👍,0,18.14.0,True,0.17,positive
2026-08-03 19:53:00,5,very good,0,18.14.1,True,0.18,positive
2026-08-03 19:52:00,5,Good User friendly app,0,18.13.2,True,0.2,positive
2026-08-03 19:52:00,5,best aapp hai to reach the top and.....,1,18.14.1,True,0.22,positive
2026-08-03 19:50:00,1,good aap,0,18.14.1,True,0.05,unthemed
2026-08-03 19:44:00,5,good,0,18.14.0,True,0.15,positive
2026-08-03 19:35:00,5,trust app,0,18.14.0,True,0.12,positive
2026-08-03 19:08:00,1,app stuck during making account,0,18.13.2,True,0.12,perf
2026-08-03 19:01:00,5,good app for the stock market,0,18.14.0,True,0.05,positive
2026-08-03 18:52:00,5,but didn't opening,1,18.14.1,True,0.2,positive
2026-08-03 18:48:00,5,this app so good but I learn this stock and trading for 1 week easy to earn money 🤑,1,18.14.0,True,0.08,positive
2026-08-03 18:41:00,5,Good,0,18.14.0,True,0.2,positive
2026-08-03 18:33:00,5,nice,0,18.12.1,True,0.15,positive
2026-08-03 18:31:00,2,"Ever seen an app where you have to click thrice or more to view the market depth? here it is... and also, you cant buy or sell when you are viewing the market depth. go back to another page, and place order. 2hat does that mean? you never are sure at what price you are buying or selling. hate this app... 😡😡😡",13,18.14.1,True,0.18,unthemed
2026-08-03 18:30:00,5,Good,0,18.13.2,True,0.22,positive
2026-08-03 18:23:00,5,good 👍👍 nice 👍 nice good,0,18.14.0,True,0.05,positive
2026-08-03 18:14:00,4,A good app has a good interface for beginners.Better feeling using upi and money receiving.Thank you for your valuable system maintenance Yogeshwara m p,1,18.13.2,True,0.2,positive
2026-08-03 18:10:00,3,I don't know whether it's like what I tell,0,18.13.2,True,0.08,unthemed
2026-08-03 18:10:00,4,👍,0,18.14.0,True,-0.1,positive
2026-08-03 17:52:00,5,Nice day,0,18.13.2,True,-5.62,positive
2026-08-03 17:50:00,5,very nice app. very easy to understand. in the app there is very clear information about our investment. I like this app very much. 👍👍,2,18.14.0,True,0.05,positive
2026-08-03 17:42:00,5,charge bahut lete ho,0,18.13.2,True,0.18,positive
2026-08-03 17:35:00,4,very good,0,18.13.2,True,0.12,positive
2026-08-03 17:31:00,2,so many delayed to open chart please fix this 😔😕,0,,True,0.18,features
2026-08-03 17:18:00,5,good,0,18.13.2,True,0.13,positive
2026-08-03 17:09:00,4,Outstanding broker,0,18.13.2,True,0.1,positive
2026-08-03 16:50:00,5,👌,0,18.13.2,True,0.05,positive
2026-08-03 16:39:00,4,good,0,18.13.2,True,0.05,positive
2026-08-03 16:37:00,1,run karo,0,18.13.2,True,0.08,unthemed
2026-08-03 16:27:00,5,good and easy process,0,18.14.0,True,-2.02,positive
2026-08-03 16:18:00,5,very good,0,15.91,True,0.13,positive
2026-08-03 16:10:00,5,many many times groww app hanging,0,18.13.2,True,0.08,positive
2026-08-03 16:01:00,5,nice,0,18.12.1,True,0.05,positive
2026-08-03 15:54:00,5,very good,0,18.13.2,True,0.17,positive
2026-08-03 15:54:00,5,good 👍,0,18.14.0,True,0.18,positive
2026-08-03 15:43:00,5,very good 👍😊👍,0,18.14.0,True,0.17,positive
2026-08-03 15:38:00,3,currently I am experiencing too much off lags and loading scene while close and open time not sometimes it's regularly seeing same while trading it's need to be fast and easy,3,18.14.0,True,0.07,perf
2026-08-03 15:37:00,5,excellent,0,18.13.2,True,0.08,positive
2026-08-03 15:36:00,5,good,0,18.13.2,True,0.1,positive
2026-08-03 15:30:00,5,good,0,18.14.0,True,0.22,positive
2026-08-03 15:29:00,5,excellent working condition,0,18.13.2,True,0.03,positive
2026-08-03 15:19:00,1,charges too much,0,18.14.0,True,0.12,charges
2026-08-03 15:19:00,1,"groww is good in mutual fund , other wise it isa BAKWAS app , I am using if since 2021 , they cannot correct my share price , which got transfer from unlisted to listed in share market , every time I am talking to c care and telling my problem , but a big disappointed answer is coming from their side । zerodha is best",1,,True,0.12,unthemed
2026-08-03 15:16:00,4,I guess it's one of the best app for treading. Very easy to handle as a first time user in stock market. Everything is very easy to understand and segmented on different portions. One problem is I can't increase Sip money instantly. It has to be wait for 6 months to 1 year. That's a problematic part i guess.,9,18.13.2,True,0.17,positive
2026-08-03 15:14:00,5,excellent,0,18.13.2,True,0.22,positive
2026-08-03 15:10:00,5,super,0,18.13.2,True,0.08,positive
2026-08-03 15:06:00,5,good,0,18.14.0,True,0.15,positive
2026-08-03 15:01:00,5,nice 👍,0,18.13.2,True,0.05,positive
2026-08-03 14:44:00,5,nice,0,18.12.1,True,0.15,positive
2026-08-03 14:36:00,5,It's a perfect app for biggeners. absolutely fine. the app provide you everything. the payment is very easy and secure,2,18.13.2,True,0.1,positive
2026-08-03 14:35:00,5,good 👍,0,18.13.2,True,0.12,positive
2026-08-03 14:26:00,1,"Loading problem always in groww app 🤣and Hanging problem & more problems in groww app,intraday charge very costly 😡😓",2,18.13.2,False,,"perf,charges"
2026-08-03 14:26:00,4,"USER FRIENDLY , Good trading Application for Beginners, Keep going",0,18.13.2,True,0.08,positive
2026-08-03 14:18:00,5,very good,0,18.13.2,True,0.13,positive
2026-08-03 14:05:00,5,good,0,18.13.2,True,0.17,positive
2026-08-03 13:56:00,5,Excellent,0,18.8.1,True,0.13,positive
2026-08-03 13:54:00,5,i am learn this tred,0,,True,0.17,positive
2026-08-03 13:40:00,5,good,0,18.13.2,True,0.03,positive
2026-08-03 13:40:00,5,good,0,18.13.2,True,0.03,positive
2026-08-03 13:35:00,5,very nice,0,18.13.2,True,0.13,positive
2026-08-03 13:31:00,5,good,0,18.14.0,True,0.2,positive
2026-08-03 13:28:00,1,earlier it had icon to load multiple charts on single screen which is missing now layout to split screen for various indices chart it had become pathetic after updates my older phones has layout icon but the recent does not no customer support,5,18.13.2,True,0.05,"support,perf"
2026-08-03 13:27:00,1,Chart experience is very bad in mobile app,0,18.14.0,True,0.07,features
2026-08-03 13:25:00,5,good,0,18.14.0,True,0.1,positive
2026-08-03 13:17:00,1,"Hi, the app is good enough but thae charges are very high.",2,18.14.0,True,0.15,charges
2026-08-03 13:03:00,1,Customer service is very poor they don't pick up the phone or cancel the sip has also taken penalty or you should extend the app time is also not getting updated,3,18.13.2,True,0.2,money
2026-08-03 13:00:00,5,best,0,18.13.2,True,0.07,positive
2026-08-03 13:00:00,4,excellent 👌,0,18.13.2,True,0.07,positive
2026-08-03 12:56:00,5,very good,0,18.10.1,True,0.13,positive
2026-08-03 12:51:00,5,Good,0,18.13.2,True,0.03,positive
2026-08-03 12:45:00,5,good 👍🏻,0,18.13.2,True,0.13,positive
2026-08-03 12:43:00,5,Super app and user friendly,1,18.14.0,True,0.18,positive
2026-08-03 12:38:00,5,very good service & easy to use all functions,2,18.14.0,True,0.07,positive
2026-08-03 12:38:00,5,I trust this app 💝,0,18.13.2,True,0.07,positive
2026-08-03 12:34:00,5,hey can you modify this application for tablet because this application not working in landscape mode only graf showing in landscape,2,18.13.2,True,0.13,positive
2026-08-03 12:33:00,2,overall good but too many charges 😔 1 buy + sell order (fno) cause me 92. brokerage 40 and external charges 50😅.,2,18.13.2,True,0.17,charges
2026-08-03 12:31:00,5,nice,0,18.13.2,True,0.2,positive
2026-08-03 12:27:00,5,good,0,18.13.2,True,0.07,positive
2026-08-03 12:26:00,5,nice application,0,18.13.2,True,0.08,positive
2026-08-03 12:23:00,5,okay,0,18.12.1,True,0.05,positive
2026-08-03 12:20:00,4,good 👍,0,18.12.1,True,0.1,positive
2026-08-03 12:11:00,5,good,0,18.13.2,True,0.07,positive
2026-08-03 12:05:00,5,good,0,18.13.2,True,0.17,positive
2026-08-03 12:00:00,1,bad customer service,0,18.13.2,True,0.07,unthemed
2026-08-03 12:00:00,5,thank you,0,18.13.2,True,0.07,positive
2026-08-03 11:54:00,1,very bad experience,0,,True,0.17,unthemed
2026-08-03 11:50:00,4,good,0,18.14.0,True,0.05,positive
2026-08-03 11:43:00,5,good,0,18.13.2,True,0.17,positive
2026-08-03 11:29:00,3,Good,0,18.13.2,True,0.03,unthemed
2026-08-03 11:24:00,5,nice,0,18.13.2,True,0.03,positive
2026-08-03 11:17:00,1,worst app for options trading,2,18.13.2,True,0.15,features
2026-08-03 11:10:00,5,good,0,18.13.2,True,0.08,positive
2026-08-03 11:10:00,5,its really grow,0,18.13.2,True,0.08,positive
2026-08-03 11:05:00,5,great experience,0,18.13.2,True,0.17,positive
2026-08-03 11:00:00,5,sab kuch aasani se dekh sakte he,0,,True,0.07,positive
2026-08-03 11:00:00,1,"REMEMBER THAT GROWW IS THE WORST APP FOR TRADING SINCE IT HAS A LOT OF DELAYS ON ITS ORDER PLACING AND CHART UPDATION ACTIVITIES , I WOULD HIGHLY RECOMMEND DHAN FOR TRADING ACTIVITIES GROWW WON'T LET YOU GROWW..",2,18.13.2,True,0.07,features
2026-08-03 10:58:00,5,good apps I am satisfied..,0,18.12.1,True,0.1,positive
2026-08-03 10:57:00,5,i Just wish to get a t shirt 👕 from Groww coz my Friend had too got so I too wish to get one from my Groww Family!😄,0,18.13.2,True,0.13,positive
2026-08-03 10:56:00,1,stock market price difference intraday,0,18.13.2,True,0.15,unthemed
2026-08-03 10:53:00,5,good app,0,18.13.2,True,0.2,positive
2026-08-03 10:50:00,5,great,0,18.13.2,True,0.05,positive
2026-08-03 10:49:00,5,superb,0,18.11.1,True,0.07,positive
2026-08-03 10:49:00,5,Good,0,18.13.2,True,0.08,positive
2026-08-03 10:44:00,5,good,0,18.14.0,True,0.17,positive
2026-08-03 10:41:00,5,best in the market,0,18.13.2,True,0.23,positive
2026-08-03 10:41:00,5,good,0,18.13.2,True,0.23,positive
2026-08-03 10:40:00,5,very nice aap and very good service,0,18.13.2,True,0.03,positive
2026-08-03 10:37:00,5,very excited,0,17.55,True,0.08,positive
2026-08-03 10:37:00,5,Excellent Trading way,0,18.14.0,True,0.1,positive
2026-08-03 10:36:00,1,"Brother, this is a very bad app. It calls and later deducts a lot of tax. How does it make it go away? First time it will show the property once or twice and after that FIR will be lodged and gradually it will go into minus.",4,18.14.0,True,0.12,charges
2026-08-03 10:35:00,5,good,0,18.13.2,True,0.13,positive
2026-08-03 10:35:00,4,Till now no problem in trading or anything. smoothly working sometimes it lags but no major issues. easy execution and easy withdrawal and deposit system,7,18.13.2,True,0.15,positive
2026-08-03 10:32:00,4,good,0,18.14.0,True,0.2,positive
2026-08-03 10:29:00,5,good app,0,18.13.2,True,0.03,positive
2026-08-03 10:23:00,5,good app,0,18.11.1,True,0.05,positive
2026-08-03 10:19:00,3,ADD SWP OPTION. AND GIVE OPTION OF TRANSFER MUTUAL FUNDS TO OUR CHILDREN.,0,18.13.2,True,0.12,unthemed
2026-08-03 10:13:00,5,good,0,18.13.2,True,0.03,positive
2026-08-03 10:08:00,5,good,0,18.13.2,True,0.12,positive
2026-08-03 10:08:00,2,average,0,18.13.2,True,0.12,unthemed
2026-08-03 10:08:00,5,Good phivcha1r,0,18.13.2,True,0.13,positive
2026-08-03 10:06:00,1,"Very bad Groww app, Angel app is good",0,18.13.2,True,0.17,unthemed
2026-08-03 10:00:00,5,well done,0,18.13.2,True,0.07,positive
2026-08-03 10:00:00,5,👍,0,18.13.2,True,0.07,positive
2026-08-03 09:57:00,5,good 👍,0,18.13.2,True,0.12,positive
2026-08-03 09:54:00,5,good,0,18.14.0,True,0.18,positive
2026-08-03 09:52:00,5,Very good apps,0,18.13.2,True,0.22,positive
2026-08-03 09:51:00,5,nice 👍🙂,0,18.13.2,True,0.03,positive
2026-08-03 09:48:00,5,best for beginners,0,18.13.2,True,0.08,positive
2026-08-03 09:48:00,5,wonder full 🌝,0,18.13.2,True,0.08,positive
2026-08-03 09:46:00,5,very nice 👍,0,18.13.2,True,0.13,positive
2026-08-03 09:43:00,5,excellent,0,18.14.0,True,0.18,positive
2026-08-03 09:35:00,5,best,0,18.13.2,True,0.12,positive
2026-08-03 09:35:00,5,good,0,18.13.2,True,0.12,positive
2026-08-03 09:35:00,5,good,0,18.13.2,True,0.12,positive
2026-08-03 09:34:00,5,good,0,18.13.2,True,0.15,positive
2026-08-03 09:33:00,5,great app,0,18.13.2,True,0.17,positive
2026-08-03 09:32:00,3,thik,0,18.13.2,True,0.18,unthemed
2026-08-03 09:32:00,5,very easy for beginners,0,18.13.2,True,0.2,positive
2026-08-03 09:30:00,5,ok,0,18.13.2,True,0.23,positive
2026-08-03 09:27:00,5,nice app.,0,18.14.0,True,0.07,positive
2026-08-03 09:25:00,5,ok,0,18.13.2,True,0.1,positive
2026-08-03 09:22:00,5,nice,0,18.14.0,True,0.07,positive
2026-08-03 09:20:00,5,super 😍👍,0,,True,0.1,positive
2026-08-03 09:18:00,5,good app,0,18.13.2,True,0.15,positive
2026-08-03 09:15:00,5,very good,0,18.13.2,True,0.2,positive
2026-08-03 09:14:00,5,nice,0,18.13.2,True,0.22,positive
2026-08-03 09:13:00,5,An app which takes care of everything there is related to investing,1,18.14.0,True,0.03,positive
2026-08-03 09:09:00,5,nice,0,18.9.0,True,0.1,positive
2026-08-03 09:09:00,5,Great,0,18.14.0,True,0.1,positive
2026-08-03 09:09:00,5,this app is 100% real,0,18.14.0,True,0.12,positive
2026-08-03 09:08:00,5,good,0,18.14.0,True,0.13,positive
2026-08-03 09:04:00,5,good,0,18.14.0,True,0.2,positive
2026-08-03 09:03:00,5,super,0,18.10.1,True,0.23,positive
2026-08-03 09:01:00,5,nice,0,18.13.2,True,0.05,positive
2026-08-03 08:48:00,5,good app but mutual fund given aum wise option .,0,18.13.2,True,0.08,positive
2026-08-03 08:48:00,5,nice app for trading,0,18.12.1,True,0.08,positive
2026-08-03 08:48:00,5,thankfull trusted platform,0,18.13.2,True,0.08,positive
2026-08-03 08:47:00,1,"for every 2 or 3 months always asking plz plz update to latest version.Like this how many times will repeat,it's getting irritating and there is no storage also so plz think about this.ur app service is so good,but the above what I mentioned is not good",4,18.13.2,True,0.12,perf
2026-08-03 08:47:00,5,excellent app,0,18.7.1,True,0.12,positive
2026-08-03 08:40:00,5,Good 👍,0,18.14.0,True,0.03,positive
2026-08-03 08:32:00,5,good,0,18.13.2,True,0.17,positive
2026-08-03 08:10:00,3,nice,0,18.13.2,True,0.08,unthemed
2026-08-03 08:03:00,5,good,0,18.13.2,True,0.2,positive
2026-08-03 07:56:00,4,very good,0,18.13.2,True,0.13,positive
2026-08-03 07:50:00,5,isko kar dala to life jhinga lala,0,18.13.2,True,0.05,positive
2026-08-03 07:38:00,5,good,0,18.13.2,True,0.07,positive
2026-08-03 07:33:00,5,great for sip,0,18.13.2,True,0.15,positive
2026-08-03 06:54:00,5,very essay to simple use this apps,1,,True,0.17,positive
2026-08-03 06:30:00,5,good,1,18.13.2,True,-140.07,positive
2026-08-03 06:12:00,5,nice 👍 Okk,0,18.13.2,True,0.03,positive
2026-08-03 06:00:00,5,good,0,18.13.2,True,-138.3,positive
2026-08-03 05:35:00,5,good,0,18.13.2,True,0.12,positive
2026-08-03 05:07:00,5,nice,0,18.13.2,True,0.13,positive
2026-08-03 04:52:00,4,easy to invest,0,18.13.2,True,0.2,positive
2026-08-03 02:15:00,1,please unfreeze may account,0,18.13.2,True,0.18,unthemed
2026-08-03 01:29:00,5,Groww! Easy to sign-in & Great for investment 👌🏻,0,18.5.0,True,0.02,positive
2026-08-03 01:13:00,5,good,0,,True,0.03,positive
2026-08-03 00:53:00,5,nice,0,18.14.0,True,0.18,positive
2026-08-03 00:44:00,5,good,0,18.14.0,True,0.15,positive
2026-08-03 00:38:00,5,good,0,18.13.2,True,0.07,positive
2026-08-03 00:29:00,5,altimet and good,0,18.14.0,True,0.03,positive
2026-08-02 23:55:00,5,good,0,18.13.2,True,0.15,positive
2026-08-02 23:23:00,5,Best Investment platform,0,18.14.0,True,0.05,positive
2026-08-02 23:14:00,5,great 👍,0,18.13.2,True,0.2,positive
2026-08-02 23:05:00,5,not good,0,18.13.2,True,0.17,positive
2026-08-02 23:03:00,5,soo good 😊,0,18.14.0,True,0.2,positive
2026-08-02 22:21:00,5,good,0,18.13.2,True,0.08,positive
2026-08-02 22:09:00,1,yah sabse ghatiya app hai,0,,True,0.1,unthemed
2026-08-02 22:04:00,5,very good best experience,0,18.13.2,True,0.18,positive
2026-08-02 22:03:00,5,good,0,18.13.2,True,0.2,positive
2026-08-02 22:02:00,4,good grow,0,18.7.1,True,0.03,positive
2026-08-02 21:54:00,5,Very good,0,18.13.2,True,0.17,positive
2026-08-02 21:52:00,5,good po,0,18.6.1,True,0.2,positive
2026-08-02 21:47:00,5,best app,0,18.13.2,True,0.1,positive
2026-08-02 21:41:00,5,good app,0,18.12.1,True,0.2,positive
2026-08-02 21:40:00,5,Investment and trading use the excellent work and simple process one of the greatest financial services ❤️,0,18.9.0,True,0.03,positive
2026-08-02 21:36:00,1,"Either you guys are doing it by choice, or maybe the decision-makers aren't aware and some mid-level guy is selling your data. So, today I downloaded the app to check the status of my investment, but guess what? I have received a message on my WhatsApp from Momentum Trader. I won't explain the message, but you get the idea. Now, it's either you don't want my business and want me to use Momentum, or there is a leak.",1,17.99.1,True,0.1,unthemed
2026-08-02 21:23:00,4,this best trading app,0,18.14.0,True,0.05,positive
2026-08-02 21:22:00,4,ok,0,18.11.1,True,0.07,positive
2026-08-02 21:10:00,1,grow is showing double dividend on same date for all stocks in particular share event.,0,18.14.0,True,0.08,unthemed
2026-08-02 21:08:00,1,very bad app,0,18.9.0,True,0.12,unthemed
2026-08-02 21:00:00,1,When you'll be initiating US stock investing??,0,,True,0.07,unthemed
2026-08-02 20:58:00,5,Doog,0,18.13.2,True,0.1,positive
2026-08-02 20:56:00,5,nice broker,0,18.13.2,True,0.13,positive
2026-08-02 20:56:00,5,very good 👍,0,18.13.2,True,0.15,positive
2026-08-02 20:29:00,5,very nice,0,18.13.2,True,0.03,positive
2026-08-02 20:17:00,4,great 👍,0,18.14.0,True,0.15,positive
2026-08-02 19:51:00,5,Trend Is Your Friend,0,18.13.2,True,0.03,positive
2026-08-02 19:36:00,5,Very Good App Best For Mutual Fund Investment,3,18.14.0,True,0.1,positive
2026-08-02 19:22:00,5,excellent,0,18.12.1,True,0.07,positive
2026-08-02 19:14:00,5,very good platform,0,18.13.2,True,0.2,positive
2026-08-02 19:10:00,5,good work,0,18.12.1,True,0.08,positive
2026-08-02 19:08:00,5,Very good 👍,0,18.13.2,True,0.12,positive
2026-08-02 19:06:00,5,good way,0,18.13.2,True,0.15,positive
2026-08-02 19:01:00,5,gpod,1,18.13.2,True,0.05,positive
2026-08-02 19:00:00,5,best,0,,True,0.07,positive
2026-08-02 18:59:00,5,excellent,0,18.14.0,True,0.08,positive
2026-08-02 18:57:00,5,good,0,18.12.1,True,0.13,positive
2026-08-02 18:49:00,5,very easy for investing mony,0,18.13.2,True,0.05,positive
2026-08-02 18:19:00,4,its very good trading app for beginners to understand about stock market,4,18.14.0,True,0.12,positive
2026-08-02 18:19:00,5,good,0,18.13.2,True,0.12,positive
2026-08-02 18:00:00,5,super,0,18.13.2,True,0.07,positive
2026-08-02 17:46:00,5,There should be option to group SIPs just like we have for stocks ! Groww PLEASEEE consider this !!,1,,True,0.12,positive
2026-08-02 17:38:00,5,best app 💫,0,18.12.1,True,0.07,positive
2026-08-02 17:26:00,5,excellent,0,18.13.2,True,0.08,positive
2026-08-02 17:22:00,5,great app with great features [NAME] well experience,0,18.13.2,True,0.07,positive
2026-08-02 17:20:00,5,nice,0,18.5.0,True,0.1,positive
2026-08-02 17:17:00,3,well,0,18.14.0,True,0.15,unthemed
2026-08-02 16:59:00,5,Groww is very helpful for us,0,18.13.2,True,0.08,positive
2026-08-02 16:57:00,5,good apps for the working. i use since 2 years,2,18.14.0,True,0.12,positive
2026-08-02 16:48:00,5,good,0,18.9.0,True,0.08,positive
2026-08-02 16:43:00,5,"""The Groww app has a very simple and user-friendly interface. Investing in mutual funds and stocks has become incredibly easy. It is the best app for beginners!""👍👍 ""An awesome app for trading and investment! Everything happens smoothly, from opening an account to buying and selling stocks. The charges are transparent, and the UI is very clean. Highly recommended!""👍👍",8,18.13.2,True,0.17,positive
2026-08-02 16:41:00,5,good,0,17.98.0,True,0.2,positive
2026-08-02 16:31:00,5,super 💯,0,18.14.0,True,0.18,positive
2026-08-02 16:30:00,5,"very easy investment app specially for beginners, I'm using all categories like Bonds, mutual fund, IPOs and stock",2,18.13.2,True,0.2,positive
2026-08-02 16:28:00,5,ok,0,18.13.2,True,0.05,positive
2026-08-02 16:16:00,5,tiptop,0,18.13.2,True,0.17,positive
2026-08-02 15:56:00,5,very nice 🙂,0,18.13.2,True,0.13,positive
2026-08-02 15:32:00,5,good,0,18.13.2,True,0.15,positive
2026-08-02 15:27:00,5,very nice 👍,1,18.13.2,True,0.07,positive
2026-08-02 15:27:00,5,very good trustable,0,18.14.0,True,0.07,positive
2026-08-02 15:19:00,5,very good aap,0,18.13.2,True,0.12,positive
2026-08-02 15:17:00,5,good 👍👍,1,18.13.2,True,0.15,positive
2026-08-02 14:46:00,4,good app very easy to learn,3,18.13.2,True,0.12,positive
2026-08-02 14:44:00,5,👍,1,18.11.1,True,0.15,positive
2026-08-02 14:42:00,5,all is well,0,18.14.0,True,0.18,positive
2026-08-02 14:34:00,5,software vry nic,1,18.14.0,True,0.13,positive
2026-08-02 14:28:00,5,Best,0,18.13.2,True,0.05,positive
2026-08-02 14:24:00,5,I am new user groww app I can't review bad ar good,0,18.13.2,True,0.03,positive
2026-08-02 14:15:00,5,exlent,0,18.10.1,True,0.18,positive
2026-08-02 14:01:00,5,good 👍,0,18.13.2,True,0.05,positive
2026-08-02 13:58:00,5,fast withdrawal,0,,True,0.1,positive
2026-08-02 13:53:00,5,very good,0,18.13.2,True,0.18,positive
2026-08-02 13:52:00,4,the most everything super app,0,,True,0.22,positive
2026-08-02 13:36:00,5,nice app,0,,True,0.1,positive
2026-08-02 13:34:00,5,nice,0,18.14.0,True,0.13,positive
2026-08-02 13:32:00,5,ok,0,18.13.2,True,0.17,positive
2026-08-02 13:06:00,5,very good,0,,True,0.13,positive
2026-08-02 13:01:00,5,excellent app to work with.,0,,True,0.03,positive
2026-08-02 12:50:00,5,nice and easy,0,18.13.2,True,0.05,positive
2026-08-02 12:42:00,5,amazing app to start a journey.,1,18.14.0,True,0.18,positive
2026-08-02 12:01:00,5,good,0,18.13.2,True,0.05,positive
2026-08-02 11:44:00,5,very good,0,,True,0.15,positive
2026-08-02 11:40:00,5,great platform for trading,0,18.13.2,True,0.02,positive
2026-08-02 11:22:00,5,good,0,18.11.1,True,0.07,positive
2026-08-02 11:14:00,5,good,0,18.13.2,True,0.2,positive
2026-08-02 11:12:00,5,good,0,18.13.2,True,0.05,positive
2026-08-02 11:04:00,5,OMG outstanding,0,18.13.2,True,0.18,positive
2026-08-02 11:02:00,5,ok,0,18.12.1,True,0.03,positive
2026-08-02 10:40:00,1,Worst customer service. At the beginning of groww 2 3 years back it was nice. now it is the worst. I am thinking to switch to other apps.,16,18.14.0,True,0.03,unthemed
2026-08-02 10:37:00,5,😘,0,18.13.2,True,0.08,positive
2026-08-02 10:35:00,5,really useful to beginners,0,,True,0.13,positive
2026-08-02 10:15:00,5,good,0,18.13.2,True,0.18,positive
2026-08-02 10:13:00,5,Best,0,18.13.2,True,0.03,positive
2026-08-02 10:07:00,5,👍good,0,18.12.1,True,0.13,positive
2026-08-02 09:53:00,5,Many options and news all available on the same platform,2,18.13.2,True,0.18,positive
2026-08-02 09:52:00,5,good,0,18.12.1,True,0.2,positive
2026-08-02 09:49:00,5,Good Application for trading,0,18.11.1,True,0.07,positive
2026-08-02 09:29:00,5,good,0,18.13.2,True,0.03,positive
2026-08-02 09:25:00,5,outstanding,0,18.13.2,True,0.1,positive
2026-08-02 09:17:00,5,easy to operate,0,18.13.2,True,0.15,positive
2026-08-02 09:08:00,5,excellent performance 👍🏿,0,18.13.2,True,0.12,positive
2026-08-02 09:05:00,5,one of the best according to me,0,18.13.2,True,0.17,positive
2026-08-02 08:55:00,5,👍,0,18.13.2,True,0.15,positive
2026-08-02 08:54:00,5,NICE 🙂,0,18.11.1,True,0.17,positive
2026-08-02 08:52:00,5,trustable app more investment one place great app,0,18.13.2,True,0.2,positive
2026-08-02 08:42:00,5,mast,0,18.13.2,True,0.18,positive
2026-08-02 08:38:00,5,slow profit,0,18.13.2,True,0.07,positive
2026-08-02 08:28:00,5,smooth,0,18.14.0,True,0.05,positive
2026-08-02 08:25:00,2,kill swithch ka option isme bhi de dijiye jisse over trading control ho sake,0,18.14.0,True,0.1,unthemed
2026-08-02 08:22:00,5,good,0,18.13.2,True,0.07,positive
2026-08-02 08:13:00,5,Good,0,18.13.2,True,0.03,positive
2026-08-02 08:02:00,5,super,0,18.13.2,True,0.03,positive
2026-08-02 08:01:00,5,very good proxima,0,18.13.2,True,0.05,positive
2026-08-02 07:57:00,5,nice experience,0,18.13.2,True,0.12,positive
2026-08-02 07:43:00,5,bahut hi achcha app Hai beginners ke liye banaa hai easy to use un comfortable,0,18.14.0,True,0.17,positive
2026-08-02 07:42:00,5,ok,0,18.13.2,True,0.18,positive
2026-08-02 07:35:00,5,thanks groww,0,18.13.1,True,0.12,positive
2026-08-02 07:32:00,5,good,0,18.13.2,True,0.17,positive
2026-08-02 07:17:00,5,it's nice and easy,0,,True,0.15,positive
2026-08-02 06:55:00,5,verry good,0,18.14.0,True,0.15,positive
2026-08-02 06:44:00,4,Best user experience if all apps are compared.,3,18.14.0,True,0.15,positive
2026-08-02 06:34:00,4,best Investment application form indian ❣️🙏,0,18.13.2,True,0.13,positive
2026-08-02 06:00:00,5,good,0,18.13.2,True,0.07,positive
2026-08-02 05:35:00,5,grovw vere good app grovw is very easy touse.,2,18.13.2,True,0.12,positive
2026-08-02 05:33:00,5,best software for long term investment of all mutual fund and stock I am using more than 6 years,0,17.88,True,0.15,positive
2026-08-02 02:35:00,5,user friendly,1,18.13.2,True,0.12,positive
2026-08-02 01:13:00,5,good,0,18.5.0,True,0.03,positive
2026-08-02 01:02:00,4,easy to use,0,18.12.1,True,0.03,positive
2026-08-02 00:54:00,5,best simple ui and user experience,0,18.13.2,True,0.17,positive
2026-08-02 00:46:00,5,"The strength of this platform lies in its versatility and precision. It's rare to find a service that handles equities, futures, options, and commodities all at on...",0,,True,0.12,positive
2026-08-02 00:15:00,5,ok,0,18.14.0,True,0.18,positive
2026-08-01 23:55:00,5,nice,0,18.11.1,True,0.15,positive
2026-08-01 23:28:00,5,very nice 👍 good very good 💯,0,18.13.2,True,0.05,positive
2026-08-01 23:24:00,3,heavy brokerage charges must reduce it down,0,18.13.2,True,0.03,charges
2026-08-01 23:23:00,5,Best Application for investors Easy Ui and it improving after every Update,2,18.14.0,True,0.05,positive
2026-08-01 22:47:00,1,not user friendly,0,18.13.2,True,0.1,unthemed
2026-08-01 22:35:00,5,good,1,18.13.2,True,0.12,positive
2026-08-01 22:34:00,4,nice exclusive j,0,18.14.0,True,0.13,positive
2026-08-01 22:19:00,5,nice,1,,True,0.12,positive
2026-08-01 22:19:00,3,Worst experience...... Couldn't start trading as my KYC was not verified by the Groww team even after 5weeks from opening the account and despite of all the necessary documents...... helpline is also useless.....at the end they sent an account freezed email.......no senior officel contact me,2,18.7.1,True,0.12,"support,money"
2026-08-01 22:03:00,5,bhoot hi best hai app,0,18.9.0,True,0.2,positive
2026-08-01 21:53:00,3,plz improved app in charts on entry and exist,1,18.13.2,True,0.18,features
2026-08-01 21:47:00,4,ok,0,18.12.1,True,0.1,positive
2026-08-01 21:47:00,5,good,0,,True,0.1,positive
2026-08-01 21:47:00,5,"""Very good app for mutual fund investments. Easy to use, simple interface, and smooth transactions. Highly recommended!""",2,17.96.7,True,0.1,positive
2026-08-01 21:43:00,4,excellent,0,18.13.2,True,0.18,positive
2026-08-01 21:38:00,5,super,0,18.1.1,True,0.07,positive
2026-08-01 21:28:00,5,v good,0,18.13.2,True,0.05,positive
2026-08-01 21:21:00,5,good application,0,18.11.1,True,0.08,positive
2026-08-01 21:05:00,1,third class customer support and services they will not connect with customer supporting team I will try more than 5 times my amount can't transfer to my bank account or my grow account that will show process til 2 days before,2,18.14.0,True,0.17,support
2026-08-01 21:03:00,5,nice,0,18.14.0,True,0.2,positive
2026-08-01 20:50:00,5,good,0,18.12.1,True,0.05,positive
2026-08-01 20:45:00,5,nice,0,18.14.0,True,0.13,positive
2026-08-01 20:25:00,5,Good 👍,0,18.13.2,True,0.1,positive
2026-08-01 20:18:00,5,excellent,0,18.13.2,True,0.13,positive
2026-08-01 20:05:00,5,😊 best,0,18.13.2,True,0.17,positive
2026-08-01 20:01:00,5,very good,1,18.13.2,True,0.05,positive
2026-08-01 19:43:00,5,best,0,18.14.0,True,0.17,positive
2026-08-01 19:37:00,5,very nice app 👍🏻,0,18.13.2,True,0.08,positive
2026-08-01 19:24:00,5,good,0,18.10.1,True,0.03,positive
2026-08-01 18:55:00,5,so easy app to use,0,18.13.2,True,0.15,positive
2026-08-01 18:45:00,5,good,0,18.11.1,True,0.13,positive
2026-08-01 18:40:00,5,good,0,18.14.0,True,0.03,positive
2026-08-01 17:54:00,5,good,0,18.13.2,True,0.17,positive
2026-08-01 17:54:00,5,good 👍,0,,True,0.17,positive
2026-08-01 17:52:00,1,very high charge,0,17.74,True,0.2,charges
2026-08-01 17:45:00,5,Overall Best & Satisfactory Experience,0,18.13.2,True,0.12,positive
2026-08-01 17:43:00,5,good,0,18.14.0,True,0.15,positive
2026-08-01 17:42:00,5,bahut Acha lga groww me invest kar ke,0,18.13.2,True,0.18,positive
2026-08-01 17:30:00,5,Found the most user friendly and fast mode in every aspect.,2,18.13.2,True,0.2,positive
2026-08-01 17:20:00,5,Great experience with Groww 🪴,0,18.12.1,True,0.1,positive
2026-08-01 17:20:00,5,very good,0,,True,0.1,positive
2026-08-01 17:11:00,5,nice and very helpful,0,18.11.1,True,0.07,positive
2026-08-01 16:59:00,5,good,0,18.13.2,True,0.08,positive
2026-08-01 16:53:00,5,super,0,18.13.2,True,0.18,positive
2026-08-01 16:51:00,5,good 👍,1,18.14.0,True,0.03,positive
2026-08-01 16:46:00,4,good,0,,True,0.12,positive
2026-08-01 16:38:00,5,👌,0,18.14.0,True,0.07,positive
2026-08-01 15:58:00,5,good 👍 k,0,18.13.2,True,0.1,positive
2026-08-01 15:58:00,5,Good to use,1,18.13.2,True,0.1,positive
2026-08-01 15:55:00,5,supar,0,18.14.0,True,0.15,positive
2026-08-01 15:54:00,5,best app,0,18.12.1,True,0.18,positive
2026-08-01 15:43:00,5,good,0,18.13.2,True,0.17,positive
2026-08-01 15:43:00,5,supar,0,18.13.2,True,0.18,positive
2026-08-01 15:42:00,5,good,0,18.1.1,True,0.2,positive
2026-08-01 15:41:00,5,excellent,0,18.13.2,True,0.22,positive
2026-08-01 15:40:00,4,nice,0,,True,0.03,positive
2026-08-01 15:36:00,3,"1h 4h time frame chart data is not loading completely, checked in all stocks and diff devices with the same issues.",8,18.13.2,True,0.1,"features,perf"
2026-08-01 15:26:00,5,very nice,0,18.14.0,True,0.08,positive
2026-08-01 15:15:00,5,its gave investment msg before kyc complate,1,7,True,0.18,positive
2026-08-01 14:53:00,5,"Bhai sach bata raha hoon, aisi cheez kahin nahi milegi! GrowthX ne toh sikhne ka poora tareeqa hi badal diya hai. Jo yahan samajhne ko milta hai na, woh seedha dimaag aur dil dono me utar jata hai. Agar aage badhna hai aur kuch bada karna hai, toh isse behtareen platform poori market me nahi hai. Ekdum top-class aur lajawab cheez hai! 🚀🔥💯""",1,18.13.2,True,0.18,positive
2026-08-01 14:21:00,2,"When u click UPI, getting message ""UPI is not available on your device"" was working fine before app update, kindly fix. Also I have not connected any USB cable to my mobile still this error is coming.",0,,True,-0.28,"perf,money"
2026-08-01 14:18:00,5,best app for trading,0,,True,0.13,positive
2026-08-01 14:14:00,5,good,0,18.13.2,True,0.2,positive
2026-08-01 13:44:00,1,"Their customer support bhogash,They are very poor, if you put SL on them, Even if it doesn't go to the market, their SL will be a hit.I'm talking to the owner of Grow. I'll give you a good job with good income. Why are you wasting money?",2,18.13.2,True,0.15,support
2026-08-01 13:43:00,5,Excellent,0,18.13.2,True,0.17,positive
2026-08-01 13:36:00,5,gooooooood platform,0,18.13.2,True,0.1,positive
2026-08-01 13:35:00,1,"this app has the worst customer service. infact zero service and support. the call never connects. they keep you on hold for more than 10 mins and never connect. what kind of service is this? in today's era when customers are used to exceptional service, this kind of pathetic service will pull down any company. high time to switch to some other app",10,18.13.2,True,0.12,support
2026-08-01 13:24:00,4,v good,0,18.14.0,True,0.03,positive
2026-08-01 13:23:00,5,very nice,0,18.13.2,True,0.05,positive
2026-08-01 13:18:00,5,good,0,18.13.2,True,0.13,positive
2026-08-01 13:16:00,1,"Dear Groww Team, I would like to share my feedback regarding your intraday brokerage charges. The brokerage on intraday trades is quite high, and in many cases it turns profitable trades into losses. This makes active trading difficult, especially for small traders. I request you to consider reducing the intraday brokerage charges or introducing a more affordable pricing plan. A lower brokerage structure would greatly benefit your users and encourage higher trading activity on your platform.",5,18.14.0,True,0.18,charges
2026-08-01 12:38:00,5,nice 👍🏻,0,18.13.2,True,0.07,positive
2026-08-01 12:26:00,5,Good and Quick,0,18.11.1,True,0.08,positive
2026-08-01 12:23:00,5,excellent 👌,0,18.14.0,True,0.05,positive
2026-08-01 12:08:00,5,good,0,18.12.1,True,0.12,positive
2026-08-01 12:02:00,5,good,0,18.12.1,True,0.03,positive
2026-08-01 11:30:00,5,great help,0,18.13.2,True,0.2,positive
2026-08-01 11:09:00,5,good,0,18.13.2,True,0.1,positive
2026-08-01 11:08:00,5,good,0,18.13.2,True,0.12,positive
2026-08-01 11:07:00,5,😘👍,0,18.13.2,True,0.13,positive
2026-08-01 11:04:00,5,best app,0,,True,0.18,positive
2026-08-01 10:59:00,5,very good,0,18.14.0,True,0.08,positive
2026-08-01 10:58:00,5,"Been using Groww for over a year now and it's easily the simplest investing app I've tried. Signing up took minutes, the interface is clean, and tracking my SIPs and stocks in one place is effortless. No confusing jargon. Highly recommend for beginners.",10,18.14.0,True,0.1,positive
2026-08-01 10:55:00,5,best investment app,0,18.13.2,True,0.15,positive
2026-08-01 10:51:00,5,very excellent,0,18.12.1,True,0.03,positive
2026-08-01 10:48:00,2,amt credit 3 to 4 days staying in grow app,0,18.13.2,True,0.08,money
2026-08-01 10:45:00,5,Great,0,18.13.2,True,0.13,positive
2026-08-01 10:44:00,5,super,0,18.13.2,True,0.17,positive
2026-08-01 10:33:00,5,ok,0,18.10.1,True,0.15,positive
2026-08-01 10:32:00,5,good,0,,True,0.17,positive
2026-08-01 10:26:00,5,good,0,18.13.2,True,0.08,positive
2026-08-01 10:24:00,5,very gud app,0,18.13.2,True,0.03,positive
2026-08-01 10:11:00,4,Good,0,18.13.2,True,0.07,positive
2026-08-01 09:55:00,5,good,0,18.12.1,True,0.15,positive
2026-08-01 09:51:00,5,good,0,18.13.2,True,0.03,positive
2026-08-01 09:42:00,5,good,0,18.13.2,True,0.18,positive
2026-08-01 09:39:00,5,opening an account in Groww is quite easy...excited to move forward,0,18.13.2,True,0.05,positive
2026-08-01 09:10:00,5,great,0,18.13.2,True,0.08,positive
2026-08-01 09:09:00,5,good,0,18.13.2,True,0.1,positive
2026-08-01 08:59:00,5,excellent 👌,0,18.13.2,True,0.08,positive
2026-08-01 08:40:00,5,Best,0,18.13.2,True,0.03,positive
2026-08-01 08:33:00,4,very good,0,18.13.2,True,0.15,positive
2026-08-01 08:03:00,5,awesome performance good share market app,1,18.14.0,True,0.2,positive
2026-08-01 07:50:00,4,ok,0,18.13.2,True,0.05,positive
2026-08-01 07:47:00,5,good,0,18.13.2,True,0.1,positive
2026-08-01 07:45:00,5,"“Very easy to use. Clean interface, smooth experience, and investing feels simple even for beginners.”",4,18.14.0,True,0.13,positive
2026-08-01 07:42:00,5,good aplication,0,18.8.1,True,0.2,positive
2026-08-01 07:38:00,5,"It's a great platform for mutual funds and daily trading with lower brokerage fees than most competitors. The app interface is intuitive, making it easy to get comfortable with quickly, and regular updates keep it running smoothly. It really ensures you get the best experience possible.",8,18.13.2,True,0.07,positive
2026-08-01 06:27:00,5,nice 👍,0,18.13.2,True,0.07,positive
2026-08-01 01:34:00,5,Great experience,0,18.14.0,True,0.13,positive
2026-08-01 01:30:00,5,usefull,0,18.8.1,True,0.2,positive
2026-08-01 00:46:00,4,good 👍,0,18.13.2,True,0.12,positive
2026-07-31 23:58:00,5,Nice 👍 dalo na,1,18.13.2,True,0.1,positive
2026-07-31 23:58:00,5,Very good👍👍👍,0,18.13.2,True,0.1,positive
2026-07-31 23:47:00,5,good experience,0,18.13.2,True,0.1,positive
2026-07-31 23:31:00,5,please don't charge brokrage 🙏,0,18.13.2,True,0.18,positive
2026-07-31 23:24:00,5,very good,0,18.13.2,True,0.03,positive
2026-07-31 23:08:00,5,excellent,0,18.14.0,True,0.12,positive
2026-07-31 23:07:00,5,very nice,0,18.13.2,True,0.13,positive
2026-07-31 23:01:00,5,👌🏻,0,18.13.2,True,0.05,positive
2026-07-31 22:51:00,5,good,0,18.13.2,True,0.03,positive
2026-07-31 22:41:00,5,nice,0,18.5.0,True,0.2,positive
2026-07-31 22:40:00,5,good,0,18.13.2,True,0.03,positive
2026-07-31 22:31:00,5,nice,0,18.13.2,True,0.18,positive
2026-07-31 22:21:00,5,useful and challenging one,0,18.12.1,True,0.08,positive
2026-07-31 22:16:00,4,good,0,18.13.2,True,0.17,positive
2026-07-31 22:14:00,5,ok,0,18.13.2,True,0.2,positive
2026-07-31 22:02:00,5,Bes,0,18.12.1,True,0.03,positive
2026-07-31 22:00:00,5,good,0,18.13.2,True,0.07,positive
2026-07-31 21:52:00,5,good,0,18.12.1,True,0.2,positive
2026-07-31 21:34:00,5,good 👍,0,18.13.2,True,0.13,positive
2026-07-31 21:34:00,5,Great App,0,18.13.2,True,0.13,positive
2026-07-31 21:19:00,5,groww is best investing plate form,0,18.13.2,True,0.12,positive
2026-07-31 21:14:00,5,good,0,18.13.2,True,0.2,positive
2026-07-31 21:07:00,5,Good,0,18.13.2,True,0.13,positive
2026-07-31 21:02:00,5,it is very easy and usful,0,18.12.1,True,0.03,positive
2026-07-31 20:44:00,4,normal 🙂,0,18.14.0,True,0.15,positive
2026-07-31 20:24:00,5,nice 👍,0,18.14.0,True,0.03,positive
2026-07-31 20:14:00,5,very good,0,18.13.2,True,0.2,positive
2026-07-31 20:06:00,5,one of the best app,0,18.13.2,True,0.15,positive
2026-07-31 19:49:00,5,nice platform,0,18.13.2,True,0.05,positive
2026-07-31 19:37:00,5,supar 😎,0,18.13.2,True,0.08,positive
2026-07-31 19:32:00,5,easy to understand in this app,0,18.13.2,True,0.17,positive
2026-07-31 19:32:00,4,ok,0,18.12.1,True,0.17,positive
2026-07-31 19:31:00,4,brokerage fees high,0,18.0.0,True,0.2,positive
2026-07-31 19:27:00,5,Best,0,18.13.2,True,0.07,positive
2026-07-31 19:25:00,5,nice,0,18.13.2,True,0.1,positive
2026-07-31 19:21:00,3,"Love the user exp and support is good as well. I have 2 feature requests for the devs - a. Please add 5Y toggle in mutual fund watchlist, b. Please allow persistent reorder or sorting option. Thank you very much.",3,18.14.0,True,0.08,support
2026-07-31 19:20:00,5,Great app,0,18.13.2,True,0.1,positive
2026-07-31 19:06:00,5,good,0,18.13.2,True,0.15,positive
2026-07-31 19:05:00,5,niche but brokerage is very expensive,0,18.10.1,True,0.17,positive
2026-07-31 19:04:00,5,very good platform 👍😃😃,0,18.13.2,True,0.18,positive
2026-07-31 18:43:00,5,nice,0,18.13.2,True,0.17,positive
2026-07-31 18:38:00,5,good، easy and trusted,0,18.13.2,True,0.07,positive
2026-07-31 18:36:00,5,good 💯😊,0,18.13.2,True,0.1,positive
2026-07-31 18:28:00,5,good,0,18.13.2,True,0.05,positive
2026-07-31 18:21:00,5,best groww,0,18.13.2,True,0.08,positive
2026-07-31 18:19:00,5,excellent,0,18.13.2,True,0.12,positive
2026-07-31 18:05:00,5,"good , 👍",0,18.4.3,True,0.17,positive
2026-07-31 17:28:00,3,good,0,18.13.2,True,0.05,unthemed
2026-07-31 17:16:00,5,nice,0,18.13.2,True,-100.0,positive
2026-07-31 17:10:00,5,"You can use and navigate the app even if you have Lil knowledge about Sips and stock market. The interface is so beginner friendly, it's so easy to sell, buy and manage your holdings.",0,18.0.0,True,0.08,positive
2026-07-31 17:05:00,5,good,0,18.14.0,True,0.17,positive
2026-07-31 16:54:00,1,"I am unable to open my profile section after updating the app, worst version of the application",2,18.13.2,True,0.17,unthemed
2026-07-31 16:46:00,4,good 👍,0,18.13.2,True,0.12,positive
2026-07-31 16:45:00,5,ok,0,,True,0.13,positive
2026-07-31 16:44:00,5,good 👍,0,18.13.2,True,0.15,positive
2026-07-31 16:44:00,4,best,0,,True,0.17,positive
2026-07-31 16:39:00,5,Grow is a best application for a trader,0,18.13.2,True,0.05,positive
2026-07-31 16:38:00,5,it's very goog.its very simple process.,0,18.13.2,True,0.07,positive
2026-07-31 16:35:00,5,good working,0,18.13.2,True,0.12,positive
2026-07-31 16:26:00,5,good,0,17.94.1,True,0.08,positive
2026-07-31 16:22:00,5,Nice App,0,18.14.0,True,0.07,positive
2026-07-31 16:20:00,5,good app,0,18.13.2,True,0.1,positive
2026-07-31 16:15:00,5,I love this App,0,18.14.0,True,0.18,positive
2026-07-31 16:08:00,5,"best service,best app",0,,True,0.12,positive
2026-07-31 16:08:00,5,best 👌,0,18.13.2,True,0.12,positive
2026-07-31 16:06:00,5,neki beful,0,18.13.2,True,0.17,positive
2026-07-31 16:03:00,5,bahut acha hai ye app,0,18.13.2,True,0.22,positive
2026-07-31 16:03:00,5,its easy process to access,0,18.13.2,True,0.23,positive
2026-07-31 16:02:00,5,good,0,18.13.2,True,0.03,positive
2026-07-31 16:02:00,5,good,0,18.14.0,True,0.03,positive
2026-07-31 16:01:00,4,nice,0,18.9.0,True,0.05,positive
2026-07-31 15:58:00,5,good,0,18.13.2,True,0.12,positive
2026-07-31 15:52:00,1,"custom support is not at all good, if you have an issue they won't be able to help you and they have a weird AI chatbot that will give you wrong answers to your question and if you ask a customer support person he will say sir that is just an AI",5,18.13.2,True,0.22,support
2026-07-31 15:51:00,3,High Brokerage,0,18.14.0,True,0.03,charges
2026-07-31 15:48:00,5,ok,0,18.13.2,True,0.08,positive
2026-07-31 15:45:00,1,"HATED, I need profit revenue net worth increasing bars of each stock as seen in previous version.",3,18.11.1,True,-98.32,unthemed
2026-07-31 15:42:00,5,Easy to use.,0,18.13.2,True,0.18,positive
2026-07-31 15:42:00,4,goods app,1,18.14.0,True,0.2,positive
2026-07-31 15:38:00,4,"why u guys change scalping template, i have only single device to trade in option, currently difficult to trade in option with single device no hope left to recover my loss",0,,True,0.07,positive
2026-07-31 15:24:00,5,very nice,0,18.14.0,True,0.03,positive
2026-07-31 15:22:00,5,good app,0,18.14.0,True,0.07,positive
2026-07-31 15:06:00,5,good,0,18.11.1,True,0.15,positive
2026-07-31 15:02:00,5,nice,0,16.45,True,0.03,positive
2026-07-31 15:02:00,5,good,0,18.13.2,True,0.03,positive
2026-07-31 15:01:00,5,good aap,0,18.13.2,True,0.05,positive
2026-07-31 14:59:00,5,easy to use,0,18.13.2,True,0.1,positive
2026-07-31 14:56:00,1,worst app tbh it freezes every single time whenever I open it and even after reinstalling,3,18.13.2,True,0.15,unthemed
2026-07-31 14:52:00,2,thodi sadi pan da fudda enaa sare update launde ho except multiple charts,0,,True,0.22,"features,perf"
2026-07-31 14:48:00,1,"Worst broker, always gives wrong trade on short/long. just want to trap the customer",2,18.14.0,True,0.08,unthemed
2026-07-31 14:40:00,5,just awesome 😎,0,18.14.0,True,0.03,positive
2026-07-31 14:34:00,5,Nice,0,18.13.2,True,0.13,positive
2026-07-31 14:31:00,5,great,0,18.10.1,True,0.18,positive
2026-07-31 14:17:00,5,good 👍,0,,True,0.15,positive
2026-07-31 14:08:00,5,best experience... proud Grow,0,18.11.1,True,0.12,positive
2026-07-31 13:43:00,5,good,0,18.14.0,True,0.17,positive
2026-07-31 13:38:00,5,best market,0,18.13.2,True,0.07,positive
2026-07-31 13:30:00,4,good app,0,18.14.0,True,0.2,positive
2026-07-31 13:26:00,5,good 👍,0,18.14.0,True,0.08,positive
2026-07-31 13:16:00,5,great,0,18.12.1,True,0.17,positive
2026-07-31 13:11:00,5,awesome 👍,0,18.13.2,True,0.07,positive
2026-07-31 12:52:00,5,😊 good,0,18.13.2,True,0.18,positive
2026-07-31 12:52:00,5,I am happy,0,18.13.2,True,0.18,positive
2026-07-31 12:20:00,5,nicw,0,18.14.0,True,0.1,positive
2026-07-31 12:19:00,1,every good experience,0,18.11.1,True,0.12,unthemed
2026-07-31 12:19:00,5,super duper app,0,18.13.2,True,0.13,positive
2026-07-31 12:15:00,5,verry good,0,18.13.2,True,0.2,positive
2026-07-31 12:01:00,5,good,0,18.14.0,True,0.05,positive
2026-07-31 11:49:00,5,"very easy to use I most like new features for tax file that is excellent for investor's, trader's, no hassle for tax payments.",0,,True,0.07,positive
2026-07-31 11:45:00,1,"useless app, very difficult too analyze stocks. Also my Demat account could not be added too Income tax portal. Your helpline always remains busy, it seems yo have no champions, always sleeping, no remedy. I feel trapped in your app, no solutions yet. Two factor authentication is not in your app, different app...",3,18.0.0,True,-12498.77,charges
2026-07-31 11:26:00,5,bery good aap,0,18.14.0,True,0.08,positive
2026-07-31 11:21:00,5,good,0,18.13.2,True,0.08,positive
2026-07-31 11:10:00,1,very bad experience in withdrawal money and its not credited on time.,3,18.14.0,True,0.08,money
2026-07-31 11:03:00,5,good,0,18.13.2,True,0.2,positive
2026-07-31 11:02:00,5,if you really want to grow then download grow app.. it's very helpful and very good to grow.,2,18.14.0,True,0.03,positive
2026-07-31 10:59:00,5,good sarvice,0,18.13.2,True,0.08,positive
2026-07-31 10:56:00,5,good,0,18.13.2,True,0.13,positive
2026-07-31 10:56:00,5,nice app fast moment groww app best he.,0,18.14.0,True,0.15,positive
2026-07-31 10:53:00,5,nice,0,18.13.2,True,0.2,positive
2026-07-31 10:45:00,1,"Very disappointed with Groww's customer support. I had only 30 IPO shares, but the support team incorrectly claimed that I had sold 60 shares. This is completely wrong and shows that they did not even verify my account details before responding. Because of this incorrect information, they rejected my complaint instead of properly investigating the issue. I expected accurate records and fair support, but the response was careless and unprofessional. I have lost trust in Groww's customer servic",7,18.13.2,True,0.13,"support,features"
2026-07-31 10:30:00,5,This App Really Good But The Main Problem is Brokrage If You Think That You Profit Can Solve The Problem So You Are Very Wrong Please Keep Yur Mind Calm And Think You Manage App Thats Really Charge High Brokrage,1,18.13.2,True,0.2,positive
2026-07-31 10:21:00,5,👌,0,18.0.0,True,0.08,positive
2026-07-31 10:21:00,5,good,0,18.13.2,True,0.08,positive
2026-07-31 10:16:00,4,it's good for beginner's,0,18.13.2,True,0.17,positive
2026-07-31 10:13:00,5,best application for mutual funds and stocks,1,18.14.0,True,0.23,positive
2026-07-31 10:12:00,5,good,0,18.13.2,True,0.05,positive
2026-07-31 10:11:00,5,nice,0,18.10.1,True,0.07,positive
2026-07-31 10:01:00,5,excellent,0,18.13.2,True,0.05,positive
2026-07-31 09:58:00,1,"The Worrest App for Trading. Except the Groww Management, Nobody can Grow. Complete Fraud in each and every aspect. If any one wants to lose money instantly, You are most welcome to use this app. Rest, Please avoid this app",4,18.13.2,True,0.1,unthemed
2026-07-31 09:57:00,4,wow,0,18.13.2,True,0.12,positive
2026-07-31 09:56:00,1,bad experience,0,,True,0.15,unthemed
2026-07-31 09:54:00,5,excellent,0,18.14.0,True,0.18,positive
2026-07-31 09:51:00,5,Aacha application hai aur se easy to use hai ...,0,18.13.2,True,0.03,positive
2026-07-31 09:46:00,4,owsam,0,18.14.0,True,0.12,positive
2026-07-31 09:44:00,5,Nice 🙂,0,18.14.0,True,0.15,positive
2026-07-31 09:42:00,5,good,0,18.12.1,True,0.18,positive
2026-07-31 09:36:00,5,Good,0,18.13.2,True,0.1,positive
2026-07-31 09:31:00,5,Quite user-friendly,0,18.13.2,True,0.18,positive
2026-07-31 09:30:00,5,best app,0,18.13.2,True,0.2,positive
2026-07-31 09:29:00,5,good,0,,True,0.03,positive
2026-07-31 09:27:00,5,osm,0,18.13.2,True,0.07,positive
2026-07-31 09:25:00,5,v good,0,18.3.1,True,0.1,positive
2026-07-31 09:18:00,1,app open krte h to password dalte be apne aap back ho raha h fix kro es ko,0,18.13.2,True,0.13,unthemed
2026-07-31 09:18:00,5,good,0,18.13.2,True,0.13,positive
2026-07-31 09:12:00,5,good broker app,0,,True,0.05,positive
2026-07-31 09:11:00,3,lawra ka app.,0,18.13.2,True,0.07,unthemed
2026-07-31 09:11:00,4,trading is good but the brokerage and extra charges are so many.,6,18.10.1,True,0.07,positive
2026-07-31 09:10:00,5,good for sip,0,18.14.0,True,0.1,positive
2026-07-31 08:58:00,5,I'm agree this app totally trustable .,0,18.13.2,True,0.1,positive
2026-07-31 08:50:00,5,Very good app for trading,0,18.13.2,True,0.05,positive
2026-07-31 08:50:00,4,good,0,18.13.2,True,0.05,positive
2026-07-31 08:48:00,5,The best investing app all the time.,0,,True,0.08,positive
2026-07-31 08:41:00,5,good,0,18.13.2,True,0.22,positive
2026-07-31 08:37:00,5,super,0,18.13.2,True,0.08,positive
2026-07-31 08:37:00,5,super & loyalty,0,18.13.2,True,0.08,positive
2026-07-31 08:22:00,2,There KYC process is bad let me share my recent experience I requested them to add last name in my groww account I have provided all the supporting documents to them which I provided in all my banks and other investment companies and they have accepted it and added my last name in their records but in groww case they ask me extra documents publish ad in newspapers or gazette I provided them news paper ad now they are required merriage certificate and gazette also see their hypocrisy,2,18.13.2,True,0.07,money
2026-07-31 08:11:00,5,❤️,0,18.14.0,True,0.07,positive
2026-07-31 08:07:00,5,good,0,18.13.2,True,0.13,positive
2026-07-31 08:07:00,5,5star,0,18.13.2,True,0.13,positive
2026-07-31 08:04:00,5,it is very easy to use,1,18.13.2,True,0.2,positive
2026-07-31 07:58:00,1,varry good,0,18.11.1,True,0.1,unthemed
2026-07-31 07:56:00,4,mujhe aap acchi lagti ho bahut pasand hai easy bahut hai,0,18.13.2,True,0.13,positive
2026-07-31 07:53:00,5,ok,0,18.4.3,True,0.18,positive
2026-07-31 07:39:00,5,all good,0,18.13.2,True,0.05,positive
2026-07-31 07:20:00,5,Nice 🙂,0,18.14.0,True,0.1,positive
2026-07-31 06:51:00,5,good,0,,True,0.03,positive
2026-07-31 06:23:00,4,Good,0,18.14.0,True,0.05,positive
2026-07-31 06:09:00,5,बहुत बढ़िया ऐप है,0,18.13.2,True,0.1,positive
2026-07-31 05:32:00,5,good experience,0,18.5.0,True,0.17,positive
2026-07-31 05:15:00,4,This trading app is excellent but must require a dual chart for smooth trading experience.,3,18.13.2,True,0.18,positive
2026-07-31 02:57:00,5,good,0,18.14.0,True,0.12,positive
2026-07-31 01:27:00,5,good,0,18.13.2,True,0.07,positive
2026-07-31 00:58:00,2,worst experience while redeeming my mutual units taking longer and longer than expected or promised time they won't share the reason for the delay that is the reason I discontinued investing in mutual funds on Groww app,1,,True,0.1,unthemed
2026-07-31 00:54:00,5,excellent work with Groww,0,18.13.2,True,0.17,positive
2026-07-31 00:37:00,5,gud work,0,18.14.0,True,0.08,positive
2026-07-31 00:36:00,5,best,0,18.5.0,True,0.1,positive
2026-07-31 00:31:00,5,Satisfactory App,0,18.14.0,True,0.18,positive
2026-07-31 00:30:00,5,good 👍,0,18.7.1,True,0.22,positive
2026-07-31 00:28:00,5,superb,0,18.13.2,True,0.05,positive
2026-07-31 00:23:00,5,Nice one,0,18.13.2,True,0.05,positive
2026-07-31 00:21:00,5,ok,0,18.13.2,True,0.08,positive
2026-07-30 23:45:00,3,Do something about calendar spread. you are market leader so we expect from u...upstox and many other already provide these facilities,1,18.13.2,True,0.13,unthemed
2026-07-30 23:26:00,5,good app,0,18.13.2,True,0.08,positive
2026-07-30 23:25:00,5,excellent 👍,0,18.13.2,True,0.1,positive
2026-07-30 23:24:00,1,so much charges for small trading account,1,18.9.0,True,0.03,charges
2026-07-30 23:18:00,5,Thank You,0,18.13.2,True,0.13,positive
2026-07-30 23:13:00,1,"2,3 months old chats show nahi ho raha hai ..main bahut bar customer care call kiye & email bhi kiye but groww team problem ko solve nahi kiye , aise chota charts mai trading karna risky hai ..plz fix the problem ...",0,18.14.0,True,0.03,"support,features"
2026-07-30 23:02:00,5,excellent,0,18.13.2,True,0.22,positive
2026-07-30 22:50:00,3,"please add oi profile,smart money concept,and ut bot alerts in the indicator section...even newer apps have these indicators .and I unable to change index in scalper mood.why groww please grow up....",2,18.13.2,True,-0.13,"support,features"
2026-07-30 22:37:00,5,very nice,0,18.13.2,True,0.08,positive
2026-07-30 22:36:00,5,excellent 👍,0,,True,0.1,positive
2026-07-30 22:35:00,5,loved it❤️ thank you so much 😊,0,18.14.0,True,0.13,positive
2026-07-30 22:04:00,5,very nice 👌,0,18.13.2,True,0.18,positive
2026-07-30 21:59:00,5,good,0,,True,0.08,positive
2026-07-30 21:56:00,5,nice app,0,18.13.2,True,0.13,positive
2026-07-30 21:54:00,5,good,0,18.13.2,True,0.17,positive
2026-07-30 21:46:00,3,good,0,18.14.0,True,0.12,unthemed
2026-07-30 21:38:00,5,good for investment,0,18.13.2,True,0.07,positive
2026-07-30 21:35:00,5,good,0,18.13.2,True,0.12,positive
2026-07-30 21:23:00,1,"i am not very much sure what is the issue with geoww. i have take HDFC 25 AUG 790 CALL. after day end it close at 6.75 till 8 pm it is show same price but after 9:20 it is showing 6.45. but on KITE it is still showing 6.75. i am unable to attached all the screenshot, but really want to do so. i dont know what the glitch is or GROWW trying to cheat customer 🤔.",2,18.13.2,True,0.05,"support,perf"
2026-07-30 21:23:00,1,more brokerage,0,18.13.2,True,0.05,charges
2026-07-30 20:54:00,5,best app for stock market best broker no doubt. simple UI. improving day by day...,11,18.14.0,True,0.17,positive
2026-07-30 20:41:00,5,nice aap,0,18.13.2,True,0.2,positive
2026-07-30 20:24:00,5,excellent,0,18.13.2,True,0.03,positive
2026-07-30 20:17:00,5,very nice App,0,18.14.0,True,0.15,positive
2026-07-30 20:17:00,5,Sabse acha app,0,18.13.2,True,0.17,positive
2026-07-30 20:05:00,5,good is work in simple work,0,18.13.2,True,0.17,positive
2026-07-30 20:05:00,5,Nice,0,18.13.2,True,0.17,positive
2026-07-30 19:56:00,5,very good,0,18.13.1,True,0.13,positive
2026-07-30 19:50:00,5,trusted 💯💯💯💯,0,18.13.2,True,0.05,positive
2026-07-30 19:45:00,5,good 👍,0,18.13.2,True,0.13,positive
2026-07-30 19:36:00,1,due to high loss,0,18.14.0,True,0.1,unthemed
2026-07-30 19:21:00,5,easy and simple app,0,18.13.2,True,0.08,positive
2026-07-30 19:20:00,1,व्हेरी बॅड एक्सपेरियन्स,0,18.13.2,True,0.1,unthemed
2026-07-30 19:16:00,1,"change back the colours cuh. the red and green gave a better idea about profit and losses, change it back RN, it's too confusing, when everything is white",2,18.14.0,True,0.17,unthemed
2026-07-30 19:14:00,5,good,0,18.13.2,True,0.22,positive
2026-07-30 19:13:00,3,charges is high,0,18.13.2,True,0.23,charges
2026-07-30 19:10:00,5,good 👍,0,18.11.1,True,0.08,positive
2026-07-30 19:03:00,5,very easy too navigate and place trading orders,3,18.14.0,True,0.2,positive
2026-07-30 19:02:00,5,excellent,0,18.13.2,True,0.03,positive
2026-07-30 19:00:00,3,serious lagging issues nowadays...chart not refreshing 😕,0,18.13.2,True,0.07,features
2026-07-30 18:56:00,5,😧😧😧,0,18.14.0,True,0.15,positive
2026-07-30 18:53:00,5,very good app,0,18.13.2,True,0.2,positive
2026-07-30 18:48:00,5,very good,0,18.13.2,True,0.08,positive
2026-07-30 18:37:00,5,very best,1,18.13.2,True,0.08,positive
2026-07-30 18:33:00,5,WOW,0,18.13.2,True,0.15,positive
2026-07-30 18:20:00,5,cool app most groww is have working,0,,True,0.1,positive
2026-07-30 18:13:00,5,good,1,18.13.2,True,0.03,positive
2026-07-30 18:04:00,5,good experience,1,18.13.2,True,0.18,positive
2026-07-30 18:00:00,5,nice,0,18.13.2,True,0.07,positive
2026-07-30 17:37:00,5,good 😊👍,0,18.13.2,True,0.08,positive
2026-07-30 17:35:00,5,"This app is incredibly user-friendly and packed with useful features — everything works smoothly without any glitches. Highly recommended, a must-try for anyone looking for a reliable app!",3,18.13.2,True,0.12,positive
2026-07-30 17:24:00,5,"overall a good experience, Suggestion - Grow is not Approved App for Union bank of Switzerland UBS, like other Zerodha,Sharekhan and Angel broking are approved please initiate procedure for it's globally recognised and Approved.",0,18.13.2,True,0.03,positive
2026-07-30 17:20:00,5,good application 😸👍👍,0,18.13.2,True,0.1,positive
2026-07-30 17:18:00,5,India's no 1 stock broker app,0,18.14.0,True,0.13,positive
2026-07-30 17:01:00,1,kuchh achha nahi gya,0,18.4.3,True,0.05,unthemed
2026-07-30 17:00:00,5,nice,0,,True,0.07,positive
2026-07-30 16:30:00,5,😎,1,18.11.1,True,0.2,positive
2026-07-30 16:28:00,5,👍,0,18.14.0,True,0.05,positive
2026-07-30 16:25:00,1,"I am not been able to see my open position ,I belive there is some glich in this as this is second time i am facing the same issue. I can see the order executed in order book but in Position window there is no showing.",5,18.13.2,True,0.1,unthemed
2026-07-30 16:16:00,5,user-friendly,0,18.14.0,True,0.17,positive
2026-07-30 16:09:00,5,very good very nice 💯,1,17.85,True,0.1,positive
2026-07-30 15:53:00,5,easy to use,1,18.13.2,True,0.18,positive
2026-07-30 15:48:00,5,Good,0,18.13.2,True,0.08,positive
2026-07-30 15:47:00,5,very good new updates. Indicating number of shares and mutual funds in long term and short term. Also showing XIRR for stocks which is very helpful. Thank you for these good updates.👌,7,18.14.0,True,0.1,positive
2026-07-30 15:31:00,5,we learning very fast,0,18.11.1,True,0.18,positive
2026-07-30 15:26:00,4,Easy and useful,0,18.13.2,True,0.08,positive
2026-07-30 15:24:00,5,"hello groww! Can you please add healthcare, Textiles, oil & gas, cement, agriculture and chemical sector in the all indices please, and that's kind of irritating that I've to open another application to see the sectors",0,18.13.2,True,-0.33,positive
2026-07-30 15:18:00,5,good 👍,0,18.13.2,True,0.13,positive
2026-07-30 15:12:00,5,good,0,18.13.2,True,0.05,positive
2026-07-30 15:09:00,5,Decent,0,18.14.0,True,0.1,positive
2026-07-30 14:47:00,5,good 👍🏻,0,18.13.2,True,0.1,positive
2026-07-30 14:47:00,1,charges very high,0,18.12.1,True,0.1,charges
2026-07-30 14:44:00,5,very easy app but kabhi kabhi glitch aa jaata hai,0,18.13.2,True,0.15,positive
2026-07-30 14:43:00,5,very good,0,18.13.2,True,0.18,positive
2026-07-30 14:39:00,5,Best ui among all investment app,0,18.14.0,True,0.05,positive
2026-07-30 14:33:00,5,ok,1,18.13.2,True,0.15,positive
2026-07-30 14:30:00,4,"Please give dividend stock exdate earlier, so traders can adjust and buy stock in timelimit.",4,18.13.2,True,0.22,positive
2026-07-30 14:26:00,5,NICE APPLICATION,0,18.12.1,True,0.08,positive
2026-07-30 14:24:00,5,very easy and simple process to used Groww app,4,18.13.2,True,0.03,positive
2026-07-30 14:17:00,5,superb,0,18.13.2,True,0.15,positive
2026-07-30 14:08:00,5,very good experience,0,18.13.2,True,0.12,positive
2026-07-30 14:06:00,5,very nice 🙂,1,18.13.2,True,0.15,positive
2026-07-30 14:01:00,5,good,0,18.14.0,True,0.05,positive
2026-07-30 13:57:00,5,best platform 💯,1,18.13.2,True,0.12,positive
2026-07-30 13:49:00,5,❤️❤️❤️,0,18.13.2,True,0.07,positive
2026-07-30 13:46:00,5,good,0,18.13.2,True,0.12,positive
2026-07-30 13:30:00,1,loss 2 lacks,0,,True,0.2,unthemed
2026-07-30 13:30:00,5,PLEASE GIVE HORIZONTAL RAY OPTION IN TRADE ON CHARTS,0,,True,-7054.8,positive
2026-07-30 13:29:00,5,good 👍,0,18.13.2,True,0.03,positive
2026-07-30 13:28:00,5,acha hai,1,18.13.2,True,0.05,positive
2026-07-30 13:22:00,5,everything is good 👍👍👍👍😊😊😊,0,18.13.2,True,0.07,positive
2026-07-30 13:19:00,5,easy,0,18.13.2,True,0.12,positive
2026-07-30 13:18:00,5,good,0,18.13.2,True,0.13,positive
2026-07-30 13:17:00,5,excellent,0,18.13.2,True,0.17,positive
2026-07-30 13:10:00,5,poor my life,0,15.68,True,0.08,positive
2026-07-30 13:00:00,5,excellent,0,18.13.2,True,0.07,positive
2026-07-30 12:56:00,5,good 👍,0,18.14.0,True,0.13,positive
2026-07-30 12:54:00,5,good 👍,0,18.13.2,True,0.17,positive
2026-07-30 12:45:00,5,good,0,18.13.2,True,0.13,positive
2026-07-30 12:38:00,5,very nice,0,18.13.2,True,0.07,positive
2026-07-30 12:38:00,1,"Fix the bugs, the nifty prices are shown different in different time frames and lots of lagging like 15-20 second I have to wait every time for loading the charts for last month after the recent update... so team Groww please fix these problems. thank you",8,18.13.2,True,0.07,"support,perf"
2026-07-30 12:35:00,5,Noice,0,18.13.2,True,0.13,positive
2026-07-30 12:35:00,5,ok......,0,18.9.0,True,0.13,positive
2026-07-30 12:31:00,5,good app,0,18.13.2,True,0.2,positive
2026-07-30 12:28:00,5,well,0,18.6.1,True,0.05,positive
2026-07-30 12:28:00,5,"I've had a great experience using the Groww app. It has a clean and user-friendly interface, making it easy to invest in stocks and mutual funds, even for beginners. The account opening process is simple, transactions are smooth, and tracking my investments is convenient. Overall, Groww is a reliable and easy-to-use investment platform that I would recommend to anyone starting their investment journey.",3,,True,0.05,positive
2026-07-30 12:21:00,5,good,0,18.13.2,True,0.08,positive
2026-07-30 12:19:00,5,nice,0,18.13.2,True,0.12,positive
2026-07-30 12:09:00,5,good 👍,0,18.13.2,True,0.1,positive
2026-07-30 12:08:00,5,kabhi kabhi selling buying mai hang hojata hai software isko sai karo,0,18.14.0,True,0.12,positive
2026-07-30 12:07:00,5,Good work,0,18.14.0,True,0.13,positive
2026-07-30 12:05:00,5,very good,0,18.13.2,True,0.18,positive
2026-07-30 11:59:00,5,good,0,18.13.2,True,0.08,positive
2026-07-30 11:52:00,5,good,0,18.13.2,True,0.2,positive
2026-07-30 11:51:00,5,amazing work....,0,18.13.2,True,0.03,positive
2026-07-30 11:43:00,5,good,0,18.12.1,True,0.17,positive
2026-07-30 11:26:00,1,confused app,0,18.13.2,True,0.08,unthemed
2026-07-30 11:19:00,1,not good all going on Money,0,18.13.2,True,0.12,unthemed
2026-07-30 11:11:00,5,wow,0,18.13.2,True,0.07,positive
2026-07-30 11:10:00,5,good,0,18.12.1,True,0.08,positive
2026-07-30 11:10:00,5,Old version was better than this new version.,0,18.14.0,True,-192.28,positive
2026-07-30 11:09:00,5,one of the best broker,0,18.14.0,True,0.1,positive
2026-07-30 10:53:00,5,good 👍🏻,0,18.13.2,True,0.18,positive
2026-07-30 10:49:00,5,best,0,18.13.2,True,0.05,positive
2026-07-30 10:47:00,5,good 👍,0,18.13.2,True,0.08,positive
2026-07-30 10:44:00,5,super,0,18.13.2,True,0.13,positive
2026-07-30 10:40:00,5,nice aap,0,,True,0.03,positive
2026-07-30 10:31:00,5,very nice,0,18.8.1,True,0.18,positive
2026-07-30 10:19:00,5,"Overall, a good app for investments. For mutual funds, please provide STP/SWP options in the app rather than going to the website.",4,18.13.2,True,0.12,positive
2026-07-30 10:11:00,5,good 👍🏻😊,0,18.13.2,True,0.07,positive
2026-07-30 10:10:00,5,It's good,0,18.13.2,True,0.08,positive
2026-07-30 10:10:00,5,I love this App so easy to trade,0,18.13.2,True,0.1,positive
2026-07-30 10:10:00,5,👍,0,18.3.1,True,0.1,positive
2026-07-30 10:08:00,2,"app is not working got error, disgusting",0,18.13.2,True,0.13,perf
2026-07-30 10:08:00,5,nice,0,18.13.2,True,0.13,positive
2026-07-30 10:07:00,5,Easy way🌍,0,18.14.0,True,0.17,positive
2026-07-30 10:04:00,5,ok,0,18.13.2,True,0.22,positive
2026-07-30 10:01:00,1,"my holdings are showing only dot dot dot.... not updated values, please check",2,18.14.0,True,0.05,unthemed
2026-07-30 09:57:00,5,great,0,18.12.1,True,0.12,positive
2026-07-30 09:56:00,5,good 👍,0,18.10.1,True,0.13,positive
2026-07-30 09:55:00,5,good 👍,0,18.13.2,True,0.17,positive
2026-07-30 09:49:00,5,good app,1,18.13.2,True,0.07,positive
2026-07-30 09:49:00,1,"worst app...issue in loading, particularly when selling stocks.",0,,True,0.07,perf
2026-07-30 09:45:00,5,good app very simple futures trading investing,0,18.12.1,True,0.13,positive
2026-07-30 09:45:00,5,good,0,18.13.2,True,0.15,positive
2026-07-30 09:45:00,2,brokerage charges over high in beginner trader 🤌💸,0,18.13.2,True,0.15,charges
2026-07-30 09:44:00,5,super useful app,0,18.13.2,True,0.17,positive
2026-07-30 09:44:00,5,best,0,18.13.2,True,0.18,positive
2026-07-30 09:39:00,5,give breaking news about share market,0,18.13.2,True,0.05,positive
2026-07-30 09:38:00,5,super,0,18.13.2,True,0.07,positive
2026-07-30 09:31:00,5,good 👍,0,18.13.2,True,0.2,positive
2026-07-30 09:29:00,5,very good,0,18.13.2,True,0.03,positive
2026-07-30 09:27:00,5,Good Experience,0,18.13.2,True,0.07,positive
2026-07-30 09:26:00,5,good 👍,0,18.12.1,True,0.1,positive
2026-07-30 09:13:00,5,Good app for envestment,0,18.13.2,True,0.03,positive
2026-07-30 09:13:00,5,Good work,0,18.13.2,True,0.03,positive
2026-07-30 09:13:00,5,most powerful most easily apps,1,18.14.0,True,0.03,positive
2026-07-30 09:11:00,5,good,0,18.13.2,True,0.08,positive
2026-07-30 09:10:00,5,best stock market,0,18.13.2,True,0.1,positive
2026-07-30 09:08:00,5,best,0,18.13.2,True,0.13,positive
2026-07-30 09:08:00,5,ok,0,18.10.1,True,0.15,positive
2026-07-30 09:07:00,5,best,0,18.13.2,True,0.17,positive
2026-07-30 09:05:00,5,good,0,18.13.2,True,0.2,positive
2026-07-30 09:05:00,5,good,0,18.13.2,True,0.22,positive
2026-07-30 09:02:00,5,awesome,0,18.13.2,True,0.27,positive
2026-07-30 09:00:00,5,😍,0,18.13.2,True,0.07,positive
2026-07-30 08:49:00,5,good,0,18.13.2,True,0.07,positive
2026-07-30 08:49:00,5,this is a very very helpful app .,0,18.14.0,True,0.07,positive
2026-07-30 08:46:00,2,Sometimes it takes so much time to open our portfolio. It's a bit concerning.,2,18.13.2,True,0.13,unthemed
2026-07-30 08:37:00,5,easy for everyone to search in for the future.,0,18.14.0,True,0.08,positive
2026-07-30 08:23:00,5,nice,0,18.14.0,True,0.05,positive
2026-07-30 08:22:00,5,good,0,18.11.1,True,0.07,positive
2026-07-30 08:08:00,5,good 👍,0,18.14.0,True,0.12,positive
2026-07-30 08:04:00,5,Clean,0,18.13.2,True,0.18,positive
2026-07-30 07:56:00,5,Good app,0,18.13.2,True,0.13,positive
2026-07-30 07:55:00,5,user friendly for Beginners Best trading platform,0,18.13.2,True,0.15,positive
2026-07-30 07:49:00,5,Easy and simple use....good experience....,1,18.13.2,True,0.07,positive
2026-07-30 07:48:00,5,great app,0,18.13.2,True,0.08,positive
2026-07-30 07:46:00,5,I have been using it since 2019. User friendly application. Never faced any major issues.,3,18.14.0,True,0.12,positive
2026-07-30 07:26:00,5,good,0,18.14.0,True,0.08,positive
2026-07-30 07:20:00,5,good 👍,0,,True,0.1,positive
2026-07-30 07:16:00,5,good,0,18.13.2,True,0.17,positive
2026-07-30 07:16:00,5,Amazing experience ⭐⭐,0,18.13.2,True,0.17,positive
2026-07-30 07:01:00,5,बहुत बढ़िया ।,0,18.14.0,True,0.05,positive
2026-07-30 06:56:00,5,Very Good,0,18.13.2,True,0.13,positive
2026-07-30 06:46:00,5,good,0,18.13.2,True,0.12,positive
2026-07-30 06:42:00,5,superb,0,18.13.2,True,0.18,positive
2026-07-30 06:32:00,5,Best experience,0,18.13.2,True,0.17,positive
2026-07-30 05:33:00,5,very good,0,18.13.2,True,0.15,positive
2026-07-30 05:25:00,5,good products,0,18.10.1,True,0.1,positive
2026-07-30 04:18:00,5,No. 1 app,0,18.14.0,True,0.13,positive
2026-07-30 03:05:00,5,Good App very user friendly Thanks.,1,18.13.2,True,0.17,positive
2026-07-30 02:47:00,5,excellent 👍,0,18.13.2,True,0.1,positive
2026-07-30 02:14:00,5,good,0,18.11.1,True,0.2,positive
2026-07-30 01:39:00,5,best,0,18.13.2,True,0.05,positive
2026-07-30 00:25:00,5,very good,0,18.13.2,True,0.1,positive
2026-07-30 00:11:00,5,good 👍,0,18.13.2,True,0.07,positive
2026-07-30 00:09:00,5,good app for freshers,0,18.13.2,True,0.1,positive
2026-07-30 00:07:00,5,outstanding,0,18.13.2,True,0.13,positive
2026-07-30 00:05:00,5,egi hai,0,18.13.2,True,0.18,positive
2026-07-30 00:03:00,5,very good,0,18.13.2,True,0.22,positive
2026-07-29 23:49:00,4,nice h bhai jo bhi hai,0,18.14.0,True,0.07,positive
2026-07-29 23:31:00,5,good,0,18.13.2,True,0.18,positive
2026-07-29 23:02:00,4,good,0,18.13.2,True,0.03,positive
2026-07-29 22:56:00,5,good,0,18.13.2,True,0.13,positive
2026-07-29 22:51:00,5,nice app,0,18.13.2,True,0.03,positive
2026-07-29 22:47:00,5,varry nice,0,18.13.2,True,0.1,positive
2026-07-29 22:36:00,5,good,0,18.13.2,True,0.1,positive
2026-07-29 22:34:00,5,💯👍,0,18.13.2,True,0.13,positive
2026-07-29 21:55:00,5,good,0,18.13.2,True,0.15,positive
2026-07-29 21:51:00,5,excellent and very Easy for use and investment,1,18.10.1,True,0.03,positive
2026-07-29 21:39:00,5,thank you,0,18.4.3,True,0.05,positive
2026-07-29 21:08:00,5,good 👍,0,18.13.2,True,0.12,positive
2026-07-29 21:02:00,4,good,0,18.4.3,True,0.03,positive
2026-07-29 21:00:00,2,bad investment slow growth,0,18.13.2,True,0.07,perf
2026-07-29 20:53:00,5,nice 👍👍,1,18.13.2,True,0.18,positive
2026-07-29 20:50:00,5,good,0,18.14.0,True,0.05,positive
2026-07-29 20:49:00,5,good,0,18.13.2,True,0.07,positive
2026-07-29 20:40:00,5,great than greater,0,18.10.1,True,0.03,positive
2026-07-29 20:39:00,4,super,0,18.14.0,True,0.05,positive
2026-07-29 20:30:00,5,good,0,18.13.2,True,0.2,positive
2026-07-29 20:27:00,1,worst than anything...took my 20000 in seconds,0,18.11.1,True,0.07,unthemed
2026-07-29 20:24:00,5,Nice,0,18.12.1,True,0.03,positive
2026-07-29 20:18:00,5,good broker,0,18.13.2,True,0.13,positive
2026-07-29 20:04:00,5,all good service and experience,1,18.13.2,True,0.18,positive
2026-07-29 19:55:00,5,the app and the ui is absolutely good and the friendly help me to short and easy to handle but some concerns here sometime ui feel little bit lagy and slow to update price and chart overall I rate this 9.3 / 10,4,18.13.2,True,0.15,positive
2026-07-29 19:50:00,5,good,0,18.14.0,True,0.05,positive
2026-07-29 19:47:00,3,"it would be better, if we create a watchlist for ourselves and add a few stocks in that, if there any option to comment out a note and if we can rate the stock inside our watchlist.. it would be great...so at the time of market correction, we can directly go to buy stocks from our watchlist which we have rated top..",1,16.13,True,0.1,unthemed
2026-07-29 19:42:00,5,"Best App for Shares, Trading and Intraday, Best Features, Easy To use, not like Angel one that's too Complex and confusing to use. This Groww App is the Best 10/10 from my side. 🙌😎✨",8,18.13.2,True,-1.63,positive
2026-07-29 19:32:00,1,useless app.!,0,18.13.2,True,0.17,unthemed
2026-07-29 19:20:00,1,"Seriously Groww Prime for MFs? You guys started selling Regular MFs in the name of prime. I mean it's a shame. First introduce features like Daily, Weekly, Fortnightly SIPs and get rid of these regular options. Make the money flowing process easy. it's currently the worst. I get my money instantly in Zerodha, Angel one and ICICI direct... Groww just sucks. Focus on one thing at a time.",2,18.14.0,True,0.1,features
2026-07-29 19:12:00,3,I don't know bala ni bad ni but aij loiya taka harai r next week 31k loss,0,18.13.2,True,0.05,unthemed
2026-07-29 19:02:00,5,good,0,18.13.2,True,0.03,positive
2026-07-29 18:57:00,1,worst service plateforrm...,0,18.13.2,True,0.12,unthemed
2026-07-29 18:55:00,5,good 👍,0,18.14.0,True,0.15,positive
2026-07-29 18:46:00,5,good,0,18.12.1,True,0.12,positive
2026-07-29 18:33:00,5,thank you,0,18.13.2,True,0.15,positive
2026-07-29 18:29:00,5,Nice Easy To Understand Everything Stock Details in Depth,0,18.13.2,True,0.03,positive
2026-07-29 18:21:00,5,ok,0,18.14.0,True,0.08,positive
2026-07-29 18:09:00,5,excellent.,0,18.13.2,True,0.1,positive
2026-07-29 18:04:00,5,supeb app,0,18.13.2,True,0.18,positive
2026-07-29 17:48:00,5,👍,0,18.14.0,True,0.08,positive
2026-07-29 17:43:00,5,good,0,18.14.0,True,0.17,positive
2026-07-29 17:19:00,5,very good,0,18.14.0,True,0.12,positive
2026-07-29 17:12:00,4,V nice,0,18.14.0,True,0.05,positive
2026-07-29 17:11:00,5,very nice app,0,18.14.0,True,0.07,positive
2026-07-29 17:05:00,5,good,0,18.14.0,True,0.17,positive
2026-07-29 16:59:00,5,वेरी good,0,18.0.0,True,0.08,positive
2026-07-29 16:52:00,5,good 👍,0,18.13.2,True,0.2,positive
2026-07-29 16:08:00,5,outstanding,0,18.13.2,True,0.12,positive
2026-07-29 16:05:00,5,good experience,0,18.13.2,True,0.17,positive
2026-07-29 16:00:00,5,good 👍,0,18.12.1,True,0.07,positive
2026-07-29 15:58:00,5,fast updates,0,18.14.0,True,0.1,positive
2026-07-29 15:43:00,5,wow,0,18.13.2,True,0.17,positive
2026-07-29 15:42:00,1,worst experience costumer service is worst better to shift on sbi security app,1,18.13.2,True,0.18,unthemed
2026-07-29 15:39:00,3,best app but or function hona chahie,0,18.13.2,True,0.05,unthemed
2026-07-29 15:23:00,4,best,0,18.13.2,True,0.05,positive
2026-07-29 15:16:00,5,Faster and Easy way to do the payments and trading,1,18.11.1,True,0.17,positive
2026-07-29 15:15:00,5,vari good,0,18.13.2,True,0.2,positive
2026-07-29 15:06:00,5,so good,0,,True,0.15,positive
2026-07-29 14:48:00,1,When I filled the details then groww debited 0.01 inr .This is very unsatisfied 😔😔,4,18.13.2,True,0.08,money
2026-07-29 14:31:00,5,સરસ,0,18.13.2,True,0.18,positive
2026-07-29 14:28:00,5,smooth way,0,18.13.2,True,0.05,positive
2026-07-29 14:26:00,1,very thared app,0,,True,0.08,unthemed
2026-07-29 14:06:00,5,super 👍,0,18.13.2,True,0.15,positive
2026-07-29 14:05:00,5,good,0,18.14.0,True,0.17,positive
2026-07-29 13:59:00,5,nice,0,18.13.2,True,0.08,positive
2026-07-29 13:55:00,5,useful app... easy to use. compatible for new users.,2,18.13.2,True,0.15,positive
2026-07-29 13:42:00,4,super,0,18.14.0,True,0.18,positive
2026-07-29 13:21:00,5,App is very smooth and fine. Fast scrolling and impressive option menus. I liked it very much. New-era business times are here now.,6,18.13.2,True,0.08,positive
2026-07-29 13:17:00,5,good but trading charges jyada hai long term m,0,18.14.0,True,0.15,positive
2026-07-29 13:12:00,5,superb,0,18.13.2,True,0.05,positive
2026-07-29 13:05:00,1,withdrawal process very worst not a given 24 hours payment,0,18.14.0,True,0.17,money
2026-07-29 12:58:00,5,Very good performance,0,18.13.2,True,0.1,positive
2026-07-29 12:51:00,3,ok ok app,0,18.14.0,True,0.03,unthemed
2026-07-29 12:49:00,3,very nice 👍,0,18.13.2,True,0.07,unthemed
2026-07-29 12:47:00,5,"very good platform. easy to use, no glitches and very investor friendly.",10,18.14.0,True,0.1,positive
2026-07-29 12:46:00,5,"very good serv, - easy investment,easy transactions.",1,18.14.0,True,0.13,positive
2026-07-29 12:34:00,5,soo good 👍,0,18.12.1,True,0.13,positive
2026-07-29 12:31:00,1,not good for me,0,18.13.2,True,0.18,unthemed
2026-07-29 12:26:00,4,good,0,18.12.1,True,0.08,positive
2026-07-29 12:24:00,5,good,0,18.13.2,True,0.03,positive
2026-07-29 12:24:00,5,good,0,18.14.0,True,0.03,positive
2026-07-29 12:21:00,4,trust,0,18.13.2,True,0.08,positive
2026-07-29 12:20:00,5,very good,0,18.7.1,True,0.12,positive
2026-07-29 12:13:00,1,"The final amount changes after the order is executed. Previously, the final amount was displayed upfront, but now the amount is adjusted after execution, causing the Wallet balance to show a negative amount. This feels misleading and unethical.",2,,True,-14.78,money
2026-07-29 12:10:00,4,easy to use..,0,18.13.2,True,0.08,positive
2026-07-29 12:06:00,5,esay investment,0,18.13.2,True,0.15,positive
2026-07-29 12:01:00,5,good,1,18.13.2,True,0.05,positive
2026-07-29 11:59:00,3,Plz Update Company Result Shedule in Groww Chart,0,,True,0.08,"features,perf"
2026-07-29 11:56:00,5,good,0,18.14.0,True,0.13,positive
2026-07-29 11:55:00,5,Nice,0,18.14.0,True,0.17,positive
2026-07-29 11:53:00,5,very nice,0,18.13.1,True,0.2,positive
2026-07-29 11:45:00,5,good,0,18.13.2,True,0.13,positive
2026-07-29 11:42:00,5,good,0,18.12.1,True,0.18,positive
2026-07-29 11:39:00,5,good,0,18.13.2,True,0.05,positive
2026-07-29 11:39:00,1,bahut bad app hai,0,,True,0.05,unthemed
2026-07-29 11:24:00,5,best app,0,18.13.2,True,0.03,positive
2026-07-29 11:10:00,5,nic,1,18.13.2,True,0.08,positive
2026-07-29 11:08:00,5,good morning dear friend and complete 😊,0,,True,0.12,positive
2026-07-29 11:05:00,5,Good 👍,0,18.12.1,True,0.17,positive
2026-07-29 11:04:00,5,good,0,18.14.0,True,0.2,positive
2026-07-29 11:04:00,5,we can watch our growth clearly,0,18.13.2,True,0.2,positive
2026-07-29 11:03:00,5,bahot acha h sahi jankari milti h pl kya yaha pr meri koi help kar sakta h kya kab or kaise lena share pl contact no ho toh dijiye,0,18.13.2,True,0.22,positive
2026-07-29 10:58:00,4,easy-to-use and smooth functioning,1,18.13.2,True,0.1,positive
2026-07-29 10:57:00,5,verry good,0,18.11.1,True,0.12,positive
2026-07-29 10:55:00,5,good aap,0,18.13.2,True,0.15,positive
2026-07-29 10:55:00,5,Good 😊👍,0,18.13.2,True,0.17,positive
2026-07-29 10:46:00,3,very good,0,18.13.2,True,0.12,unthemed
2026-07-29 10:42:00,5,good for students,0,18.13.2,True,0.18,positive
2026-07-29 10:40:00,5,very nice,0,18.13.2,True,0.03,positive
2026-07-29 10:33:00,5,Good,0,18.13.2,True,0.17,positive
2026-07-29 10:33:00,5,very good,0,18.14.0,True,0.17,positive
2026-07-29 10:30:00,5,Good,1,18.5.0,True,0.22,positive
2026-07-29 10:25:00,1,ro much charge,0,18.13.2,True,0.1,charges
2026-07-29 10:24:00,1,very disgusting in so bad experience,0,18.13.2,True,0.03,unthemed
2026-07-29 10:22:00,5,good 😊,0,,True,0.07,positive
2026-07-29 10:21:00,5,ok,0,18.13.2,True,0.08,positive
2026-07-29 10:14:00,5,nice,0,18.13.2,True,0.22,positive
2026-07-29 10:12:00,1,very bad experience today my order stuck am trying to cancel the order or exit from it but I can't do because of grow technical issue,3,18.14.0,True,0.05,perf
2026-07-29 10:11:00,5,nice app,0,18.13.2,True,0.07,positive
2026-07-29 10:11:00,5,achcha app se khatam 😊😊,0,18.14.0,True,0.07,positive
2026-07-29 10:11:00,5,good 👍,0,18.14.0,True,0.08,positive
2026-07-29 10:10:00,5,very good 👍😊,0,18.14.0,True,0.1,positive
2026-07-29 10:08:00,4,Very nice 👍,0,18.13.2,True,0.13,positive
2026-07-29 10:08:00,4,"I've had a good overall experience with the Groww app, but there's one area that needs improvement. Some information is not presented in a clear order, especially the shareholding pattern and quarterly financial data. The current layout can be confusing and makes it difficult to quickly understand the latest updates and compare past quarters. A better-organized and more intuitive presentation of financial information would make the app much more useful for investors.",14,18.14.0,True,0.15,positive
2026-07-29 10:07:00,5,superb experience,0,18.14.0,True,0.17,positive
2026-07-29 10:02:00,5,very simple to operate and fully transparent activities and faster,3,18.13.2,True,0.03,positive
2026-07-29 09:59:00,5,good,0,18.14.0,True,0.08,positive
2026-07-29 09:59:00,5,"Brother, I don't think any platform is better than this one. I hardly want to use any other platform. So I want everyone to try it once. It is very simple and reliable.",2,18.10.1,True,0.08,positive
2026-07-29 09:55:00,5,good,0,18.13.2,True,-163.5,positive
2026-07-29 09:54:00,5,nice 🙂,0,18.13.2,True,0.18,positive
2026-07-29 09:52:00,5,good,0,18.14.0,True,0.22,positive
2026-07-29 09:40:00,5,good 👍,0,18.14.0,True,0.03,positive
2026-07-29 09:40:00,5,😍😍,0,18.14.0,True,0.03,positive
2026-07-29 09:35:00,5,good 👍,0,18.13.2,True,0.12,positive
2026-07-29 09:33:00,5,Best,0,18.14.0,True,0.17,positive
2026-07-29 09:30:00,5,good 👍,0,18.13.2,True,0.22,positive
2026-07-29 09:18:00,5,ok,0,18.13.2,True,0.13,positive
2026-07-29 09:16:00,4,very good app,0,18.13.2,True,0.17,positive
2026-07-29 09:15:00,5,very cool 😎,0,18.14.0,True,0.18,positive
2026-07-29 09:15:00,5,groww trading AAP good,0,18.14.0,True,0.2,positive
2026-07-29 09:08:00,5,super,0,18.13.2,True,0.1,positive
2026-07-29 09:01:00,5,good,0,18.14.0,True,0.05,positive
2026-07-29 09:01:00,5,good,0,18.9.0,True,0.05,positive
2026-07-29 08:48:00,5,good 👍,0,18.13.2,True,0.08,positive
2026-07-29 08:38:00,5,very good,0,18.10.1,True,0.07,positive
2026-07-29 08:33:00,5,good,0,18.13.1,True,0.15,positive
2026-07-29 08:33:00,5,goot,0,18.14.0,True,0.15,positive
2026-07-29 08:31:00,5,"good app,,, 👍",0,18.13.2,True,0.2,positive
2026-07-29 08:21:00,5,good,0,18.13.2,True,0.08,positive
2026-07-29 08:19:00,5,nice,0,18.13.2,True,0.12,positive
2026-07-29 08:15:00,5,"Groww app is simple and best for investment.... Like: SIP, stock etc...",4,18.14.0,True,0.18,positive
2026-07-29 08:15:00,5,fast,0,18.14.0,True,0.2,positive
2026-07-29 08:06:00,5,superb,0,18.13.2,True,0.15,positive
2026-07-29 08:00:00,5,best,0,18.13.2,True,0.07,positive
2026-07-29 08:00:00,5,good,0,18.14.0,True,0.07,positive
2026-07-29 07:55:00,4,all good but high,0,18.13.2,True,0.15,positive
2026-07-29 07:41:00,5,best,0,18.12.1,True,0.2,positive
2026-07-29 07:30:00,5,thanks new update,0,18.10.1,True,0.2,positive
2026-07-29 07:25:00,5,good,0,18.13.2,True,0.1,positive
2026-07-29 07:25:00,5,best,0,18.14.0,True,0.12,positive
2026-07-29 07:23:00,4,"The features and server of the app are very good, but grow up charges a lot.",5,18.13.2,True,0.05,positive
2026-07-29 06:56:00,5,good,0,18.13.2,True,0.13,positive
2026-07-29 06:32:00,5,best aap for stock,0,,True,0.17,positive
2026-07-29 06:15:00,5,Too easy to use.,0,18.13.2,True,0.18,positive
2026-07-29 06:00:00,5,Nice,0,18.4.2,True,0.07,positive
2026-07-29 05:37:00,5,very good application 💯,0,18.13.2,True,0.08,positive
2026-07-29 05:32:00,4,best for investing,0,18.13.2,True,0.17,positive
2026-07-29 04:59:00,4,best app,0,18.13.2,True,0.08,positive
2026-07-29 02:34:00,5,best,0,18.13.2,True,0.13,positive
2026-07-29 02:12:00,1,delay in updation everything,0,18.14.0,True,0.05,unthemed
2026-07-29 01:59:00,5,Best,0,18.13.2,True,0.08,positive
2026-07-29 01:51:00,5,very good app 🥰,0,18.13.2,True,0.03,positive
2026-07-29 01:38:00,1,"Very disappointing experience. Some brokers asked for my Groww login password, saying they would manage my account and show profits. I trusted them and shared my credentials, after which I suffered losses of around ₹7 lakh. I request Groww to investigate the account activity, check whether these people were authorised, and provide a proper explanation. I have evidence and details regarding this issue. Please take this complaint seriously and contact me.",0,,True,0.07,money
2026-07-29 01:14:00,5,very good 💯,0,18.13.2,True,0.2,positive
2026-07-29 00:56:00,5,good 👍,0,18.9.0,True,0.13,positive
2026-07-29 00:26:00,5,super,0,18.14.0,True,0.08,positive
2026-07-29 00:18:00,5,good,0,18.13.2,True,0.13,positive
2026-07-29 00:11:00,5,"real App good work i,m happy",0,18.13.2,True,0.07,positive
2026-07-28 23:49:00,5,theis is op app groww app is op legend ♥️♥️♥️♥️💯💯💯💯,0,,True,0.07,positive
2026-07-28 23:48:00,5,very nice aplication in 5 star,0,18.14.0,True,0.08,positive
2026-07-28 23:23:00,5,Nice 👍,0,18.14.0,True,0.05,positive
2026-07-28 23:15:00,5,very nice,0,,True,0.18,positive
2026-07-28 22:41:00,5,Good,0,18.13.2,True,0.2,positive
2026-07-28 22:37:00,5,absolutely awesome and friendly,0,18.14.0,True,0.08,positive
2026-07-28 22:36:00,5,superb,0,18.14.0,True,0.1,positive
2026-07-28 22:32:00,5,my best favourite ☺️,5,18.14.0,True,-0.1,positive
2026-07-28 22:22:00,5,good,1,18.12.1,True,0.07,positive
2026-07-28 21:43:00,5,super,0,18.13.2,True,0.17,positive
2026-07-28 21:27:00,1,"updated the app but new features like networth, switch between any two fund houses not showing...",2,18.14.0,True,-12438.1,unthemed
2026-07-28 21:24:00,5,favourite app,0,18.13.2,True,0.03,positive
2026-07-28 21:09:00,5,nice easy app,0,18.12.1,True,0.1,positive
2026-07-28 20:58:00,4,Groww always Groww,0,18.13.2,True,0.1,positive
2026-07-28 20:56:00,5,good application,0,18.12.1,True,0.13,positive
2026-07-28 20:52:00,5,good,0,18.13.2,True,0.22,positive
2026-07-28 20:39:00,5,best app,0,18.13.2,True,0.05,positive
2026-07-28 20:32:00,5,good,0,18.13.2,True,0.17,positive
2026-07-28 20:32:00,5,good,0,18.14.0,True,0.17,positive
2026-07-28 20:13:00,1,panoti app har bar paise jate khali naam ka grow hai asli mai barbad ho jate,0,18.11.1,True,0.03,unthemed
2026-07-28 20:08:00,5,👍,0,18.14.0,True,0.12,positive
2026-07-28 19:58:00,5,"Really good app, easy to use and providing so many info related to the stocks",2,18.13.2,True,0.1,positive
2026-07-28 19:52:00,5,very nice real Goold,0,,True,0.2,positive
2026-07-28 19:51:00,5,naic supar,0,18.10.1,True,0.03,positive
2026-07-28 19:41:00,5,helpful,0,18.13.2,True,0.2,positive
2026-07-28 19:31:00,5,this app is good,0,18.11.1,True,0.18,positive
2026-07-28 19:29:00,5,good,0,18.13.2,True,0.03,positive
2026-07-28 19:29:00,5,good 👍,0,18.13.2,True,0.03,positive
2026-07-28 19:26:00,5,outstanding,0,18.13.2,True,0.08,positive
2026-07-28 19:22:00,5,Very convenient app even for new users it's very easy to check whatever we wanna check,2,18.13.2,True,0.07,positive
2026-07-28 19:14:00,5,good app,0,18.13.2,True,0.2,positive
2026-07-28 19:08:00,5,very nice,0,18.13.2,True,0.1,positive
2026-07-28 19:04:00,4,it's good,0,18.14.0,True,0.17,positive
2026-07-28 19:02:00,5,excellent,0,18.12.1,True,0.03,positive
2026-07-28 18:56:00,5,good 👍,1,18.13.2,True,0.13,positive
2026-07-28 18:44:00,5,exlence demate service,0,18.12.1,True,0.15,positive
2026-07-28 18:41:00,5,best experience,0,18.13.2,True,0.2,positive
2026-07-28 18:37:00,5,good,0,18.12.1,True,0.08,positive
2026-07-28 18:06:00,3,OK OK,0,,True,0.15,unthemed
2026-07-28 18:01:00,2,The bullet loan example shows borrowing at a daily interest rate. Total repayment includes applicable fees and interest charges.,1,18.13.2,True,0.05,charges
2026-07-28 17:57:00,4,good,0,18.14.0,True,0.12,positive
2026-07-28 17:56:00,2,beautiful,1,18.13.2,True,0.13,unthemed
2026-07-28 17:55:00,5,good 👍,1,18.13.2,True,0.17,positive
2026-07-28 17:27:00,5,Best app for beginners.,0,18.14.0,True,0.07,positive
2026-07-28 17:11:00,5,too easy or best for beginners,0,18.13.2,True,0.07,positive
2026-07-28 16:57:00,4,nice,0,18.13.2,True,0.12,positive
2026-07-28 16:43:00,5,The app is good. user friendly.,0,18.13.2,True,0.15,positive
2026-07-28 16:38:00,1,GROWW APP IS THIRD CLASS APP STOPSLOSS NOTE WORKING AND CUSTOMER CARE IS NOTE RISPODED THAIRD CLAASS APP . GROWW IS SCAM APP STOPSLOSS NOTE WORKING.ITS BIG LOSS ..AND CUSTOMER CARE GROWW NOTE AMMOUNT RITARN,2,18.14.0,True,-0.12,support
2026-07-28 16:27:00,1,I'm using this app for along 6 months and this is worst application for traders with nonsense prediction better you choose other one then this,2,18.12.1,True,0.07,unthemed
2026-07-28 16:24:00,5,"Great app with a clean and user-friendly interface. It makes investing simple and easy to understand, even for beginners. The account setup is smooth, transactions are fast, and the educational resources are very helpful. Overall, it's a reliable platform for managing investments. Highly recommended!",13,18.13.2,True,0.03,positive
2026-07-28 16:10:00,5,Best,0,18.13.2,True,0.08,positive
2026-07-28 15:57:00,5,good 👍,0,18.12.1,True,0.12,positive
2026-07-28 15:47:00,5,excellent,0,18.13.2,True,0.1,positive
2026-07-28 15:42:00,5,Very Convenient to use.,0,18.12.1,True,0.18,positive
2026-07-28 15:41:00,5,good experience,0,18.14.0,True,0.2,positive
2026-07-28 15:38:00,4,please upgrade option chain data... along with ... * max pain *resistance *support,1,18.1.1,True,0.07,positive
2026-07-28 15:31:00,5,ok,0,18.8.1,True,0.18,positive
2026-07-28 15:26:00,5,इत वर्क,0,18.13.2,True,0.08,positive
2026-07-28 15:26:00,3,The dashboard is not attractive like other apps. We can't see the mutual funds allocation and can't add the family portfolio.,1,,True,0.08,unthemed
2026-07-28 15:25:00,5,awesome,0,18.13.2,True,0.1,positive
2026-07-28 15:24:00,5,very nice charges kam kero thoda,0,18.13.2,True,0.03,positive
2026-07-28 15:18:00,5,Nice,0,18.1.1,True,0.13,positive
2026-07-28 15:14:00,5,Best 👌,0,18.13.2,True,0.22,positive
2026-07-28 15:13:00,5,Good,0,18.13.2,True,0.03,positive
2026-07-28 15:06:00,5,best apps,0,18.10.1,True,0.15,positive
2026-07-28 14:58:00,5,ok,0,18.14.0,True,0.1,positive
2026-07-28 14:54:00,5,its good 👍,0,18.13.2,True,0.17,positive
2026-07-28 14:50:00,5,ok,0,18.13.2,True,0.05,positive
2026-07-28 14:37:00,4,good,0,,True,0.08,positive
2026-07-28 14:27:00,5,nice performance,0,18.11.1,True,0.07,positive
2026-07-28 14:25:00,5,nice 👍,0,18.13.2,True,0.1,positive
2026-07-28 14:20:00,5,best,1,18.13.2,True,0.1,positive
2026-07-28 14:18:00,5,osm,1,18.13.2,True,0.13,positive
2026-07-28 14:08:00,1,very bad app,1,18.13.2,True,0.12,unthemed
2026-07-28 14:03:00,1,"They make it unnecessarily hard to transfer and close your demat account. The way they process queries tests your patience. The customer care ends conversation abruptly when it is related to closure. They make it unnecessarily expensive to transfer your holdings, hoping you will give up. Edit: Don't be fooled by their response here. Their respond so slowly, that I get faster response from official complaints with CDSL or SEBI",6,18.13.2,True,0.2,support
2026-07-28 13:59:00,5,everything is good 👍,1,18.14.0,True,0.08,positive
2026-07-28 13:59:00,5,excellent,1,18.13.2,True,0.08,positive
2026-07-28 13:58:00,5,good,1,18.14.0,True,0.1,positive
2026-07-28 13:56:00,5,good,0,18.13.2,True,0.15,positive
2026-07-28 13:51:00,5,Good,0,18.13.2,True,0.03,positive
2026-07-28 13:50:00,5,❤️,0,18.13.2,True,0.05,positive
2026-07-28 13:42:00,1,never download this app,0,,True,0.2,unthemed
2026-07-28 13:37:00,5,good,0,18.13.2,True,0.08,positive
2026-07-28 13:33:00,5,very good 👍👍😊,0,18.10.1,True,0.15,positive
2026-07-28 13:30:00,1,chart delay,0,18.13.2,True,0.2,features
2026-07-28 13:24:00,5,is the best अप्प groww apo,0,18.12.1,True,0.03,positive
2026-07-28 13:22:00,5,my favourite app,0,18.13.2,True,0.07,positive
2026-07-28 13:02:00,5,good for treding,0,18.13.2,True,0.03,positive
2026-07-28 12:59:00,2,"Badass , too much hang , pause while trading, I'm using this, app since 4 years, never give bad reviews, thought it will work better in future, but no it's get lagging more , no help , no support.",5,18.14.0,True,0.08,"support,perf"
2026-07-28 12:56:00,5,good,0,17.7,True,0.13,positive
2026-07-28 12:55:00,5,good,0,18.13.2,True,0.17,positive
2026-07-28 12:55:00,5,good warking,0,18.13.2,True,0.17,positive
2026-07-28 12:42:00,5,"This app is really good for traders and innovation for our future it's mutual fund,F&O, Nifty 50 is good",2,18.14.0,True,0.18,positive
2026-07-28 12:41:00,5,"App is very good , if possible please mention portfolios number of in front schemes",1,18.13.2,True,0.2,positive
2026-07-28 12:40:00,5,good,0,18.13.2,True,0.03,positive
2026-07-28 12:40:00,5,easy to understand,0,18.13.2,True,0.03,positive
2026-07-28 12:33:00,5,good,0,18.14.0,True,0.17,positive
2026-07-28 12:31:00,3,helpfull,0,18.13.2,True,0.2,unthemed
2026-07-28 12:29:00,5,Sustainable chart with Information,1,18.14.0,True,0.03,positive
2026-07-28 12:29:00,1,bakwas,0,,True,0.03,unthemed
2026-07-28 12:24:00,5,good,0,18.13.2,True,0.12,positive
2026-07-28 12:11:00,4,amezing,1,18.13.2,True,0.07,positive
2026-07-28 12:09:00,5,like,1,18.13.2,True,0.1,positive
2026-07-28 12:03:00,5,I can do whatever I want to do in this app.,0,18.10.1,True,0.2,positive
2026-07-28 11:59:00,5,[NAME] tk to badiya hai,0,18.13.2,True,0.08,positive
2026-07-28 11:57:00,5,super,0,18.13.2,True,0.12,positive
2026-07-28 11:52:00,5,super 😍,0,18.13.2,True,0.2,positive
2026-07-28 11:46:00,1,"Very disappointing MTF experience. Groww promotes MTF aggressively but doesn't clearly explain that selling an MTF position may deduct shares from your regular holdings first if you own the same stock. This confusing and non-transparent behavior caused me to incur a loss of around ₹18,000. Users deserve clear warnings and transparency before placing orders.",1,18.13.2,True,0.12,charges
2026-07-28 11:37:00,5,"I am unable to to use 1 tap scalping mode in groww please 🥺🥺🥺 take some step......In the scalping button there is always stays Add money options I don't know why 😭😭😭......15.07.2026...app version is disgusting please repair this....... ...28.07.2026...excellent version.... thank you grow to give us such a good system...,❤️❤️❤️❤️❤️❤️❤️❤️",12,18.14.0,True,-310.17,positive
2026-07-28 11:33:00,5,good 👍,0,18.14.0,True,0.15,positive
2026-07-28 11:33:00,4,ok nice,0,18.13.2,True,0.15,positive
2026-07-28 11:30:00,1,worst service ever... i placed a redemption order a week ago .. but did not receive any amount,0,,True,0.22,unthemed
2026-07-28 11:29:00,5,good and easy for beginners in stock market,1,18.13.2,True,0.03,positive
2026-07-28 11:15:00,5,nice,0,18.13.2,True,0.18,positive
2026-07-28 10:49:00,5,nice,0,18.13.2,True,0.07,positive
2026-07-28 10:32:00,5,good,0,18.13.2,True,0.17,positive
2026-07-28 10:27:00,5,good,0,18.14.0,True,0.07,positive
2026-07-28 10:16:00,5,Fast,0,18.13.2,True,0.17,positive
2026-07-28 10:15:00,5,groww is the best,0,18.14.0,True,0.2,positive
2026-07-28 10:14:00,5,Overall Good,0,18.13.2,True,0.22,positive
2026-07-28 10:11:00,5,good,0,18.13.2,True,0.07,positive
2026-07-28 10:09:00,1,"Very disappointing experience. I have been trying to transfer stocks from my Groww account for a long time, but the process is unnecessarily complicated and confusing. Even after completing CDSL Easiest registration and all required steps, the transfer still doesn't work smoothly. In contrast, Angel One offers a simple in-app stock transfer process. Groww should improve this feature and provide a more user-friendly experience.",12,18.13.2,True,0.1,unthemed
2026-07-28 10:09:00,5,good 😊,0,18.13.2,True,0.1,positive
2026-07-28 10:01:00,5,yah bahut achcha hai aur ismein Paisa turant vidroh ho jata hai aur badhiya app hai ekadam,0,18.13.2,True,0.05,positive
2026-07-28 10:01:00,5,nice app,0,18.13.2,True,0.05,positive
2026-07-28 09:54:00,5,fantastic 😊,0,18.13.2,True,0.17,positive
2026-07-28 09:52:00,1,ok,0,18.13.2,True,0.22,unthemed
2026-07-28 09:51:00,5,good work,0,18.13.2,True,0.03,positive
2026-07-28 09:49:00,5,super,0,18.11.1,True,0.07,positive
2026-07-28 09:46:00,5,good,0,18.13.2,True,0.12,positive
2026-07-28 09:45:00,4,ok,0,18.13.2,True,0.15,positive
2026-07-28 09:45:00,5,good app for investment and trading,1,18.14.0,True,0.15,positive
2026-07-28 09:41:00,4,best,0,18.13.2,True,0.23,positive
2026-07-28 09:31:00,2,windows ke liye charts par pahle wale Buy and sell button vapas update karo kyunki [NAME] new buttons bekar h,1,18.14.0,True,0.18,"perf,features"
2026-07-28 09:24:00,5,I'm very happy thank you,0,18.13.2,True,0.03,positive
2026-07-28 09:19:00,5,best app for trading,0,18.13.2,True,0.12,positive
2026-07-28 09:11:00,5,good👍,0,18.8.1,True,0.07,positive
2026-07-28 09:09:00,4,good,0,18.13.2,True,0.1,positive
2026-07-28 09:07:00,4,নমস্কার,0,18.13.2,True,0.13,positive
2026-07-28 09:06:00,5,very nice app,0,18.13.2,True,0.17,positive
2026-07-28 09:06:00,5,jyada brokerage i am not satisfied,0,18.13.2,True,0.17,positive
2026-07-28 08:44:00,5,excellent performance,0,18.12.1,True,0.15,positive
2026-07-28 08:34:00,5,excellent,0,18.14.0,True,0.13,positive
2026-07-28 08:31:00,5,Nice,0,18.13.2,True,0.18,positive
2026-07-28 08:24:00,5,thank,0,18.13.2,True,0.03,positive
2026-07-28 07:46:00,5,super,0,18.13.2,True,0.12,positive
2026-07-28 07:39:00,1,"in tablet it doesn't rotate, hence difficult to use.",2,18.14.0,True,0.05,unthemed
2026-07-28 06:55:00,5,excellent,0,18.13.2,True,0.15,positive
2026-07-28 06:47:00,5,nice,0,18.13.2,True,0.1,positive
2026-07-28 06:10:00,5,ভালো,0,18.13.2,True,0.08,positive
2026-07-28 05:58:00,5,excellent application,0,18.14.0,True,0.1,positive
2026-07-28 05:47:00,5,good app,0,18.14.0,True,0.1,positive
2026-07-28 05:44:00,5,nice interface and please keep updating and make it more smoothly,1,18.13.2,True,0.15,positive
2026-07-28 05:35:00,3,whenever I want to login message showing Sterlite and something went wrong! I can't even invest or see my portfolio.,3,18.11.1,True,0.12,money
2026-07-28 05:24:00,5,thise app is believeble ...,0,18.13.2,True,0.03,positive
2026-07-28 04:45:00,5,best app for mutual funds,0,18.13.2,True,0.13,positive
2026-07-28 04:15:00,5,good 👍,0,18.13.2,True,0.18,positive
2026-07-28 02:20:00,5,nice,0,18.13.2,True,0.1,positive
2026-07-28 01:40:00,5,great,0,18.13.2,True,0.03,positive
2026-07-28 01:04:00,5,excellent,0,18.14.0,True,0.18,positive
2026-07-28 00:23:00,5,nice app,0,18.13.2,True,0.05,positive
2026-07-28 00:13:00,5,very nice,0,18.13.2,True,0.03,positive
2026-07-27 23:44:00,5,very good,0,18.8.1,True,0.15,positive
2026-07-27 23:41:00,5,Good application,0,18.13.2,True,0.2,positive
2026-07-27 23:36:00,5,good,0,18.12.1,True,0.1,positive
2026-07-27 23:18:00,5,ok,0,18.14.0,True,0.13,positive
2026-07-27 22:39:00,5,it's helpful to people,0,18.13.2,True,0.05,positive
2026-07-27 22:35:00,1,best,0,18.13.2,True,0.12,unthemed
2026-07-27 22:34:00,5,"I've been using the Groww app for the last two years, and it's been an amazing experience. The app is fast, user-friendly, and packed with great features. I especially love the new split-screen feature for scalping in the latest update—it makes trading much more convenient. One suggestion: please add a stop-loss feature for scalping. That would make the trading experience even better, and in my opinion, no other trading app would be able to compete with Groww.",7,18.13.2,True,0.13,positive
2026-07-27 22:29:00,4,Good,0,,True,0.03,positive
2026-07-27 22:24:00,4,very nice,0,18.1.1,True,0.03,positive
2026-07-27 22:03:00,5,Good 👍,0,18.13.2,True,0.2,positive
2026-07-27 21:54:00,4,great app,1,18.0.0,True,0.17,positive
2026-07-27 21:47:00,5,good App,0,18.12.1,True,0.1,positive
2026-07-27 21:34:00,5,good work,0,18.14.0,True,0.13,positive
2026-07-27 21:30:00,5,very nice,0,16.22,True,0.2,positive
2026-07-27 21:23:00,5,🥰,0,17.7,True,0.05,positive
2026-07-27 21:03:00,5,excellent,0,18.13.2,True,0.18,positive
2026-07-27 20:54:00,5,best aap for stock market,0,18.12.1,True,0.17,positive
2026-07-27 20:40:00,5,nice,0,18.13.2,True,0.22,positive
2026-07-27 20:23:00,5,nice,0,18.13.2,True,0.52,positive
2026-07-27 20:11:00,5,good 👍,0,18.11.1,True,0.07,positive
2026-07-27 20:02:00,5,awesome experience 👍🏼,0,17.52,True,0.03,positive
2026-07-27 19:42:00,5,best app for trading,0,18.11.1,True,0.18,positive
2026-07-27 19:36:00,4,nice,1,18.13.2,True,0.1,positive
2026-07-27 19:18:00,1,Expensive lone provide,0,17.72,True,0.13,unthemed
2026-07-27 19:01:00,5,verry nice,0,18.8.1,True,0.05,positive
2026-07-27 18:55:00,5,this app payment investment good,0,18.13.2,True,0.15,positive
2026-07-27 18:38:00,5,good,0,18.13.2,True,0.07,positive
2026-07-27 18:35:00,5,good,0,18.13.2,True,0.12,positive
2026-07-27 18:33:00,5,app vire nice,0,,True,0.17,positive
2026-07-27 18:05:00,4,gold is good I'm sip new,0,18.13.2,True,0.17,positive
2026-07-27 18:01:00,5,good,0,18.13.2,True,0.05,positive
2026-07-27 17:49:00,5,Very easy to use interface and informative,7,18.13.2,True,0.07,positive
2026-07-27 17:49:00,5,nice app,0,18.13.2,True,0.07,positive
2026-07-27 17:44:00,2,some time glitch,0,18.13.2,True,0.15,perf
2026-07-27 17:16:00,2,new to here hope something be good happen here.,0,18.13.2,True,0.17,unthemed
2026-07-27 17:15:00,4,good,0,,True,0.18,positive
2026-07-27 17:10:00,5,supreme,0,18.13.2,True,0.08,positive
2026-07-27 16:23:00,5,great,0,18.13.2,True,0.05,positive
2026-07-27 16:14:00,1,"Taking too much money as brokerage while trading in mtf, have lot off hidden charges...",3,18.14.0,True,0.2,charges
2026-07-27 16:12:00,5,Good platform for everyone,0,18.13.2,True,0.05,positive
2026-07-27 16:03:00,5,good,0,18.13.2,True,0.2,positive
2026-07-27 15:53:00,5,nice platform to invest money,1,18.13.2,True,0.18,positive
2026-07-27 15:50:00,5,groww is best app in stock market,0,18.13.2,True,0.05,positive
2026-07-27 15:42:00,5,good 👍,0,18.13.2,True,0.18,positive
2026-07-27 15:37:00,5,very easy to understand trading,2,18.14.0,True,0.08,positive
2026-07-27 15:24:00,5,good 👍,0,18.12.1,True,0.03,positive
2026-07-27 15:12:00,5,good platform 👍👍 i recommend apps platform,0,18.13.2,True,0.05,positive
2026-07-27 14:50:00,5,exilent,0,18.13.2,True,0.05,positive
2026-07-27 14:47:00,5,good,0,18.13.2,True,0.1,positive
2026-07-27 14:47:00,1,not getting OTPs. App is getting stuck.,2,18.13.2,True,0.1,perf
2026-07-27 14:43:00,5,good,0,18.13.2,True,0.18,positive
2026-07-27 14:41:00,5,very good,0,18.11.1,True,0.22,positive
2026-07-27 14:36:00,5,It is simple and easy.,0,18.13.2,True,0.1,positive
2026-07-27 14:34:00,5,nice app,0,18.13.2,True,0.13,positive
2026-07-27 14:27:00,5,it's easy to understand,0,18.13.2,True,0.07,positive
2026-07-27 14:22:00,4,excellent 👌,0,18.14.0,True,0.07,positive
2026-07-27 14:19:00,5,Nice,0,18.12.1,True,0.12,positive
2026-07-27 14:18:00,5,Very Good in Stock Market Field l am very happy with Groww Service 🥳,0,18.14.0,True,0.15,positive
2026-07-27 14:15:00,1,one of the very worst experience of setting up account its nothing but a waste of time and efforts even after complaining to customer care regarding the issue of not being able to set up the account its of no use . I have got zero support from the groww team it just tests your patience. pathetic experience,5,18.13.2,True,0.2,support
2026-07-27 14:08:00,5,goog,0,18.13.2,True,0.12,positive
2026-07-27 14:08:00,5,V good,0,18.13.2,True,0.12,positive
2026-07-27 14:07:00,5,very helpful platform,0,18.13.2,True,0.13,positive
2026-07-27 14:06:00,4,thik,0,18.13.2,True,0.17,positive
2026-07-27 13:42:00,5,mast he,1,18.13.2,True,0.18,positive
2026-07-27 13:36:00,5,good groww,1,18.13.2,True,0.1,positive
2026-07-27 13:35:00,5,good,1,,True,0.12,positive
2026-07-27 13:21:00,5,best,1,18.13.2,True,0.08,positive
2026-07-27 13:18:00,5,nice app,0,18.13.2,True,0.13,positive
2026-07-27 13:15:00,4,super,0,18.12.1,True,0.2,positive
2026-07-27 13:13:00,5,Great App,0,18.13.2,True,0.03,positive
2026-07-27 13:10:00,5,Good 👍,0,18.13.2,True,0.08,positive
2026-07-27 13:10:00,5,good app,0,18.13.2,True,0.08,positive
2026-07-27 13:01:00,5,good,0,18.13.2,True,0.05,positive
2026-07-27 12:58:00,4,v nice,0,18.13.2,True,0.1,positive
2026-07-27 12:50:00,5,This is best app,0,18.13.2,True,0.05,positive
2026-07-27 12:50:00,5,UI preference for me . it's great and very easy for a beginner. I understand it's not that helpful in F&O but I have been using this app for the last 5 years and I am very optimistic that they will enhance their product.,11,18.13.2,True,0.05,positive
2026-07-27 12:44:00,5,good,1,18.14.0,True,0.15,positive
2026-07-27 12:37:00,4,It's is very user friendly,0,18.13.2,True,0.08,positive
2026-07-27 12:37:00,2,custamer care service not good,0,18.13.2,True,0.08,unthemed
2026-07-27 12:36:00,5,very good,0,18.13.2,True,0.1,positive
2026-07-27 12:19:00,5,good,0,18.13.2,True,0.12,positive
2026-07-27 12:15:00,5,very good trading app,0,18.13.2,True,0.2,positive
2026-07-27 12:01:00,4,nice,0,18.13.2,True,0.05,positive
2026-07-27 11:57:00,5,good 👍,0,18.13.2,True,0.12,positive
2026-07-27 11:53:00,5,very good,0,18.13.2,True,0.18,positive
2026-07-27 11:50:00,1,I try to withdraw money from groww account to my bank account it's failing since jul 21,0,18.13.2,True,0.05,money
2026-07-27 11:45:00,1,ब्रोकरेज के नाम पर लूट लेते हैं 😅,0,,True,0.13,unthemed
2026-07-27 11:45:00,4,good,0,18.13.2,True,0.13,positive
2026-07-27 11:45:00,5,fine,0,18.13.2,True,0.15,positive
2026-07-27 11:38:00,5,good experience easy interface and usefull,2,18.13.2,True,0.07,positive
2026-07-27 11:34:00,5,excellent service 💯,0,18.13.2,True,0.13,positive
2026-07-27 11:28:00,5,good,0,18.12.1,True,0.05,positive
2026-07-27 11:27:00,5,your best app mutual fund aur share purchase karne ka trading bhi trading karne ka best nahin hai sirf sharechat karne ka aur mutual fund kyunki live time app free hai Jaise koi bhi salana charge nahin leta hai koi bhi 3 mah hi nahin charge leta yah pakka rakhne ka account ka koi bhi leta nahin ok number Van hai best hai mere liye aap log ka against kya hai aapko apni choice kariye apne aap se,0,18.13.2,True,0.07,positive
2026-07-27 11:20:00,5,very good,0,18.13.2,True,0.1,positive
2026-07-27 11:09:00,4,good,0,18.13.2,True,0.1,positive
2026-07-27 11:00:00,5,"very good platform, to update with type of asset support for groww",1,18.13.2,True,0.07,positive
2026-07-27 10:59:00,5,good experience,0,18.13.2,True,0.08,positive
2026-07-27 10:59:00,1,"not show proper nifty,sensex etc plz fix",0,,True,0.08,unthemed
2026-07-27 10:52:00,5,Nice,0,18.13.2,True,0.22,positive
2026-07-27 10:50:00,4,Easy to Use and Analysis the Markets,0,18.13.2,True,0.05,positive
2026-07-27 10:49:00,5,best platform,0,18.13.2,True,0.07,positive
2026-07-27 10:48:00,5,best option tool,0,18.13.2,True,0.08,positive
2026-07-27 10:43:00,5,nice,0,18.13.2,True,0.18,positive
2026-07-27 10:39:00,5,fast and easy... one day iam a successful trader ... 💯🥳,1,18.13.2,True,0.05,positive
2026-07-27 10:36:00,5,excellent,0,18.13.2,True,0.1,positive
2026-07-27 10:34:00,5,very nice app,0,18.12.1,True,0.13,positive
2026-07-27 10:32:00,5,easy to use and accurate,2,18.12.1,True,0.18,positive
2026-07-27 10:23:00,4,very good 👍,0,18.12.1,True,0.05,positive
2026-07-27 10:19:00,5,Very good,0,18.11.0,True,0.12,positive
2026-07-27 10:19:00,5,good app providing necessary updates,0,18.13.2,True,0.12,positive
2026-07-27 10:17:00,4,good is very important solily imporve thank you so much,0,18.13.2,True,0.17,positive
2026-07-27 10:09:00,5,BEST APP NICE WORK 🥰,0,18.13.2,True,0.1,positive
2026-07-27 10:05:00,5,good experience with groww,0,18.13.2,True,0.17,positive
2026-07-27 10:05:00,5,good,0,18.13.2,True,0.17,positive
2026-07-27 10:05:00,1,lastest update not up to mark ...home screen not visible nifty futures and f&o,4,18.13.2,True,0.18,"features,perf"
2026-07-27 10:04:00,5,Issue resolved within 30 minutes,0,18.13.2,True,-0.55,positive
2026-07-27 10:04:00,5,good,0,,True,0.2,positive
2026-07-27 10:01:00,5,good,0,18.13.2,True,0.05,positive
2026-07-27 09:58:00,5,good,0,18.13.2,True,0.1,positive
2026-07-27 09:51:00,5,very very nice,0,18.13.2,True,0.03,positive
2026-07-27 09:47:00,5,GOOD 👍👍,0,18.13.2,True,0.1,positive
2026-07-27 09:43:00,5,Good,0,18.11.1,True,0.17,positive
2026-07-27 09:42:00,5,excellent,0,18.13.2,True,0.2,positive
2026-07-27 09:41:00,5,Good 👍,0,18.13.2,True,0.22,positive
2026-07-27 09:38:00,5,👍😊,0,18.11.1,True,0.07,positive
2026-07-27 09:33:00,4,good 👍,1,18.13.2,True,0.15,positive
2026-07-27 09:29:00,5,easy understanding,0,18.13.2,True,0.03,positive
2026-07-27 09:26:00,3,analysis of your stock and fund option is missing,1,18.13.2,True,0.08,unthemed
2026-07-27 09:26:00,5,Good apps,0,18.13.2,True,0.1,positive
2026-07-27 09:25:00,1,"it is a very bad experience with Groww App, I have sell shares on dated 24.07.2026. as per SEBI guidelines and my past 10 years experience as I have using the 4-5 brokers like Angel one, tradeswift etc all the brokers will provide the amount on the next of selling date. but now I came to know that Grow will not allow the amount on the next day of selling and informed me that you will withdraw the amount on 28.07.26 in place of 27.07.26. it is a very bad experience with this repeated broker",0,,True,0.12,money
2026-07-27 09:20:00,5,India is the best application,0,18.14.0,True,0.1,positive
2026-07-27 09:14:00,5,i like it,0,18.11.1,True,0.2,positive
2026-07-27 09:11:00,5,very good,0,18.13.0,True,0.07,positive
2026-07-27 09:09:00,5,ok,0,18.13.2,True,0.1,positive
2026-07-27 08:59:00,5,Best Performance,0,18.14.0,True,0.08,positive
2026-07-27 08:53:00,5,excellent,0,18.13.2,True,0.18,positive
2026-07-27 08:51:00,1,good,0,18.13.2,True,0.03,unthemed
2026-07-27 08:48:00,1,do ki jyada katte Hain 555 pata nahin kis baat ke liye the,0,,True,0.08,unthemed
2026-07-27 08:44:00,5,excellent,0,18.13.2,True,0.15,positive
2026-07-27 08:44:00,5,best among among all because of simple and smooth interface.,2,18.13.2,True,0.17,positive
2026-07-27 08:16:00,5,best,0,18.13.2,True,0.17,positive
2026-07-27 08:15:00,5,Best broker,0,18.13.2,True,0.18,positive
2026-07-27 08:13:00,5,super,0,18.13.2,True,0.03,positive
2026-07-27 07:43:00,5,excellent,0,18.13.2,True,0.17,positive
2026-07-27 07:21:00,5,good ok,0,18.13.2,True,0.08,positive
2026-07-27 07:21:00,5,super app good 👍,0,18.13.2,True,0.08,positive
2026-07-27 07:01:00,5,Best app for shares transaction,0,18.13.2,True,0.05,positive
2026-07-27 07:00:00,5,excellent platform user friendly user interface and too much easy,2,18.13.2,True,0.07,positive
2026-07-27 06:33:00,5,good,0,18.13.2,True,0.15,positive
2026-07-27 06:10:00,5,👍 வணக்கம் good 👍,0,18.13.2,True,0.08,positive
2026-07-27 05:57:00,5,good,0,18.13.2,True,0.12,positive
2026-07-27 05:47:00,1,"If you're an F&O trader, stay away from this app. Tracking errors cause real financial losses, and they hit you with hidden charges that increase without notice. Stick to a more reliable broker.",7,18.13.2,True,0.1,"features,charges"
2026-07-27 01:49:00,5,good app,0,18.13.2,True,0.07,positive
2026-07-27 01:17:00,5,ok,0,18.13.2,True,0.15,positive
2026-07-27 01:14:00,5,overall Good,0,18.13.2,True,0.2,positive
2026-07-27 00:45:00,5,nice,0,18.13.2,True,0.13,positive
2026-07-27 00:39:00,4,Nice Aap for beginners,0,18.11.1,True,0.03,positive
2026-07-27 00:35:00,5,excellent 👍,0,18.13.2,True,0.1,positive
2026-07-27 00:25:00,5,good 👍🏻,0,,True,0.1,positive
2026-07-26 23:55:00,5,nice 🙂,0,18.13.2,True,0.15,positive
2026-07-26 23:54:00,4,good,0,18.13.2,True,0.17,positive
2026-07-26 23:42:00,4,very nice aap,0,16.64,True,0.18,positive
2026-07-26 23:27:00,5,good,0,18.13.2,True,0.07,positive
2026-07-26 23:09:00,5,nice,0,18.13.2,True,0.1,positive
2026-07-26 23:00:00,5,Growing with groww since 2021. Thanks Team Groww for all the updates that're brought to us in recent days.,0,18.13.2,True,0.07,positive
2026-07-26 22:55:00,5,Very good groww,0,18.13.2,True,0.15,positive
2026-07-26 22:44:00,5,👍👍👍okk,0,18.13.2,True,0.15,positive
2026-07-26 22:44:00,5,super verry nice. Good app,0,18.13.2,True,0.15,positive
2026-07-26 22:35:00,5,good,0,18.13.2,True,0.12,positive
2026-07-26 22:21:00,5,good,0,18.12.1,True,0.08,positive
2026-07-26 22:08:00,5,better experience but charges need to reduce,0,18.13.2,True,0.12,positive
2026-07-26 22:08:00,5,great,0,18.13.2,True,0.12,positive
2026-07-26 22:05:00,5,good👍,0,18.13.2,True,0.17,positive
2026-07-26 22:01:00,5,good,0,18.13.2,True,0.05,positive
2026-07-26 21:37:00,5,"very good experience, easy to use.",0,18.13.2,True,0.08,positive
2026-07-26 20:50:00,5,super duper,0,18.13.2,True,0.05,positive
2026-07-26 20:33:00,5,good service,0,18.13.2,True,0.15,positive
2026-07-26 20:22:00,5,your app is nice 💯🙂🙂🙂🙂🙂,0,18.13.2,True,0.07,positive
2026-07-26 20:19:00,1,blocking funds for a longer period of time than T+1 days. WTH.,1,18.11.1,True,0.12,unthemed
2026-07-26 20:12:00,5,best platform for traders,0,18.13.2,True,0.05,positive
2026-07-26 19:22:00,5,it very good app 👍,0,18.13.2,True,0.07,positive
2026-07-26 19:22:00,5,excellent app for trading and traders,1,18.13.2,True,0.07,positive
2026-07-26 19:12:00,5,good,0,18.13.2,True,0.05,positive
2026-07-26 19:03:00,5,super 👍,0,18.10.1,True,0.2,positive
2026-07-26 19:02:00,5,very good,0,18.13.2,True,0.03,positive
2026-07-26 18:46:00,5,good 😊😊,0,18.13.2,True,0.12,positive
2026-07-26 18:05:00,5,good,0,,True,0.17,positive
2026-07-26 18:04:00,5,working good,1,18.13.2,True,0.18,positive
2026-07-26 17:50:00,5,Friendly use. but their brokerage high.,1,18.13.2,True,0.05,positive
2026-07-26 17:00:00,5,Good App,0,18.12.1,True,0.07,positive
2026-07-26 16:44:00,5,"excellent broker @ india .. smooth experience in all aspects.stocks, mutual funds smooth and error free,need improve lag issue future and option error free market time but pre and post market some lag issue in rare condition.",3,18.10.1,True,0.15,positive
2026-07-26 16:32:00,5,trusted,0,18.13.2,True,0.17,positive
2026-07-26 16:27:00,5,good,0,18.13.2,True,0.07,positive
2026-07-26 16:00:00,5,Good investing flatform,1,18.14.0,True,0.07,positive
2026-07-26 15:58:00,5,very good 👍,1,18.13.2,True,0.1,positive
2026-07-26 15:38:00,5,well done 👍,0,18.13.2,True,0.07,positive
2026-07-26 15:27:00,5,very very good,0,18.13.2,True,0.07,positive
2026-07-26 14:38:00,4,good,0,18.13.2,True,0.07,positive
2026-07-26 14:36:00,5,super,1,18.12.1,True,0.1,positive
2026-07-26 14:31:00,3,thik bt itna km interest 4 sal me?,0,18.13.2,True,0.18,unthemed
2026-07-26 14:27:00,5,"Great app, easy to use, very beneficial",0,18.8.1,True,0.07,positive
2026-07-26 14:23:00,5,good application,0,18.13.2,True,0.05,positive
2026-07-26 14:10:00,5,ok,0,18.12.1,True,0.08,positive
2026-07-26 14:09:00,5,best,1,18.13.2,True,0.1,positive
2026-07-26 13:43:00,5,nice,1,18.11.1,True,0.17,positive
2026-07-26 13:34:00,3,charges bhot high hai our app 1 no hai,1,18.13.2,True,0.13,charges
2026-07-26 13:34:00,5,very good app and we start trade with 100,0,18.13.2,True,0.13,positive
2026-07-26 13:25:00,5,Good,1,18.13.2,True,0.1,positive
2026-07-26 13:08:00,5,best app,0,18.11.1,True,0.12,positive
2026-07-26 12:56:00,5,nice,0,18.11.1,True,0.13,positive
2026-07-26 12:42:00,5,ok,0,18.5.0,True,0.18,positive
2026-07-26 12:38:00,5,"Best app for trading, investing in mutual funds, stocks, etc in India.",0,18.13.2,True,0.07,positive
2026-07-26 12:26:00,5,good,0,18.13.2,True,0.08,positive
2026-07-26 12:15:00,5,good,1,18.12.1,True,0.18,positive
2026-07-26 12:12:00,5,best for trading,0,18.11.1,True,0.05,positive
2026-07-26 11:24:00,5,fast & easy operating,0,18.6.1,True,0.03,positive
2026-07-26 10:50:00,5,ok,1,18.13.2,True,0.05,positive
2026-07-26 10:47:00,5,Good,0,18.13.2,True,0.1,positive
2026-07-26 10:26:00,5,good 👍,0,18.13.2,True,0.08,positive
2026-07-26 10:07:00,5,super Groww,0,18.13.2,True,0.13,positive
2026-07-26 09:36:00,5,easy and Batter bast app trading 🤩😃,0,18.13.2,True,0.1,positive
2026-07-26 09:22:00,5,good app,0,18.13.2,True,0.07,positive
2026-07-26 08:53:00,5,groww app acchi hai,0,18.13.2,True,0.18,positive
2026-07-26 08:50:00,5,wonderful,0,18.13.2,True,0.05,positive
2026-07-26 08:33:00,5,it is very simple,0,18.13.2,True,0.15,positive
2026-07-26 08:27:00,5,good.,0,18.13.2,True,0.07,positive
2026-07-26 08:21:00,3,LossLossLoss... Higher charges and interest rares.,0,18.13.2,True,0.08,charges
2026-07-26 08:03:00,5,good,0,18.0.0,True,0.2,positive
2026-07-26 07:16:00,5,"During testing, I found a bug in the newly introduced Lock F&O Trading feature. If I enable this feature, I'm unable to place any F&O trades for the rest of the day through the main app, which is expected. However, I can still place F&O orders through the 915 app's Option Chain, which should not be possible. This needs to be resolved as soon as possible so that once a trader enables this feature for the day, they should not be able to place F&O trades from any platform or entry point.",14,18.13.2,True,0.17,positive
2026-07-26 07:08:00,4,This Groww app is very beautiful and Indian Stock market no 1 I'm using this app 2022 very helpful app I'm recommendation all people. install your Groww app and Open your free demat account and I am so happy thank you groww app and all team members.,1,18.13.2,True,0.12,positive
2026-07-26 06:47:00,5,good,0,18.13.2,True,0.1,positive
2026-07-26 06:44:00,2,No Comments 👎🏿...,0,18.13.2,True,0.15,unthemed
2026-07-26 06:16:00,5,very very good aplication ❤️,0,18.13.2,True,0.17,positive
2026-07-26 06:14:00,5,nice,0,,True,0.2,positive
2026-07-26 06:08:00,5,ok,0,18.10.1,True,0.12,positive
2026-07-26 06:05:00,5,nice,0,,True,0.17,positive
2026-07-26 01:52:00,5,nice,0,18.13.2,True,0.2,positive
2026-07-26 00:52:00,5,good,0,18.13.2,True,0.2,positive
2026-07-26 00:09:00,5,nice and good experience,0,18.13.2,True,0.1,positive
2026-07-25 23:34:00,4,Reduce Brokerage.,3,18.4.3,True,0.13,positive
2026-07-25 23:27:00,5,nice,0,18.13.2,True,0.07,positive
2026-07-25 23:15:00,5,very very trusted aap,0,18.13.2,True,0.18,positive
2026-07-25 23:12:00,5,"A genuine app with no fake claims, giving fast payouts with total transparency..",2,18.13.2,True,0.05,positive
2026-07-25 22:52:00,5,nice,0,18.13.2,True,0.2,positive
2026-07-25 22:45:00,5,nice,0,18.13.2,True,0.13,positive
2026-07-25 22:42:00,4,trading ke liya accha hai,0,18.13.2,True,0.18,positive
2026-07-25 21:23:00,5,to growth 📈 Groww,0,,True,0.05,positive
2026-07-25 20:53:00,5,Good 👍👍😊,0,18.13.2,True,0.18,positive
2026-07-25 20:43:00,5,"The cleanest UI app, make investments simple. But, we want Foreign (Us) share market investment on this.",3,18.13.2,True,0.17,positive
2026-07-25 20:23:00,5,good app,0,18.13.2,True,0.05,positive
2026-07-25 20:04:00,5,very nice,0,18.13.2,True,0.18,positive
2026-07-25 19:54:00,3,It works very well and it is very easy to deposit and withdraw money.,1,18.13.2,True,0.17,money
2026-07-25 19:35:00,5,best app,0,18.13.2,True,0.12,positive
2026-07-25 19:29:00,5,good,0,18.13.2,True,0.03,positive
2026-07-25 19:20:00,5,thank you,0,18.13.2,True,0.1,positive
2026-07-25 19:05:00,1,super,0,18.13.2,True,0.17,unthemed
2026-07-25 19:03:00,5,nice,0,18.13.2,True,0.2,positive
2026-07-25 18:48:00,5,groww me darect mutual fund kyu nhi dikhate ye aap vahi fund so karte hai jisme expens resio bahut jada hai,0,18.13.2,True,0.08,positive
2026-07-25 18:35:00,5,good experience,1,18.13.2,True,-283.33,positive
2026-07-25 18:33:00,2,"When investing in mutual funds there is an option to app the fund to your cart, but there is no way to access the cart after the find is added to it. They should hire a good UI/UX guy to help design the app better.",10,18.13.2,True,0.15,unthemed
2026-07-25 17:56:00,5,good 💯,0,18.13.2,True,0.13,positive
2026-07-25 17:24:00,5,excellent,1,,True,0.03,positive
2026-07-25 16:58:00,5,nice,1,18.13.2,True,0.1,positive
2026-07-25 16:22:00,5,best,1,18.13.2,True,0.07,positive
2026-07-25 16:07:00,4,good 👍,1,18.10.1,True,0.13,positive
2026-07-25 16:02:00,4,very good application,0,18.13.2,True,0.03,positive
2026-07-25 15:59:00,5,thank you groww,0,18.11.1,True,0.08,positive
2026-07-25 15:53:00,5,good 👍,0,18.3.0,True,0.18,positive
2026-07-25 15:27:00,5,good,0,18.13.2,True,0.07,positive
2026-07-25 14:59:00,5,Best,0,18.13.2,True,0.08,positive
2026-07-25 14:39:00,5,good 😊,0,18.13.2,True,0.05,positive
2026-07-25 14:34:00,5,Good,0,18.14.0,True,0.13,positive
2026-07-25 14:30:00,5,Excellent,0,18.12.1,True,0.22,positive
2026-07-25 14:10:00,1,Bad appp,0,18.13.2,True,0.08,unthemed
2026-07-25 14:03:00,5,good work,0,,True,0.2,positive
2026-07-25 14:02:00,5,good 👍,0,18.13.2,True,0.03,positive
2026-07-25 13:46:00,1,I can't download fromplay store in my new mobile vivo X200t. please resolve the issue.,2,18.13.2,True,0.12,unthemed
2026-07-25 13:36:00,5,nice,0,18.13.2,True,0.1,positive
2026-07-25 13:14:00,5,good experience,0,18.13.2,True,0.2,positive
2026-07-25 12:51:00,5,best apps for biggner,0,18.13.2,True,0.03,positive
2026-07-25 12:32:00,5,good 👍,0,18.13.2,True,0.17,positive
2026-07-25 12:18:00,4,good 👍,1,18.13.2,True,0.13,positive
2026-07-25 11:58:00,4,nice,0,18.13.2,True,0.1,positive
2026-07-25 11:54:00,5,excellent opportunity for new investors..............,0,18.13.2,True,0.17,positive
2026-07-25 11:35:00,5,excellent 👌👌👌👌👌👌👌👌👌👌👍👍👍👌👌👌👍👍👌👌👍👍👌👌👌👍👍👌👌👌👌👌👌👌👌👌👍,0,,True,0.12,positive
2026-07-25 11:32:00,5,best,0,18.13.2,True,0.17,positive
2026-07-25 11:30:00,5,very good 👍,0,18.13.2,True,0.2,positive
2026-07-25 11:21:00,5,good,0,18.13.2,True,0.08,positive
2026-07-25 11:18:00,5,nice,0,18.13.2,True,0.13,positive
2026-07-25 11:01:00,5,Fantastic,0,18.13.2,True,0.05,positive
2026-07-25 10:45:00,5,excellent,0,,True,0.13,positive
2026-07-25 10:29:00,5,good,1,18.13.2,True,0.03,positive
2026-07-25 10:16:00,5,ok,0,18.13.2,True,0.17,positive
2026-07-25 10:06:00,5,good 👍,0,18.13.2,True,0.15,positive
2026-07-25 10:01:00,5,very good,0,18.13.2,True,0.05,positive
2026-07-25 09:57:00,5,All most good 👍,0,18.13.2,True,0.12,positive
2026-07-25 09:55:00,5,easy to use nice app go for this,0,18.13.2,True,0.15,positive
2026-07-25 09:49:00,5,best app,1,,True,0.07,positive
2026-07-25 09:26:00,5,very nice,1,18.12.1,True,0.08,positive
2026-07-25 09:07:00,5,i like to Groww app,0,18.12.1,True,0.12,positive
2026-07-25 08:56:00,5,good,0,18.13.2,True,0.13,positive
2026-07-25 08:27:00,5,good,1,18.10.1,True,0.07,positive
2026-07-25 08:22:00,5,nice work,0,18.13.2,True,0.07,positive
2026-07-25 08:00:00,5,nice App,0,18.1.1,True,0.07,positive
2026-07-25 07:54:00,5,very good but need improvement in buy or sell order type and should innovate new model and type,0,18.13.2,True,0.17,positive
2026-07-25 07:52:00,5,nice app work easily understand,0,18.13.2,True,0.2,positive
2026-07-25 07:24:00,1,मेरे फंड्स ही गायब हो गए आधा इन्वेस्टमेंट दिख ही नहीं रहा सिर्फ kfin के फंड्स दिख रहे हैं cams के फंड गायब हैं,0,,True,0.03,unthemed
2026-07-25 07:14:00,5,this is best operating system app,0,18.13.2,True,0.2,positive
2026-07-25 06:33:00,5,brokrage is high with out any adviser and custmer सर्विस,0,18.13.2,True,0.15,positive
2026-07-25 06:32:00,5,awesome sarvice,0,18.13.2,True,0.17,positive
2026-07-25 04:38:00,5,Fast EMI,0,,True,0.07,positive
2026-07-25 01:57:00,5,nice,0,18.13.2,True,0.12,positive
2026-07-25 01:39:00,5,good 👍,0,18.13.2,True,0.05,positive
2026-07-25 00:21:00,5,okok,0,18.13.2,True,0.08,positive
2026-07-24 23:55:00,5,super 💯,0,18.12.1,True,0.15,positive
2026-07-24 23:49:00,5,I think Very Good trading app for Beginners or Students,2,18.13.2,True,0.07,positive
2026-07-24 23:27:00,5,Best aap,0,18.13.2,True,0.07,positive
2026-07-24 23:26:00,3,confusing,0,18.13.2,True,0.08,unthemed
2026-07-24 23:00:00,4,very trustful an economical,1,18.12.1,True,0.07,positive
2026-07-24 22:48:00,5,good,0,18.13.2,True,0.08,positive
2026-07-24 22:36:00,5,Good,1,18.12.1,True,0.1,positive
2026-07-24 22:33:00,5,nice,0,18.13.2,True,0.15,positive
2026-07-24 21:58:00,5,ok,1,18.13.2,True,0.1,positive
2026-07-24 21:48:00,3,"The Groww app requires a home button to eliminate the need for repeated back navigation. It should also incorporate a tabbed layout, like INDmoney, for rapid switching between various charts.",6,18.13.2,True,0.08,features
2026-07-24 21:21:00,3,nice,1,18.8.1,True,0.08,unthemed
2026-07-24 21:11:00,2,groww aap is best but groww charges so high 🥵,1,,True,0.07,charges
2026-07-24 20:59:00,1,their pledge balance is a scam.,1,,True,0.08,money
2026-07-24 20:57:00,5,excellent 👌,0,18.13.2,True,0.12,positive
2026-07-24 20:29:00,1,worst customer service.. always says busy...and didn't call back again....very very poor service,3,18.13.2,True,0.03,support
2026-07-24 20:08:00,5,good app,0,18.13.2,True,0.12,positive
2026-07-24 20:02:00,5,👍🆗,0,18.13.2,True,0.03,positive
2026-07-24 20:00:00,5,well maintain ❤️,0,18.13.2,True,0.07,positive
2026-07-24 19:53:00,5,nice,0,18.13.2,True,0.18,positive
2026-07-24 19:42:00,5,good,1,18.13.2,True,0.18,positive
2026-07-24 19:22:00,5,न ग,0,18.13.2,True,0.07,positive
2026-07-24 19:19:00,5,good,0,18.13.2,True,0.12,positive
2026-07-24 19:19:00,5,best app,0,18.10.1,True,0.12,positive
2026-07-24 19:06:00,5,good.,0,18.13.2,True,0.15,positive
2026-07-24 18:16:00,5,nice aps,0,18.12.1,True,0.17,positive
2026-07-24 18:03:00,5,nice experience,0,18.13.2,True,0.2,positive
2026-07-24 17:53:00,1,not good application 😞,1,18.13.2,True,0.18,unthemed
2026-07-24 17:51:00,5,Very good,0,18.10.1,True,0.03,positive
2026-07-24 17:49:00,5,good🥰👍,0,18.13.2,True,0.07,positive
2026-07-24 17:26:00,5,nice,0,18.13.2,True,0.08,positive
2026-07-24 16:50:00,5,best app,1,18.13.2,True,0.05,positive
2026-07-24 16:50:00,5,good,0,18.13.2,True,0.05,positive
2026-07-24 16:48:00,3,This app is very easy and good for beginners and new traders but they charge very high brokerage fees,0,,True,0.08,charges
2026-07-24 16:44:00,5,best 🤩,0,18.13.2,True,0.17,positive
2026-07-24 16:42:00,5,Excellent service Thanks giving to Groww,0,18.13.2,True,0.2,positive
2026-07-24 16:35:00,5,thank you,0,18.13.2,True,0.12,positive
2026-07-24 16:10:00,5,good app's,0,18.12.1,True,0.08,positive
2026-07-24 16:07:00,5,great experience,0,18.13.2,True,0.13,positive
2026-07-24 16:06:00,5,excellent,0,18.13.2,True,0.15,positive
2026-07-24 15:18:00,5,very nice,0,18.13.2,True,0.13,positive
2026-07-24 15:09:00,5,nice 🙂,0,18.13.2,True,0.1,positive
2026-07-24 15:03:00,5,Good,0,18.13.2,True,0.2,positive
2026-07-24 14:48:00,5,good,0,18.13.2,True,0.08,positive
2026-07-24 14:38:00,1,don't trad this app..withdrawal is froude..I am trying three days withdrawal but not credited in bank acount. It's desipointed ...this broker is froude..don't trade and high brokerage charges .and withdrawal holded. He said my money is froude amound and go to cyber security..I will sent screenshot..this is your app ..froud,5,18.13.2,True,-0.93,"money,charges"
2026-07-24 14:36:00,5,good,0,18.13.2,True,0.1,positive
2026-07-24 14:11:00,5,good 👍👍👍👍,0,18.13.2,True,0.07,positive
2026-07-24 14:04:00,5,super 👍,0,18.0.0,True,0.18,positive
2026-07-24 13:48:00,5,good,0,18.13.2,True,0.08,positive
2026-07-24 13:47:00,5,Good 👍,0,18.13.2,True,0.1,positive
2026-07-24 13:45:00,5,good,0,18.13.2,True,0.13,positive
2026-07-24 13:33:00,5,Good,0,18.13.2,True,0.15,positive
2026-07-24 13:33:00,2,"Why does DDPI activation directly create a negative balance when there are insufficient funds? If the account has ₹0 balance, the payment should fail or the user should receive a reminder to add funds. An OTP/confirmation before charging for optional services like DDPI would prevent accidental activation and unexpected negative balances.",6,18.13.2,True,0.15,money
2026-07-24 13:29:00,5,super,0,18.13.2,True,0.03,positive
2026-07-24 13:27:00,1,👍,0,18.11.1,True,0.07,unthemed
2026-07-24 13:17:00,5,thanks Groww for recuver my account,0,18.13.2,True,0.15,positive
2026-07-24 13:10:00,3,At first vwap present in grow index chart.This feature got removed why ?,0,18.13.2,True,0.08,features
2026-07-24 13:02:00,5,Great,0,18.13.2,True,0.03,positive
2026-07-24 12:53:00,4,good,0,18.13.2,True,0.18,positive
2026-07-24 12:50:00,5,good 👍,0,18.13.2,True,0.05,positive
2026-07-24 12:47:00,4,good 👍👍,0,18.10.1,True,0.1,positive
2026-07-24 12:23:00,5,nice app,0,18.13.2,True,0.05,positive
2026-07-24 12:22:00,5,best,0,18.11.1,True,0.07,positive
2026-07-24 12:03:00,5,good,0,18.13.2,True,0.2,positive
2026-07-24 11:52:00,5,very good and very good,0,18.6.1,True,0.2,positive
2026-07-24 11:39:00,5,Good,0,18.13.2,True,0.05,positive
2026-07-24 11:37:00,5,very nice beautiful apps,0,18.13.2,True,0.08,positive
2026-07-24 11:19:00,5,very good 👍,0,18.12.1,True,0.12,positive
2026-07-24 11:18:00,5,ok,1,18.13.2,True,0.13,positive
2026-07-24 11:08:00,5,"best for mutual fund, IPO, treding over all best app ever",0,,True,0.12,positive
2026-07-24 11:08:00,5,simple and easy,0,18.13.2,True,0.12,positive
2026-07-24 11:07:00,5,"PLZ GIVE OI PROFILE INDICATOR FOR BETTER TRADING EXPERIENCE . like angel one, dhan.",0,18.13.2,True,0.13,positive
2026-07-24 11:05:00,5,good 💯,0,18.13.2,True,0.18,positive
2026-07-24 11:02:00,1,"In my experience Grow is a super scammer and worst platform I had ever seen. Initially the brockers are as same as match fixers. But Grow's interface is worst. A lot of manipulation I found when u put an market order or to square off on market price. It's toooooo much difficult to earn money through using this platform. Grow is a ever hated platform for me. Infact I decided to close this account for ever. It's a scammer' academy, don't forget.",13,18.13.2,True,0.03,unthemed
2026-07-24 10:59:00,5,good,0,,True,0.08,positive
2026-07-24 10:56:00,5,this is good...for me spacialy,0,18.13.2,True,0.15,positive
2026-07-24 10:43:00,5,outstanding,0,18.13.2,True,0.17,positive
2026-07-24 10:27:00,5,easy operating system,0,18.13.2,True,0.07,positive
2026-07-24 10:18:00,4,"Please add an auto-save or chart layout save option for TradingView charts. Currently, trendlines, support, and resistance lines disappear after closing the chart or restarting the app. Other platforms like Upstox support auto-saving drawings smoothly. Please fix this in the next update!",12,18.13.2,True,0.13,positive
2026-07-24 10:15:00,5,good,0,18.13.2,True,0.18,positive
2026-07-24 10:09:00,4,best platform,0,18.12.1,True,0.1,positive
2026-07-24 10:04:00,5,very nice,0,18.13.2,True,0.18,positive
2026-07-24 09:51:00,5,all good,0,18.13.2,True,0.03,positive
2026-07-24 09:51:00,5,Good,0,18.10.1,True,0.03,positive
2026-07-24 09:49:00,1,"This application lag a lot. You always book loss without any delay but when it comes to profit, application will not work, untill your profit are gone. not good platform for scaplers.",6,18.13.2,True,0.07,perf
2026-07-24 09:24:00,1,👎👎👎,0,,True,0.03,unthemed
2026-07-24 09:24:00,5,very good better investment apps,0,18.13.2,True,0.03,positive
2026-07-24 09:19:00,5,good,0,18.8.1,True,0.12,positive
2026-07-24 09:19:00,5,ग्रो अप बहुत अच्छा है इसमें मैं अपना पैसा भी लगाता हूं अभी तक कोई नुकसान नहीं दिखा है और हां अभी तक इसमें मुझे प्रॉफिट ही मिला है Thank you Grow app,0,18.13.2,True,0.13,positive
2026-07-24 09:17:00,5,good 👍,0,18.13.2,True,0.17,positive
2026-07-24 09:12:00,5,good,0,18.13.2,True,0.05,positive
2026-07-24 09:11:00,5,good,0,18.13.2,True,0.07,positive
2026-07-24 08:43:00,5,nice app,1,18.13.2,True,0.17,positive
2026-07-24 08:32:00,5,very good,0,18.13.1,True,0.17,positive
2026-07-24 08:07:00,5,good,0,18.13.2,True,0.13,positive
2026-07-24 07:56:00,5,good,0,18.13.2,True,0.13,positive
2026-07-24 07:50:00,5,good,0,18.13.2,True,0.05,positive
2026-07-24 07:48:00,5,ok,0,18.13.2,True,0.08,positive
2026-07-24 07:44:00,5,good,0,18.13.2,True,0.15,positive
2026-07-24 07:44:00,5,I am satisfied,0,18.13.2,True,0.17,positive
2026-07-24 07:42:00,5,good 👍,0,18.13.2,True,0.2,positive
2026-07-24 07:23:00,5,good,0,18.13.2,True,0.05,positive
2026-07-24 07:21:00,5,good,0,18.13.2,True,0.08,positive
2026-07-24 07:13:00,5,v good 👍,0,18.12.1,True,0.03,positive
2026-07-24 07:13:00,1,hamesha slow chalta hai fhaltu ka app hai,0,18.13.2,True,0.03,perf
2026-07-24 06:47:00,5,best platform 👍,0,18.13.2,True,0.1,positive
2026-07-24 06:35:00,3,costly but easy,0,18.13.2,True,0.12,unthemed
2026-07-24 06:14:00,5,good,0,18.13.2,True,0.2,positive
2026-07-24 05:48:00,5,good,0,18.13.2,True,0.08,positive
2026-07-24 05:21:00,5,super,0,18.13.2,True,0.08,positive
2026-07-24 01:16:00,5,good👍😊,0,18.13.2,True,0.17,positive
2026-07-24 00:51:00,1,"""my suggestion ""- nothing will grow in this app except your debts, first of all trading is like legal gambling, 90% of traders loose 90% of money within 90 days of time, you will only be the responsible for every rupee you loss . i request not to gamble with your hard earned money , better to invest in gold or land. best appreciation comes from god owned things like gold and land . thats it.",1,,True,0.03,unthemed
2026-07-24 00:40:00,5,good,0,18.11.1,True,0.03,positive
2026-07-24 00:35:00,5,good,0,18.13.2,True,0.12,positive
2026-07-24 00:29:00,4,"good,easy to operate",0,18.13.2,True,0.03,positive
2026-07-23 23:57:00,5,wow good 👍,0,18.13.2,True,0.12,positive
2026-07-23 23:40:00,5,user friendly,0,18.12.1,True,0.03,positive
2026-07-23 23:36:00,5,"secure your self towards yours families & friends at any times with Groww stocks,Mutual funds,IPO",1,18.13.2,True,0.1,positive
2026-07-23 23:21:00,5,superb,0,18.13.2,True,0.08,positive
2026-07-23 23:09:00,5,good,0,18.1.1,True,0.1,positive
2026-07-23 23:00:00,5,good,0,18.11.1,True,0.07,positive
2026-07-23 22:52:00,5,very good app,0,18.13.2,True,0.2,positive
2026-07-23 22:44:00,5,good,0,16.78,True,0.15,positive
2026-07-23 22:41:00,5,supar,0,,True,0.2,positive
2026-07-23 22:33:00,5,good for beginners,0,18.12.1,True,0.15,positive
2026-07-23 22:13:00,4,trusted📈,0,18.13.2,True,0.03,positive
2026-07-23 22:05:00,5,ok,0,18.12.1,True,0.17,positive
2026-07-23 22:05:00,4,nice apps,0,18.13.2,True,0.17,positive
2026-07-23 21:40:00,4,"I have a request, Can you introduce an option where the pledge amount includes the delivery charges, and a fixed daily interest is calculated on this total amount, with a monthly squer- off option?",7,18.13.2,True,-13178.67,positive
2026-07-23 21:38:00,5,good,0,18.13.2,True,0.07,positive
2026-07-23 20:58:00,5,Best App 🤌🤩,0,18.13.2,True,0.1,positive
2026-07-23 20:51:00,5,good work,0,18.13.2,True,0.03,positive
2026-07-23 20:46:00,5,wonder Full 🌝,1,18.13.2,True,0.12,positive
2026-07-23 20:42:00,5,India ka number 1 broker best,0,,True,0.18,positive
2026-07-23 20:31:00,1,good,0,18.12.1,True,0.18,unthemed
2026-07-23 19:58:00,5,good,0,18.12.1,True,0.1,positive
2026-07-23 19:51:00,5,good 👍,0,18.12.1,True,0.03,positive
2026-07-23 18:59:00,5,The App has a very User-friendly interface. Easy-to-use application.,3,18.13.2,True,0.08,positive
2026-07-23 18:24:00,5,good app,0,18.13.2,True,0.03,positive
2026-07-23 18:15:00,5,Nice 👍🙂,0,,True,0.18,positive
2026-07-23 18:06:00,5,very good,0,,True,0.15,positive
2026-07-23 17:24:00,5,best🙏,1,18.13.2,True,0.03,positive
2026-07-23 16:57:00,2,"Reduce brokerage, trailing stop loss, get good indicators like SMC, bullish, bearish movement indicators.",1,18.13.2,True,0.12,"features,charges"
2026-07-23 16:54:00,5,good,0,18.9.0,True,0.17,positive
2026-07-23 16:52:00,5,Best,0,18.13.2,True,0.2,positive
2026-07-23 16:32:00,5,Best,0,18.13.2,True,0.17,positive
2026-07-23 16:27:00,5,its good,1,18.13.2,True,0.07,positive
2026-07-23 16:22:00,1,I had reported a bug 🪲🐛 but no response literally by so called No.1. Very Sad state of affairs at Groww,2,18.13.2,True,0.07,perf
2026-07-23 16:21:00,5,good,0,18.13.2,True,0.08,positive
2026-07-23 16:00:00,5,good app,1,18.13.2,True,0.07,positive
2026-07-23 15:36:00,5,nice app,0,18.11.1,True,0.1,positive
2026-07-23 15:34:00,3,"calendar strategy advance pay off chart is not available,",0,,True,0.13,features
2026-07-23 15:33:00,5,nice,0,18.13.2,True,0.17,positive
2026-07-23 15:28:00,2,hey team recently I was able to see my total portfolio which was combination of stock and mf but that feature is gone can you bring that back,3,18.13.2,True,0.05,unthemed
2026-07-23 15:26:00,5,excellent,0,18.7.0,True,0.08,positive
2026-07-23 15:23:00,5,good👍👍👍👍👍👍👍,0,18.12.1,True,0.05,positive
2026-07-23 15:17:00,5,good,0,18.11.1,True,0.15,positive
2026-07-23 15:15:00,5,Good,0,18.13.2,True,0.18,positive
2026-07-23 15:05:00,5,very good,0,18.13.2,True,0.17,positive
2026-07-23 15:03:00,5,Tension free management,0,18.3.1,True,0.2,positive
2026-07-23 14:56:00,5,good,0,18.12.1,True,0.13,positive
2026-07-23 14:52:00,5,very happy,0,18.10.1,True,0.2,positive
2026-07-23 14:44:00,5,EXTENSION GROWW BEST',1,18.13.2,True,0.15,positive
2026-07-23 14:29:00,5,very good feeling and good work,0,18.13.2,True,0.03,positive
2026-07-23 14:17:00,5,Ok 👍,0,18.12.1,True,0.15,positive
2026-07-23 14:07:00,5,v good 👍,0,18.13.2,True,0.13,positive
2026-07-23 13:53:00,1,fraud app,0,18.11.1,True,0.18,unthemed
2026-07-23 13:38:00,5,great👍,0,18.13.1,True,0.07,positive
2026-07-23 13:16:00,5,nice,1,18.13.2,True,0.17,positive
2026-07-23 13:13:00,1,angle one &groww such has very high charges broker buying ;selling for equity dilevery buying stocks.,1,18.13.2,True,0.03,charges
2026-07-23 13:10:00,1,Why does the Groww app by default not show the latest quarter of Jun 26 under the shareholding pattern and show Jun 25 instead? Why does one need to select Jun 26 manually? By default the latest quarter Shareholding pattern is necessary to show.,4,18.13.2,True,0.08,unthemed
2026-07-23 13:01:00,1,bhot hang hota hai jab trade apne side jata hai tbhi,0,18.13.2,True,0.05,perf
2026-07-23 12:59:00,5,very good,0,18.14.0,True,0.08,positive
2026-07-23 12:59:00,3,aap buy krne per jada price main premium buy krte hai and sell ke time per kaam price main premium sell krte hai mere pass proof hai main apke against legally action lunga..,1,18.13.2,True,0.08,unthemed
2026-07-23 12:58:00,5,outstanding,0,18.13.2,True,0.12,positive
2026-07-23 12:49:00,5,Add option for all-time high breakout for each stock.,2,18.13.2,True,0.07,positive
2026-07-23 12:36:00,5,best app,0,18.13.2,True,0.1,positive
2026-07-23 12:18:00,5,better,0,18.13.2,True,0.13,positive
2026-07-23 12:16:00,4,good,0,18.13.2,True,0.17,positive
2026-07-23 12:11:00,5,best,0,18.13.2,True,0.07,positive
2026-07-23 12:08:00,5,sir create easy processes for buying IPO by using sell share amount and through demat account and not necessary to connect bank account for buy slot of ipo 🙏🙏,0,18.13.2,True,0.12,positive
2026-07-23 12:06:00,5,This app is fantastic and it helped me to groww and groww this app is [NAME] for me. But it should also add a feature for advice of stock to pick and invest And should recommend stock where to invest,5,18.13.2,True,0.15,positive
2026-07-23 11:42:00,2,"chart me horizontal line etc draw krne ke baad ,, delete ka option nhi aa rha hai??",0,18.13.2,True,0.18,features
2026-07-23 11:39:00,5,super,1,18.13.2,True,0.05,positive
2026-07-23 11:26:00,5,best app,1,18.13.2,True,0.08,positive
2026-07-23 11:24:00,1,Market chart response is slow 😞,0,18.11.1,True,0.03,"features,perf"
2026-07-23 11:17:00,5,nice 👍,1,18.13.2,True,0.15,positive
2026-07-23 11:16:00,5,bohot achchi suvida,0,18.13.2,True,0.17,positive
2026-07-23 11:16:00,5,good,0,18.13.2,True,0.18,positive
2026-07-23 11:13:00,5,good,0,18.13.2,True,0.03,positive
2026-07-23 11:11:00,5,super,0,18.13.2,True,0.07,positive
2026-07-23 10:36:00,1,too much brokrage and charges,0,18.11.1,True,0.1,charges
2026-07-23 10:28:00,1,very bad system h iska withdrawal agar apka progress me chal gya to koi fayda nhi hai bhul jayega apka Paisa safe h 8 days se mera withdrawal progress me hi hai Koi solution iska team nhi kar paa rha pareshan kar rha mai ek student hu mujhe admission ke liye paise ki jarurat thi aur ye 8 days se paisa fasaye hue h mera admission ka kal last days h kal nhi aya to Mera kya hoga 😭,0,18.13.2,True,0.05,money
2026-07-23 10:24:00,1,brokerage charge bohut hai mat download Koro ghatiya app hai 😡,0,18.13.2,True,0.03,charges
2026-07-23 10:21:00,5,Reliable and excellent services,1,18.12.1,True,0.08,positive
2026-07-23 10:16:00,5,Good,0,18.13.2,True,0.18,positive
2026-07-23 10:11:00,5,you can rely on Groww .one of the best platform for investing.,0,18.13.2,True,0.07,positive
2026-07-23 10:10:00,3,best review,0,18.13.2,True,0.08,unthemed
2026-07-23 10:02:00,5,oi data add krdo dhan app ki tarah,0,,True,0.03,positive
2026-07-23 09:57:00,5,easy to understand,0,,True,0.12,positive
2026-07-23 09:51:00,5,very nice 🙂,0,18.12.1,True,0.03,positive
2026-07-23 09:49:00,5,nice experience,0,18.13.2,True,0.07,positive
2026-07-23 09:39:00,5,very easy to use and start,1,18.13.2,True,0.05,positive
2026-07-23 09:38:00,1,app issue hang this chart please solve,0,,True,0.08,"features,perf"
2026-07-23 09:36:00,5,good 👍,0,18.13.2,True,0.12,positive
2026-07-23 09:35:00,4,Very easy platform for Share investments.,1,18.13.2,True,0.13,positive
2026-07-23 09:32:00,5,excellent app to buy and sell ASAP,0,18.13.2,True,0.2,positive
2026-07-23 09:21:00,5,simple and powerful app. Performance wise no lag and very litle or no down time.. Liked this app..,2,18.13.2,True,0.08,positive
2026-07-23 09:20:00,5,good,0,18.13.2,True,0.1,positive
2026-07-23 09:19:00,1,stupid app keeps glitching,0,,True,0.13,unthemed
2026-07-23 09:18:00,1,"bakwas app automatically lock unlock flactuation at time of trading many issues uninstalling , yet given 1lac around brokrage waste of money",0,,True,0.15,unthemed
2026-07-23 09:16:00,5,Good,0,18.13.2,True,0.18,positive
2026-07-23 09:14:00,3,It used to show the recently accessed stocks in the dashboard. Now its not showing.,5,18.13.2,True,0.23,unthemed
2026-07-23 09:14:00,5,it is a correct stocks app 👌,0,18.12.1,True,0.23,positive
2026-07-23 09:12:00,5,ఇండియా 1 యాప్,0,18.13.2,True,0.05,positive
2026-07-23 09:08:00,5,good,0,18.11.1,True,0.12,positive
2026-07-23 08:50:00,4,good aap,0,18.13.2,True,0.05,positive
2026-07-23 08:40:00,5,👍,0,18.12.1,True,0.03,positive
2026-07-23 08:39:00,5,Good एक्सपेरिन्स,0,18.13.2,True,0.05,positive
2026-07-23 08:32:00,5,best app,0,18.13.2,True,0.17,positive
2026-07-23 08:23:00,5,Nice,0,18.13.2,True,0.05,positive
2026-07-23 08:22:00,5,good aplication.,0,18.12.1,True,0.07,positive
2026-07-23 07:48:00,5,good,0,18.13.2,True,0.08,positive
2026-07-23 07:34:00,1,withdraw money cheater 🙏don't believe this app please please please 🙏 22July ultra tech cement price ₹1500up why show down price 🙏,0,18.13.2,True,0.13,money
2026-07-23 07:34:00,5,good,0,18.11.1,True,0.13,positive
2026-07-23 07:30:00,5,superb,0,18.13.2,True,0.22,positive
2026-07-23 07:27:00,5,very good,0,18.13.2,True,0.07,positive
2026-07-23 07:21:00,5,good work,0,18.13.2,True,0.08,positive
2026-07-23 07:09:00,5,excellent service providers by stock market learners . good app but stock market investments is your own risk.,0,18.12.1,True,0.1,positive
2026-07-23 06:53:00,5,Best for Mutual Fund,0,18.13.2,True,0.18,positive
2026-07-23 06:51:00,5,simply good app,0,18.13.2,True,0.03,positive
2026-07-23 06:46:00,5,Easy and professional app for trading.,1,18.13.2,True,0.12,positive
2026-07-23 06:34:00,5,Great app,0,18.13.2,True,0.13,positive
2026-07-23 06:32:00,5,The interface is simple and starting a conversation does not take much time,3,18.13.2,True,0.17,positive
2026-07-23 05:02:00,5,nice,0,,True,-67.78,positive
2026-07-23 00:50:00,5,every thing ok but c cair no is not available it's urgent that's not available in operater or any executive awailable,1,18.13.2,True,0.05,positive
2026-07-23 00:44:00,5,👍,0,18.12.1,True,0.15,positive
2026-07-23 00:37:00,4,good,0,18.11.1,True,0.08,positive
2026-07-22 23:44:00,5,good 👍,0,18.13.2,True,0.15,positive
2026-07-22 23:20:00,1,not gud.portfolio investment payments not show proper,0,18.13.2,True,0.1,unthemed
2026-07-22 23:12:00,5,good,0,18.12.1,True,0.05,positive
2026-07-22 23:07:00,5,fantastic good trading platform,0,18.12.1,True,0.13,positive
2026-07-22 22:57:00,5,good,0,15.26,True,0.12,positive
2026-07-22 22:53:00,5,excellent,0,18.11.1,True,0.18,positive
2026-07-22 22:47:00,5,it is very useful,0,18.12.1,True,0.1,positive
2026-07-22 22:36:00,5,good 👍,0,18.13.2,True,0.1,positive
2026-07-22 22:35:00,5,nice,0,18.11.1,True,0.12,positive
2026-07-22 21:37:00,5,good,0,18.13.2,True,0.08,positive
2026-07-22 21:31:00,5,nice,0,,True,0.18,positive
2026-07-22 21:27:00,5,"Overall, Groww is an excellent trading platform with a clean, easy-to-use interface. The 915 is occasional loading issue is manageable, and I hope it will be fixed soon. My only requests are- 1) Please enable Commodity Trading in the 9:15 app, and 2) Add a Trailing Stop Loss feature for Commodity Trading. These features would greatly improve the trading experience. Thank you, Groww team, and keep up the great work! 💐🤍",11,18.13.2,True,0.07,positive
2026-07-22 20:55:00,1,"The Groww iPad app is not optimized for the iPad display. On an iPad 11th Gen, the app uses a phone-sized layout in landscape mode instead of utilizing the full screen. Please add proper iPad support and a responsive tablet interface.",8,18.13.2,True,0.15,support
2026-07-22 20:28:00,5,nice,0,18.13.2,True,0.05,positive
2026-07-22 20:25:00,5,very good,0,18.13.2,True,0.1,positive
2026-07-22 20:02:00,4,good and best for trading,1,18.13.2,True,0.22,positive
2026-07-22 19:55:00,5,it's quite smooth,0,18.10.1,True,0.15,positive
2026-07-22 19:48:00,5,very good,0,18.12.1,True,0.08,positive
2026-07-22 19:22:00,5,good,0,18.13.2,True,0.07,positive
2026-07-22 19:00:00,5,trust,0,,True,0.07,positive
2026-07-22 18:48:00,5,"[NAME], grate trading app ⭐⭐⭐⭐⭐",0,18.12.1,True,0.08,positive
2026-07-22 18:38:00,5,Thank you,0,18.13.2,True,0.07,positive
2026-07-22 18:24:00,5,nice,0,18.13.2,True,0.03,positive
2026-07-22 18:23:00,1,Not Satisfied For this App,0,18.13.2,True,0.05,unthemed
2026-07-22 18:20:00,5,awesome 👌,0,18.4.1,True,0.1,positive
2026-07-22 18:05:00,5,good 👍👍,0,18.8.1,True,0.17,positive
2026-07-22 18:04:00,5,very good Trading app & user friendly ❤️❤️,0,18.13.2,True,0.18,positive
2026-07-22 18:03:00,5,Excellent app,1,18.11.1,True,0.2,positive
2026-07-22 17:59:00,1,"they sell your data 🐸 [NAME] people will start calling you and be like invest in that in this bla bla , they say you accepted to the conditions that you never saw",0,18.13.2,True,0.08,unthemed
2026-07-22 17:18:00,5,good,0,18.13.2,True,0.13,positive
2026-07-22 17:06:00,1,😌,0,18.13.2,True,0.15,unthemed
2026-07-22 16:46:00,5,👌👌,1,18.13.2,True,0.12,positive
2026-07-22 16:44:00,5,good,0,18.13.2,True,0.15,positive
2026-07-22 16:41:00,5,veri good,0,18.13.2,True,0.2,positive
2026-07-22 16:25:00,5,nice,0,18.4.3,True,0.1,positive
2026-07-22 16:13:00,1,good,0,18.10.1,True,0.03,unthemed
2026-07-22 15:55:00,5,ok,1,18.13.2,True,0.15,positive
2026-07-22 15:31:00,5,nice,1,18.12.1,True,0.18,positive
2026-07-22 15:23:00,4,it's good 👍,0,18.13.2,True,0.05,positive
2026-07-22 15:20:00,5,good 👍,1,18.12.1,True,0.1,positive
2026-07-22 15:16:00,5,this is a best app for trading website,0,18.13.2,True,0.18,positive
2026-07-22 15:06:00,1,wrost app,0,,True,0.15,unthemed
2026-07-22 15:04:00,5,Nice,0,18.13.2,True,0.18,positive
2026-07-22 14:44:00,5,very good,0,18.13.2,True,0.15,positive
2026-07-22 14:39:00,5,Lagy rhoooo mere LAAL,0,18.13.2,True,0.05,positive
2026-07-22 14:34:00,5,nice,0,18.13.2,True,0.13,positive
2026-07-22 14:22:00,5,nice groww 👍🔥🔥,1,18.13.2,True,0.05,positive
2026-07-22 14:20:00,1,"The worst trading app ever ,",1,18.13.2,True,0.08,unthemed
2026-07-22 14:17:00,5,nice,0,18.13.2,True,0.15,positive
2026-07-22 14:13:00,5,it's good,0,18.13.2,True,0.03,positive
2026-07-22 14:12:00,1,0 Star app 👎👎👎👎,1,18.13.2,True,0.05,unthemed
2026-07-22 14:02:00,4,IPO allotment less through Groww,1,18.13.2,True,0.03,positive
2026-07-22 13:47:00,5,good,0,,True,0.1,positive
2026-07-22 13:43:00,5,best,0,18.13.2,True,0.17,positive
2026-07-22 13:35:00,2,very slow app,1,18.13.2,True,0.12,perf
2026-07-22 13:20:00,5,Best,0,18.13.2,True,0.1,positive
2026-07-22 13:16:00,1,"guys please don't use this app if you are a completely beginner, I lost my money in this",3,18.13.2,True,0.17,unthemed
2026-07-22 13:15:00,5,Expectional and very good,0,18.13.2,True,0.18,positive
2026-07-22 13:14:00,2,this app is India favourite and most downloaded app I start SIP and stock invest in everything,0,18.12.1,True,0.22,money
2026-07-22 13:09:00,5,excellent,0,18.13.2,True,0.1,positive
2026-07-22 13:00:00,5,perfect,0,18.10.1,True,0.07,positive
2026-07-22 12:58:00,5,nice,0,18.12.1,True,0.1,positive
2026-07-22 12:55:00,5,good app,0,18.12.1,True,0.15,positive
2026-07-22 12:55:00,5,very easy and nice work,0,18.13.2,True,0.17,positive
2026-07-22 12:52:00,5,intraday investing option to be removed from main page on stocks,0,18.13.2,True,0.22,positive
2026-07-22 12:48:00,1,price are so deferent your app give me loss many time and I have proofs that to buy other rate but calculate your app is so different examples like tvs moter 3920 call price to but at 7.50 rs but your app calculator give me rs 11754 but એક્ઝેક્ટલી for buy this call only I want 1225 rs can you explain me for this,0,,True,0.08,support
2026-07-22 12:45:00,5,app ban kioara hia,1,18.13.2,True,0.13,positive
2026-07-22 12:41:00,5,good,0,18.13.2,True,0.22,positive
2026-07-22 12:28:00,5,grow,0,18.13.2,True,0.05,positive
2026-07-22 12:24:00,5,good,0,18.13.2,True,0.03,positive
2026-07-22 12:16:00,1,bro fake 🤥 app don't install,0,18.13.2,True,0.17,unthemed
2026-07-22 12:10:00,4,it's good,0,,True,0.08,positive
2026-07-22 11:55:00,4,Good,0,18.13.2,True,0.15,positive
2026-07-22 11:53:00,5,too good,0,18.13.2,True,0.18,positive
2026-07-22 11:53:00,5,Exllent,0,18.11.1,True,0.2,positive
2026-07-22 11:53:00,5,good,0,18.13.2,True,0.2,positive
2026-07-22 11:35:00,5,Good 👍😊,0,18.13.2,True,0.12,positive
2026-07-22 11:33:00,5,"great 👍, Agar brokerage 10 per order ho jaye to dhoom macha dega .",0,18.13.2,True,0.15,positive
2026-07-22 11:33:00,5,good,0,18.11.1,True,0.17,positive
2026-07-22 11:28:00,4,good,0,18.12.1,True,0.05,positive
2026-07-22 11:21:00,4,nice,1,18.12.1,True,0.08,positive
2026-07-22 11:02:00,5,easy to use,0,18.13.2,True,0.03,positive
2026-07-22 11:01:00,5,trusted growing app✅🔥,0,18.13.2,True,0.05,positive
2026-07-22 10:58:00,5,good,0,18.6.1,True,0.1,positive
2026-07-22 10:53:00,5,fantastic,0,18.13.2,True,0.2,positive
2026-07-22 10:50:00,5,Expectional service,0,18.13.2,True,0.05,positive
2026-07-22 10:46:00,5,very nice,0,18.13.2,True,0.12,positive
2026-07-22 10:43:00,5,good,0,18.12.1,True,0.18,positive
2026-07-22 10:33:00,5,मैं जब 2020 में मार्केट में आया तब मेरे साथ groww ही था! तबसे जानता हूं groww को। काफी सुधार आया है। नई नई चीजें एड की गई है। बाकी मेरा विश्वास ग्रो के साथ कायम है। कोई चिंता करने की जरूरत नहीं है।,0,18.9.0,True,0.15,positive
2026-07-22 10:29:00,1,broker charges very high isse acha Angel one hai or Motilal hai,0,18.13.2,True,0.03,charges
2026-07-22 10:25:00,5,good 😊,0,18.12.1,True,0.1,positive
2026-07-22 10:13:00,1,worst investing app ever,0,18.13.2,True,0.03,unthemed
2026-07-22 10:11:00,1,they are not fraud in a way they didn't informed me about DDPI Activation charge,0,18.13.2,True,0.07,charges
2026-07-22 10:10:00,5,nice app,0,18.12.1,True,0.08,positive
2026-07-22 10:00:00,5,⭐⭐⭐⭐⭐,0,18.13.2,True,0.07,positive
2026-07-22 09:59:00,5,good,0,18.13.2,True,0.08,positive
2026-07-22 09:55:00,5,Easy to access,0,18.13.2,True,0.17,positive
2026-07-22 09:48:00,5,good,0,18.13.2,True,0.08,positive
2026-07-22 09:45:00,1,this app is not optimised for tablet. please optimised it.,2,18.13.2,True,0.13,unthemed
2026-07-22 09:40:00,5,super hero 💪💪,0,18.13.2,True,0.03,positive
2026-07-22 09:21:00,5,A good experience in my investment journey.,0,18.13.2,True,0.08,positive
2026-07-22 09:18:00,4,very good,0,,True,0.13,positive
2026-07-22 09:15:00,5,good app,0,18.13.2,True,0.18,positive
2026-07-22 09:13:00,5,mobile app very easy to use and informative,3,18.13.2,True,0.03,positive
2026-07-22 09:12:00,5,good,0,18.10.1,True,0.05,positive
2026-07-22 09:11:00,4,awesome,0,18.13.2,True,0.07,positive
2026-07-22 09:02:00,5,good,0,18.13.2,True,0.03,positive
2026-07-22 08:49:00,5,very good,0,18.13.2,True,0.07,positive
2026-07-22 08:42:00,5,super,0,18.13.2,True,0.18,positive
2026-07-22 08:39:00,5,Excellent App..user friendly,2,18.7.1,True,0.05,positive
2026-07-22 08:11:00,5,nice,0,18.11.1,True,0.07,positive
2026-07-22 08:04:00,5,excellent,0,18.13.2,True,0.18,positive
2026-07-22 07:56:00,5,best investment opportunities,0,18.13.2,True,0.13,positive
2026-07-22 07:52:00,5,very good to the new trader😊,1,18.13.2,True,0.2,positive
2026-07-22 07:50:00,5,nice,0,18.13.2,True,0.05,positive
2026-07-22 07:34:00,5,easy to use ..,0,18.13.2,True,0.13,positive
2026-07-22 07:25:00,5,this is very beautiful,0,18.13.2,True,0.1,positive
2026-07-22 07:20:00,1,please update save indicator template..... and same time to indicators using after chrt lag and not working please update,6,18.13.2,True,0.1,"features,perf"
2026-07-22 06:50:00,5,nice,0,18.13.2,True,0.05,positive
2026-07-22 06:29:00,5,good for safe investment,0,18.12.1,True,0.03,positive
2026-07-22 06:25:00,1,aap ne bahuto ka pesa khaya h or ab mera aapki company me last day h ab me aagye se koi task pura nhi karunga mene ek ek chij aapke hi tarike se ki thi fir bhi aap lead ko success krne ke mood me nhi hote h lgta h pese kha jate h kya or customer care ko call kro to Ai lga diye ho jo bol to deti h 30 min me call aayega lekin koi call nhi aata or glti se call aaye to 1 ring me hi call discontinued ho jata h kya pta aap formality krte ho kya had h,0,18.13.2,True,0.1,support
2026-07-22 05:51:00,5,Best app for MF,0,18.13.2,True,0.03,positive
2026-07-22 05:50:00,5,hello friends 🧡,0,18.13.2,True,0.05,positive
2026-07-22 04:53:00,5,good app,0,18.13.2,True,0.18,positive
2026-07-22 04:42:00,5,simply perfect and smooth as well. Thanks Team GROWW,1,18.12.1,True,0.18,positive
2026-07-22 02:37:00,5,good,0,18.12.1,True,0.08,positive
2026-07-22 00:39:00,5,nice ❤️,0,18.13.2,True,0.05,positive
2026-07-22 00:32:00,5,amazing service,0,18.0.0,True,0.17,positive
2026-07-22 00:06:00,3,Please upgrade the sell time sometimes it delays during huge quantities,2,18.13.2,True,-11136.42,unthemed
